batch_id,batch_date,shift,product_type,product_category,supplier_id,quantity_produced_kg,storage_temperature_celsius,humidity_percent,co2_concentration_ppm,light_exposure_lux,storage_duration_hours,cold_chain_maintained,storage_zone,processing_duration_hours,processing_delay_hours,processing_stages_completed,equipment_used,demand_forecast_kg,inventory_level_kg,delivery_time_days,transport_cost_per_ton_inr,supplier_reliability_score,supply_chain_disruption,extreme_weather_event,order_fulfillment_status,quality_score_percent,composite_risk_score,actual_wastage_kg,wastage_percent,wastage_cost_inr,spoilage_class,wastage_risk_category,recommended_corrective_action
BATCH-00001,2023-09-19,Morning,Lemon,Citrus,SUP-006,1225.22,15.51,71.23,445.6,175.2,57.0,Yes,Zone-A,4.42,0.76,1,Packer-Z,3166.08,1413.5,3.15,4494.73,,0,0,Fulfilled,90.08,2,129.02,10.53,3870.6,Good,Medium,Reduce Storage Temperature
BATCH-00002,2020-09-25,Morning,Mango,Fruits,SUP-011,1431.78,13.01,77.96,986.2,359.2,28.2,No,Zone-A,1.62,0.6,1,Conveyor-A,4449.3,1957.19,4.69,5931.86,76.28,0,0,Fulfilled,,1,207.04,14.46,12422.4,Good,Medium,Restore Cold Chain Immediately
BATCH-00003,2021-09-29,Night,Leafy Greens,Vegetables,SUP-018,469.12,3.81,60.5,1089.1,185.7,45.9,Yes,Zone-A,6.42,1.32,1,Conveyor-B,,923.42,8.19,3691.44,55.58,0,0,Fulfilled,,1,30.59,6.52,458.85,Good,Low,Quality Re-inspection Required
BATCH-00004,2021-07-26,Morning,Pineapple,Fruits,SUP-004,949.68,9.14,74.89,1476.4,303.1,54.5,No,Zone-A,2.17,2.87,3,Sorter-X,757.88,2725.87,8.38,5293.52,98.52,0,0,Cancelled,88.68,1,148.25,15.61,6671.25,Bad,Medium,Restore Cold Chain Immediately
BATCH-00005,2021-08-14,Morning,Lemon,Citrus,SUP-003,1676.66,11.13,85.47,1458.5,323.4,85.3,Yes,Zone-A,6.87,1.16,3,Washer-1,2124.25,884.68,2.05,1794.52,,0,1,Delayed,62.94,2,217.8,12.99,6534.0,Good,Medium,Prioritize Dispatch
BATCH-00006,2020-07-02,Afternoon,Onion,Root Vegetables,SUP-013,1343.98,19.93,77.7,909.6,202.5,56.4,No,Zone-D,9.69,6.06,1,Conveyor-A,3518.73,1948.94,5.75,6449.26,85.0,0,0,Partial,78.03,2,294.87,21.94,6487.14,Bad,High,Restore Cold Chain Immediately
BATCH-00007,2023-04-02,Morning,Orange,Fruits,SUP-009,881.29,5.21,77.0,908.3,256.4,23.4,No,Zone-A,2.94,,1,Conveyor-A,4786.0,2840.77,4.45,7458.57,52.89,0,0,Fulfilled,90.1,3,87.69,9.95,3069.15,Good,Low,Restore Cold Chain Immediately
BATCH-00008,2020-02-22,Night,Lemon,Citrus,SUP-006,1360.39,19.68,62.19,593.3,363.2,9.5,Yes,Zone-B,1.85,0.5,3,Washer-1,4121.08,1262.35,5.92,7206.84,72.18,0,0,Partial,72.01,2,183.52,13.49,5505.6,Good,Medium,Reduce Storage Temperature
BATCH-00009,2022-02-10,Afternoon,Leafy Greens,Vegetables,SUP-012,324.62,8.77,86.01,708.9,238.2,60.9,No,Zone-C,0.73,1.85,5,Sorter-X,1294.65,568.14,6.65,3750.99,94.98,1,0,Fulfilled,56.16,0,71.9,22.15,1078.5,Bad,High,Restore Cold Chain Immediately
BATCH-00010,2022-08-24,Night,Pineapple,Fruits,SUP-002,862.85,5.61,57.48,1510.8,7.0,53.2,Yes,Zone-D,4.1,4.53,6,Packer-Z,1756.44,298.31,3.16,4745.7,88.42,0,0,Partial,78.76,1,75.93,8.8,3416.85,Good,Low,Monitor & Maintain
BATCH-00011,2020-10-29,Morning,Mango,Fruits,SUP-003,1606.94,9.45,54.24,,6.5,65.1,Yes,Zone-C,2.54,2.23,4,Sorter-X,3936.17,2892.75,9.23,3032.42,,0,1,Fulfilled,92.17,2,153.3,9.54,9198.0,Good,Low,Monitor & Maintain
BATCH-00012,2023-08-15,Night,Leafy Greens,Vegetables,SUP-003,518.97,13.05,61.39,1562.4,330.7,45.2,Yes,Zone-C,5.17,2.24,2,Conveyor-A,,2314.73,9.39,3420.36,,0,0,Fulfilled,59.77,2,45.2,8.71,678.0,Good,Low,Quality Re-inspection Required
BATCH-00013,2023-05-09,Night,Leafy Greens,Vegetables,SUP-012,453.33,5.84,74.26,1005.7,423.6,79.6,Yes,Zone-A,5.48,3.28,1,Packer-Z,2962.86,2764.96,1.5,4317.18,58.26,0,0,Fulfilled,56.3,2,47.83,10.55,717.45,Good,Medium,Prioritize Dispatch
BATCH-00014,2021-11-18,Morning,Orange,Fruits,SUP-015,1906.56,7.25,83.78,947.9,392.6,88.5,Yes,Zone-C,3.82,2.21,3,Conveyor-B,3240.41,2126.62,7.18,6000.54,97.81,1,0,Partial,90.6,2,302.38,15.86,10583.3,Bad,Medium,Prioritize Dispatch
BATCH-00015,2021-08-23,Morning,Strawberry,Berries,SUP-009,498.81,17.38,50.94,609.6,155.2,5.8,No,Zone-B,7.62,2.85,1,Washer-1,964.81,1093.1,0.82,1763.9,85.43,1,0,Partial,66.75,2,87.69,17.58,7015.2,Bad,Medium,Restore Cold Chain Immediately
BATCH-00016,2020-12-11,Afternoon,Pineapple,Fruits,SUP-008,595.75,19.98,81.62,1193.8,235.6,71.9,Yes,Zone-A,9.1,,1,Sorter-X,4351.83,456.75,0.94,3947.83,68.71,0,0,Fulfilled,,2,91.15,15.3,4101.75,Bad,Medium,Reduce Storage Temperature
BATCH-00017,2022-12-01,Afternoon,Banana,Fruits,SUP-011,1942.27,7.73,81.58,951.8,117.1,5.3,No,Zone-D,2.51,0.02,1,Packer-Z,4384.1,2794.99,9.6,4893.25,65.9,1,0,Delayed,58.83,2,305.71,15.74,6114.2,Bad,Medium,Restore Cold Chain Immediately
BATCH-00018,2020-07-11,Afternoon,Leafy Greens,Vegetables,SUP-016,1495.95,4.68,71.41,844.8,494.6,43.8,No,Zone-B,8.44,4.34,1,Washer-1,2607.08,1519.9,7.1,2910.21,61.93,0,0,Delayed,59.25,0,257.15,17.19,3857.25,Bad,Medium,Restore Cold Chain Immediately
BATCH-00019,2022-09-20,Morning,Strawberry,Berries,SUP-004,1429.23,16.28,79.23,717.4,130.3,45.4,Yes,Zone-D,1.75,0.48,5,Sorter-X,3320.8,1249.88,3.58,2115.96,89.33,0,0,Partial,82.04,2,129.35,9.05,10348.0,Good,Low,Reduce Storage Temperature
BATCH-00020,2023-05-14,Night,Banana,Fruits,SUP-001,1720.56,12.81,53.18,479.8,208.1,67.4,No,Zone-A,2.67,4.86,2,Conveyor-A,3469.57,1775.6,6.86,4794.92,71.73,0,1,Partial,79.3,3,369.92,21.5,7398.4,Bad,High,Restore Cold Chain Immediately
BATCH-00021,2020-11-29,Night,Pineapple,Fruits,SUP-007,320.06,30.642699884468644,52.63,1023.2,340.6,35.1,No,Zone-A,5.83,,2,Conveyor-A,1353.75,409.02,8.54,5365.68,,0,0,Fulfilled,67.87,0,34.95,10.92,1572.75,Good,Medium,Restore Cold Chain Immediately
BATCH-00022,2023-06-18,Afternoon,Tomato,Vegetables,SUP-002,1441.32,19.04,83.83,775.5,438.0,79.2,Yes,Zone-D,3.41,1.21,3,Conveyor-A,1006.63,996.69,8.77,5384.22,95.26,0,0,Delayed,74.92,0,193.28,13.41,4832.0,Good,Medium,Reduce Storage Temperature
BATCH-00023,2020-02-18,Afternoon,Onion,Root Vegetables,SUP-005,1057.01,3.4,67.42,1249.4,25.7,34.2,Yes,Zone-C,0.9,5.43,5,Conveyor-B,593.03,1949.84,0.69,3731.76,57.51,0,1,Fulfilled,72.08,3,90.06,8.52,1981.32,Good,Low,Expedite Processing
BATCH-00024,2023-08-25,Morning,Strawberry,Berries,SUP-007,1675.39,,56.07,1268.2,150.5,34.2,Yes,Zone-D,3.3,0.23,5,Conveyor-A,4607.97,390.36,8.27,3039.07,,0,0,Fulfilled,85.58,1,141.57,8.45,11325.6,Good,Low,Monitor & Maintain
BATCH-00025,2020-06-21,Night,Potato,Root Vegetables,SUP-004,1065.47,9.63,,798.5,284.5,22.9,Yes,Zone-B,9.1,2.74,2,Conveyor-A,2055.71,492.2,8.61,2940.45,,1,0,Partial,92.93,1,81.4,7.64,1465.2,Good,Low,Activate Backup Supplier
BATCH-00026,2022-07-31,Afternoon,Tomato,Vegetables,SUP-005,1278.46,12.02,85.13,1202.9,309.2,66.3,Yes,Zone-C,2.16,1.0,3,Conveyor-A,886.24,1580.7,6.16,1895.44,62.99,0,0,Fulfilled,88.66,0,149.32,11.68,3733.0,Good,Medium,Monitor & Maintain
BATCH-00027,2020-12-31,Morning,Onion,Root Vegetables,SUP-001,1007.71,5.84,73.45,710.4,35.0,9.2,Yes,Zone-A,7.76,0.05,5,Packer-Z,2596.1,1908.03,5.06,2733.01,79.27,0,0,Delayed,55.19,0,85.25,8.46,1875.5,Good,Low,Quality Re-inspection Required
BATCH-00028,2023-05-06,Afternoon,Orange,Fruits,SUP-001,1008.5,14.39,60.63,1272.6,332.0,36.1,Yes,Zone-B,7.36,5.6,3,Washer-1,840.31,642.3,1.55,6416.1,80.05,0,0,Fulfilled,59.38,2,126.57,12.55,4429.95,Good,Medium,Reduce Storage Temperature
BATCH-00029,2022-01-17,Morning,Lemon,Citrus,SUP-015,1559.14,19.27,66.75,419.3,264.0,27.1,No,Zone-B,1.51,0.25,2,Conveyor-B,883.63,195.95,2.78,1677.73,52.74,0,0,Fulfilled,73.89,0,295.61,18.96,8868.3,Bad,High,Restore Cold Chain Immediately
BATCH-00030,2020-07-16,Night,Mango,Fruits,SUP-020,1294.28,10.25,78.85,581.9,413.8,23.6,Yes,Zone-A,3.63,2.98,1,Sorter-X,2699.98,2879.26,5.16,1914.99,,0,0,Cancelled,92.48,2,60.96,4.71,3657.6,Good,Low,Monitor & Maintain
BATCH-00031,2022-04-13,Morning,Potato,Root Vegetables,SUP-019,1303.2,,48.04,694.0,111.1,7.7,Yes,Zone-C,2.3,0.97,6,Conveyor-B,2789.76,179.73,8.72,2397.98,59.93,0,0,Fulfilled,65.43,2,102.3,7.85,1841.4,Good,Low,Quality Re-inspection Required
BATCH-00032,2021-08-18,Afternoon,Orange,Fruits,SUP-010,955.54,6.32,54.77,1327.5,97.5,19.9,Yes,Zone-A,0.72,3.33,6,Washer-1,3110.64,105.95,8.13,4101.6,53.52,0,0,Fulfilled,93.67,1,60.29,6.31,2110.15,Good,Low,Monitor & Maintain
BATCH-00033,2022-08-23,Afternoon,Pineapple,Fruits,SUP-018,1109.11,18.05,65.82,479.7,396.7,43.9,Yes,Zone-B,2.14,2.77,6,Conveyor-A,3453.4,1037.69,5.21,3599.02,56.24,0,0,Fulfilled,59.84,0,173.35,15.63,7800.75,Bad,Medium,Reduce Storage Temperature
BATCH-00034,2023-07-11,Night,Orange,Fruits,SUP-003,1516.86,19.48,72.19,625.7,351.9,49.4,Yes,Zone-B,2.41,2.01,5,Conveyor-A,3507.2,745.11,7.96,2693.23,61.98,0,1,Delayed,58.19,2,266.97,17.6,9343.95,Bad,Medium,Reduce Storage Temperature
BATCH-00035,2021-08-20,Night,Lemon,Citrus,SUP-011,1669.29,16.15,60.26,830.3,395.8,27.3,Yes,Zone-B,2.08,,3,Sorter-X,2448.49,1763.4,7.77,2304.62,67.28,1,0,Fulfilled,95.19,0,258.07,15.46,7742.1,Bad,Medium,Reduce Storage Temperature
BATCH-00036,2021-02-27,Afternoon,Pineapple,Fruits,SUP-015,1423.47,11.77,58.43,411.0,391.0,63.1,No,Zone-A,1.37,0.21,1,Conveyor-B,3395.9,2693.21,6.0,7114.79,,0,0,Fulfilled,,2,236.72,16.63,10652.4,Bad,Medium,Restore Cold Chain Immediately
BATCH-00037,2020-01-22,Afternoon,Potato,Root Vegetables,SUP-011,1855.74,19.22,46.86,1314.5,52.0,33.6,Yes,Zone-D,5.5,3.2,2,Conveyor-B,1871.33,1495.21,2.59,6954.36,60.9,0,0,Fulfilled,75.41,1,247.74,13.35,4459.32,Good,Medium,Reduce Storage Temperature
BATCH-00038,2022-04-19,Afternoon,Lemon,Citrus,SUP-017,1658.62,4.77,,,139.3,36.5,Yes,Zone-B,3.57,,4,Sorter-X,2485.89,2342.57,3.81,6144.73,83.5,0,1,Delayed,69.34,2,1117.1632246223508,9.2,4577.7,Good,Low,Quality Re-inspection Required
BATCH-00039,2021-08-10,Night,Banana,Fruits,SUP-017,1167.54,,,1480.8,130.0,75.6,Yes,Zone-B,9.13,0.76,6,Conveyor-B,2269.97,2736.76,2.06,3124.25,52.89,0,0,Fulfilled,61.5,1,150.73,12.91,3014.6,Good,Medium,Prioritize Dispatch
BATCH-00040,2021-06-30,Afternoon,Mango,Fruits,SUP-006,1375.67,,68.87,437.2,467.3,53.9,No,Zone-C,2.28,,5,Conveyor-B,1981.0,649.26,0.57,3540.69,82.91,0,0,Fulfilled,82.81,3,230.29,16.74,13817.4,Bad,Medium,Restore Cold Chain Immediately
BATCH-00041,2020-09-24,Night,Potato,Root Vegetables,SUP-005,1859.99,10.85,70.04,725.7,243.7,91.6,Yes,Zone-D,6.23,2.07,5,Conveyor-B,1573.57,1516.1,1.26,5528.56,89.74,0,0,Partial,97.4,1,163.31,8.78,2939.58,Good,Low,Prioritize Dispatch
BATCH-00042,2021-09-19,Afternoon,Banana,Fruits,SUP-008,1276.42,16.44,,1277.5,55.5,35.8,Yes,Zone-C,9.06,2.67,3,Sorter-X,853.07,1962.0,7.72,3354.77,80.24,0,1,Partial,83.96,1,180.87,14.17,3617.4,Good,Medium,Reduce Storage Temperature
BATCH-00043,2023-12-08,Morning,Onion,Root Vegetables,SUP-002,1667.13,14.07,63.44,1210.2,144.8,79.8,No,Zone-B,0.95,0.41,2,Sorter-X,2776.6,1062.46,0.82,4742.92,60.07,0,0,Fulfilled,70.56,1,288.75,17.32,6352.5,Bad,Medium,Restore Cold Chain Immediately
BATCH-00044,2021-03-10,Morning,Potato,Root Vegetables,SUP-016,1408.74,4.28,56.35,691.7,436.0,71.4,Yes,Zone-D,5.4,0.22,6,Washer-1,2917.8,2245.28,4.3,5443.96,66.52,0,0,Delayed,86.32,3,114.95,8.16,2069.1,Good,Low,Monitor & Maintain
BATCH-00045,2022-05-25,Afternoon,Onion,Root Vegetables,SUP-020,1148.68,8.24,63.03,1114.8,423.5,85.7,Yes,Zone-C,4.78,0.22,2,Conveyor-B,,2145.41,9.86,4676.53,90.26,0,0,Fulfilled,61.3,1,164.03,14.28,3608.66,Good,Medium,Prioritize Dispatch
BATCH-00046,2023-02-07,Morning,Pineapple,Fruits,SUP-012,559.49,8.1,51.24,,450.2,91.9,Yes,Zone-A,9.32,0.7,5,Washer-1,4891.3,1321.17,8.05,4061.18,71.6,1,0,Fulfilled,80.52,0,71.11,12.71,3199.95,Good,Medium,Prioritize Dispatch
BATCH-00047,2022-12-29,Night,Banana,Fruits,SUP-006,909.4,12.18,50.19,440.1,194.3,2.7,Yes,Zone-C,6.81,,5,Packer-Z,3006.33,355.07,7.63,3681.26,62.76,0,0,Fulfilled,75.66,0,50.74,5.58,1014.8,Good,Low,Monitor & Maintain
BATCH-00048,2021-04-25,Morning,Mango,Fruits,SUP-001,1938.71,7.25,,1261.2,320.7,10.3,Yes,Zone-D,3.82,,6,Packer-Z,4500.55,133.55,3.11,6178.73,96.63,0,0,Fulfilled,70.84,3,168.28,8.68,10096.8,Good,Low,Monitor & Maintain
BATCH-00049,2022-06-10,Morning,Lemon,Citrus,SUP-004,1349.75,4.11,89.79,702.5,139.1,65.4,Yes,Zone-C,7.26,1.15,6,Conveyor-B,3065.38,1171.11,6.6,5953.58,81.87,0,0,Fulfilled,87.54,3,87.6,6.49,2628.0,Good,Low,Monitor & Maintain
BATCH-00050,2023-06-26,Night,Leafy Greens,Vegetables,SUP-017,1172.35,13.77,59.69,,90.4,38.7,No,Zone-D,6.04,4.47,3,Conveyor-A,1354.62,338.0,5.24,5705.09,90.29,0,0,Fulfilled,60.21,3,198.83,16.96,2982.45,Bad,Medium,Restore Cold Chain Immediately
BATCH-00051,2020-01-23,Morning,Orange,Fruits,SUP-013,1872.62,17.32,87.14,1045.9,11.0,79.0,Yes,Zone-D,3.8,2.53,3,Packer-Z,4885.8,2366.71,6.43,3836.87,51.23,1,0,Fulfilled,,2,305.24,16.3,10683.4,Bad,Medium,Reduce Storage Temperature
BATCH-00052,2021-09-28,Morning,Tomato,Vegetables,SUP-018,1214.37,18.77,62.65,440.1,111.7,3.1,Yes,Zone-C,7.96,,4,Conveyor-A,4484.01,1069.54,4.64,6167.03,66.97,0,0,Partial,92.59,1,87.31,7.19,2182.75,Good,Low,Reduce Storage Temperature
BATCH-00053,2020-11-23,Afternoon,Mango,Fruits,SUP-005,1099.56,19.51,64.76,884.1,302.2,77.9,No,Zone-C,6.85,0.09,1,Washer-1,2620.73,2031.68,5.54,7224.26,72.94,0,1,Partial,63.88,1,282.59,25.7,16955.4,Bad,High,Restore Cold Chain Immediately
BATCH-00054,2021-07-21,Night,Banana,Fruits,SUP-003,1542.69,16.06,80.87,1559.6,452.1,14.7,No,Zone-A,0.55,2.47,3,Conveyor-B,,1104.5,9.89,5662.97,79.37,1,0,Fulfilled,66.64,3,286.94,18.6,5738.8,Bad,High,Restore Cold Chain Immediately
BATCH-00055,2021-08-30,Night,Leafy Greens,Vegetables,SUP-011,1454.06,4.51,49.21,1276.4,66.7,29.3,No,Zone-C,8.72,3.74,1,Washer-1,1502.01,2408.22,3.63,4029.89,59.5,0,0,Fulfilled,84.07,3,121.41,8.35,1821.15,Good,Low,Restore Cold Chain Immediately
BATCH-00056,2022-12-26,Afternoon,Mango,Fruits,SUP-013,467.0,35.046805318006335,53.2,760.6,459.0,93.1,Yes,Zone-D,4.27,2.41,5,Washer-1,4127.09,2676.4,2.56,6287.56,74.9,0,0,Fulfilled,88.99,0,67.76,14.51,4065.6,Good,Medium,Reduce Storage Temperature
BATCH-00057,2020-05-16,Afternoon,Banana,Fruits,SUP-004,995.49,9.2,88.82,1090.3,172.7,6.9,Yes,Zone-B,6.63,2.06,4,Sorter-X,811.03,2528.79,4.76,5200.05,84.28,1,0,Delayed,67.47,0,107.41,10.79,2148.2,Good,Medium,Activate Backup Supplier
BATCH-00058,2022-01-18,Morning,Strawberry,Berries,SUP-014,997.78,15.14,67.77,1118.9,213.4,34.8,No,Zone-C,4.27,0.57,4,Conveyor-B,3371.27,1504.97,5.48,6759.3,,0,0,Partial,,1,176.51,17.69,14120.8,Bad,Medium,Restore Cold Chain Immediately
BATCH-00059,2022-04-03,Morning,Strawberry,Berries,SUP-011,818.63,11.56,46.99,,182.5,9.9,Yes,Zone-C,8.87,1.36,4,Sorter-X,3380.61,343.46,1.31,5803.59,84.57,0,0,Partial,87.56,0,20.06,2.45,1604.8,Good,Low,Monitor & Maintain
BATCH-00060,2021-12-22,Morning,Onion,Root Vegetables,SUP-010,1082.86,16.91,47.13,614.6,204.3,82.2,Yes,Zone-D,6.68,,2,Washer-1,1321.05,1177.96,8.16,6133.24,69.48,1,0,Fulfilled,67.55,0,199.25,18.4,4383.5,Bad,High,Reduce Storage Temperature
BATCH-00061,2022-12-04,Afternoon,Mango,Fruits,SUP-019,884.9,9.66,85.83,1062.1,129.6,68.1,Yes,Zone-B,6.0,0.43,6,Conveyor-A,3672.11,1330.92,4.51,5537.81,73.47,0,0,Fulfilled,84.31,1,75.92,8.58,4555.2,Good,Low,Monitor & Maintain
BATCH-00062,2021-07-14,Night,Strawberry,Berries,SUP-018,478.76,3.11,84.3,883.3,349.3,77.2,Yes,Zone-A,9.81,1.29,6,Conveyor-B,3674.33,2884.74,4.43,2194.64,56.71,1,1,Fulfilled,,3,71.05,14.84,5684.0,Good,Medium,Prioritize Dispatch
BATCH-00063,2023-10-11,Morning,Banana,Fruits,SUP-006,883.5,12.02,65.63,628.0,379.1,51.6,Yes,Zone-B,3.17,0.25,5,Conveyor-B,2075.14,1739.94,6.76,4478.53,82.56,0,0,Fulfilled,73.1,3,63.52,7.19,1270.4,Good,Low,Monitor & Maintain
BATCH-00064,2021-12-04,Afternoon,Onion,Root Vegetables,SUP-015,237.33,5.08,52.34,1327.2,411.6,35.6,No,Zone-D,1.12,1.51,2,Packer-Z,2675.19,1958.45,7.85,1988.21,61.21,1,0,Partial,85.3,1,34.96,14.73,769.12,Good,Medium,Restore Cold Chain Immediately
BATCH-00065,2022-04-13,Night,Banana,Fruits,SUP-010,1193.99,19.38,82.36,986.8,170.6,2.2,Yes,Zone-D,5.4,1.7,2,Conveyor-A,4247.44,2367.81,9.87,4260.26,91.44,0,0,Partial,75.24,3,131.58,11.02,2631.6,Good,Medium,Reduce Storage Temperature
BATCH-00066,2023-04-20,Afternoon,Onion,Root Vegetables,SUP-005,1721.94,11.49,59.61,772.0,382.3,28.1,Yes,Zone-D,4.53,1.53,4,Conveyor-A,2854.19,1747.79,2.15,5822.44,77.67,0,1,Partial,55.85,3,244.69,14.21,5383.18,Good,Medium,Quality Re-inspection Required
BATCH-00067,2021-02-05,Morning,Mango,Fruits,SUP-005,1478.05,11.96,63.86,594.0,318.8,50.4,Yes,Zone-D,4.82,1.27,2,Washer-1,3281.71,1835.61,3.78,4107.49,78.01,0,0,Delayed,72.88,1,163.03,11.03,9781.8,Good,Medium,Monitor & Maintain
BATCH-00068,2020-04-19,Afternoon,Leafy Greens,Vegetables,SUP-010,784.75,18.33,75.71,1133.4,479.0,64.5,Yes,Zone-B,6.39,1.77,5,Washer-1,2357.46,811.45,2.1,1669.47,95.62,0,0,Fulfilled,67.69,2,124.85,15.91,1872.75,Bad,Medium,Reduce Storage Temperature
BATCH-00069,2022-10-30,Afternoon,Lemon,Citrus,SUP-005,265.44,13.24,60.9,1199.5,212.4,23.5,No,Zone-B,6.34,11.49,5,Washer-1,1173.2,270.71,8.87,3805.55,58.37,0,0,Delayed,59.46,3,49.93,18.81,1497.9,Bad,High,Restore Cold Chain Immediately
BATCH-00070,2021-12-06,Afternoon,Potato,Root Vegetables,SUP-003,484.08,7.45,,1203.5,496.2,15.1,No,Zone-B,4.23,1.95,2,Packer-Z,4991.3,2192.02,5.71,2053.68,,0,0,Partial,55.4,1,67.53,13.95,1215.54,Good,Medium,Restore Cold Chain Immediately
BATCH-00071,2023-08-01,Afternoon,Leafy Greens,Vegetables,SUP-006,1136.43,7.33,84.84,664.3,370.2,21.0,Yes,Zone-C,8.7,,6,Conveyor-A,2891.91,2561.19,8.6,6195.27,69.11,1,0,Fulfilled,57.0,2,154.21,13.57,2313.15,Good,Medium,Activate Backup Supplier
BATCH-00072,2023-12-05,Night,Pineapple,Fruits,SUP-004,493.41,11.03,80.88,1114.4,388.1,35.3,No,Zone-D,6.69,0.43,5,Sorter-X,2014.01,1294.8,9.86,6213.6,98.32,0,0,Partial,96.77,0,58.86,11.93,2648.7,Good,Medium,Restore Cold Chain Immediately
BATCH-00073,2021-08-05,Morning,Banana,Fruits,SUP-018,1133.55,17.6,62.17,1486.5,12.9,15.9,Yes,Zone-C,8.95,1.51,6,Conveyor-A,3712.04,1691.85,5.73,6345.06,89.64,1,0,Fulfilled,87.99,3,155.98,13.76,3119.6,Good,Medium,Reduce Storage Temperature
BATCH-00074,2021-08-29,Night,Pineapple,Fruits,SUP-009,540.04,16.31,57.96,823.8,248.7,16.7,Yes,Zone-C,9.17,0.02,1,Sorter-X,3293.7,991.13,1.62,1836.2,87.88,1,0,Fulfilled,96.35,1,50.12,9.28,2255.4,Good,Low,Reduce Storage Temperature
BATCH-00075,2021-08-18,Afternoon,Leafy Greens,Vegetables,SUP-017,1712.96,19.33,57.85,652.9,264.2,6.1,Yes,Zone-C,2.09,0.06,2,Conveyor-B,1548.09,1405.64,3.93,1847.48,60.21,0,0,Fulfilled,60.05,0,193.74,11.31,2906.1,Good,Medium,Reduce Storage Temperature
BATCH-00076,2021-04-18,Afternoon,Onion,Root Vegetables,SUP-013,854.82,3.29,60.69,1326.6,20.3,82.5,No,Zone-A,6.97,0.78,4,Sorter-X,4446.16,705.78,0.84,6909.04,61.87,1,0,Fulfilled,80.1,0,122.92,14.38,2704.24,Good,Medium,Restore Cold Chain Immediately
BATCH-00077,2023-02-15,Morning,Potato,Root Vegetables,SUP-015,566.55,6.83,67.21,612.3,156.1,22.7,Yes,Zone-C,3.52,1.26,4,Conveyor-B,819.06,2303.67,8.57,2378.6,51.46,0,0,Fulfilled,58.66,2,43.11,7.61,775.98,Good,Low,Quality Re-inspection Required
BATCH-00078,2023-01-13,Morning,Potato,Root Vegetables,SUP-020,1643.42,3.44,63.75,704.5,477.8,79.3,Yes,Zone-D,8.45,1.71,5,Washer-1,3225.64,1526.54,0.67,5553.22,81.93,0,0,Fulfilled,56.18,1,146.26,8.9,2632.68,Good,Low,Prioritize Dispatch
BATCH-00079,2021-11-29,Night,Tomato,Vegetables,SUP-017,751.39,,50.99,520.8,213.1,43.2,Yes,Zone-C,7.46,4.38,5,Conveyor-A,2650.5,1686.75,6.13,6281.59,68.54,0,0,Delayed,75.52,2,107.82,14.35,2695.5,Good,Medium,Reduce Storage Temperature
BATCH-00080,2020-03-06,Night,Potato,Root Vegetables,SUP-013,311.83,4.54,52.36,721.4,93.4,61.4,Yes,Zone-D,2.39,31.27391452124972,4,Washer-1,1931.89,207.56,1.51,4262.09,65.6,0,0,Partial,83.44,0,33.24,10.66,598.32,Good,Medium,Monitor & Maintain
BATCH-00081,2021-03-27,Morning,Lemon,Citrus,SUP-016,1183.78,3.8,60.43,892.4,256.7,9.1,Yes,Zone-A,9.42,0.71,1,Conveyor-A,4218.71,1904.96,0.57,4835.0,81.85,1,0,Fulfilled,57.8,3,68.78,5.81,2063.4,Good,Low,Activate Backup Supplier
BATCH-00082,2021-03-02,Night,Potato,Root Vegetables,SUP-004,1204.97,35.40311970618393,70.29,477.0,16.9,56.9,Yes,Zone-B,6.99,2.72,4,Sorter-X,3453.25,687.7,2.93,2981.08,91.43,0,1,Fulfilled,71.06,2,142.67,11.84,2568.06,Good,Medium,Monitor & Maintain
BATCH-00083,2023-03-30,Afternoon,Leafy Greens,Vegetables,SUP-005,1457.92,9.41,71.67,1446.1,258.0,29.3,No,Zone-D,9.51,1.59,2,Conveyor-A,3917.75,1211.84,5.74,7026.12,56.65,0,0,Delayed,58.97,1,244.64,16.78,3669.6,Bad,Medium,Restore Cold Chain Immediately
BATCH-00084,2020-05-07,Afternoon,Tomato,Vegetables,SUP-005,556.42,14.87,66.88,1016.4,297.1,10.9,Yes,Zone-C,2.42,3.02,4,Sorter-X,,1296.88,1.21,3413.46,95.93,0,0,Fulfilled,70.93,1,50.3,9.04,1257.5,Good,Low,Reduce Storage Temperature
BATCH-00085,2023-03-22,Morning,Leafy Greens,Vegetables,SUP-009,943.17,10.77,78.24,1105.7,178.8,87.4,Yes,Zone-D,8.76,,3,Conveyor-A,4740.79,1401.32,6.34,2925.48,51.71,0,0,Fulfilled,75.76,0,111.29,11.8,1669.35,Good,Medium,Prioritize Dispatch
BATCH-00086,2022-09-04,Night,Leafy Greens,Vegetables,SUP-017,636.5,9.66,78.18,,381.3,58.7,No,Zone-C,6.85,0.19,1,Conveyor-B,2051.26,759.57,6.88,4712.59,,0,0,Partial,,1,115.14,18.09,1727.1,Bad,High,Restore Cold Chain Immediately
BATCH-00087,2022-12-05,Afternoon,Orange,Fruits,SUP-013,253.81,,64.24,1203.8,67.9,24.7,Yes,Zone-B,5.75,1.93,1,Sorter-X,2889.7,2565.32,9.71,2766.88,91.91,0,0,Fulfilled,80.35,2,24.8,9.77,868.0,Good,Low,Monitor & Maintain
BATCH-00088,2021-09-23,Morning,Tomato,Vegetables,SUP-002,1765.57,17.69,50.6,918.1,439.1,41.4,No,Zone-D,8.29,1.63,4,Washer-1,4701.43,1340.77,9.05,5649.68,74.64,0,0,Partial,80.72,2,281.78,15.96,7044.5,Bad,Medium,Restore Cold Chain Immediately
BATCH-00089,2022-09-19,Night,Leafy Greens,Vegetables,SUP-013,1484.85,,68.86,,477.7,35.5,No,Zone-C,6.51,6.14,3,Washer-1,874.35,1875.19,5.88,4652.82,96.96,0,0,Fulfilled,69.65,3,288.36,19.42,4325.4,Bad,High,Restore Cold Chain Immediately
BATCH-00090,2022-06-08,Afternoon,Orange,Fruits,SUP-019,672.78,8.0,62.17,1385.7,0.6,67.9,No,Zone-D,6.86,0.35,2,Washer-1,989.65,1880.42,8.04,2518.74,73.08,0,0,Fulfilled,72.14,0,111.14,16.52,3889.9,Bad,Medium,Restore Cold Chain Immediately
BATCH-00091,2023-01-27,Night,Orange,Fruits,SUP-003,1238.81,8.09,51.21,,421.4,59.1,Yes,Zone-B,2.91,2.14,4,Washer-1,4973.84,1860.26,3.95,2050.7,96.31,0,0,Partial,74.41,0,136.64,11.03,4782.4,Good,Medium,Monitor & Maintain
BATCH-00092,2021-10-14,Night,Tomato,Vegetables,SUP-010,482.4,5.54,89.18,989.6,253.1,3.9,Yes,Zone-B,8.26,1.29,2,Conveyor-B,4871.26,1722.02,6.06,2455.7,61.98,0,0,Cancelled,71.53,2,18.57,3.85,464.25,Good,Low,Monitor & Maintain
BATCH-00093,2021-11-21,Night,Pineapple,Fruits,SUP-002,1791.45,17.49,61.64,1338.7,230.7,20.6,Yes,Zone-B,6.68,0.95,3,Conveyor-B,3972.66,2485.61,4.33,2453.79,80.82,1,0,Delayed,88.47,0,204.4,11.41,9198.0,Good,Medium,Reduce Storage Temperature
BATCH-00094,2022-07-28,Morning,Onion,Root Vegetables,SUP-013,318.32,4.64,73.16,,119.3,46.9,Yes,Zone-D,8.52,3.17,4,Packer-Z,2678.85,2456.59,3.7,3477.66,99.72,0,0,Fulfilled,61.16,2,19.74,6.2,434.28,Good,Low,Quality Re-inspection Required
BATCH-00095,2020-06-06,Afternoon,Lemon,Citrus,SUP-019,107.29,18.35,67.06,533.8,223.7,43.9,No,Zone-D,3.84,3.33,4,Packer-Z,2777.27,1309.72,7.41,6501.3,68.8,0,0,Fulfilled,92.71,2,17.3,16.12,519.0,Bad,Medium,Restore Cold Chain Immediately
BATCH-00096,2021-09-28,Morning,Onion,Root Vegetables,SUP-017,1053.82,,51.43,539.6,475.2,50.6,Yes,Zone-C,3.65,2.51,2,Packer-Z,1657.46,1943.95,3.32,1992.88,50.07,0,0,Fulfilled,69.58,3,107.07,10.16,2355.54,Good,Medium,Quality Re-inspection Required
BATCH-00097,2023-11-20,Afternoon,Potato,Root Vegetables,SUP-014,1207.94,18.19,47.5,1538.3,105.4,69.2,Yes,Zone-B,0.73,0.17,4,Packer-Z,2447.29,398.2,4.12,2404.2,53.2,0,0,Partial,86.85,2,162.35,13.44,2922.3,Good,Medium,Reduce Storage Temperature
BATCH-00098,2020-02-24,Afternoon,Lemon,Citrus,SUP-012,1200.03,16.23,73.16,,89.5,66.1,No,Zone-C,7.8,0.85,3,Conveyor-A,2441.07,363.24,3.99,3419.84,92.95,1,0,Fulfilled,,2,258.13,21.51,7743.9,Bad,High,Restore Cold Chain Immediately
BATCH-00099,2021-04-06,Morning,Potato,Root Vegetables,SUP-012,203.57,12.48,56.12,1379.1,120.9,37.0,Yes,Zone-D,3.64,0.1,4,Sorter-X,662.41,1491.76,8.77,4874.87,,1,0,Delayed,94.05,3,22.17,10.89,399.06,Good,Medium,Activate Backup Supplier
BATCH-00100,2021-04-03,Morning,Leafy Greens,Vegetables,SUP-011,696.68,14.05,55.96,696.0,275.9,84.5,Yes,Zone-A,3.61,0.84,5,Washer-1,2539.21,2710.59,2.12,6092.35,76.84,0,1,Fulfilled,74.9,0,105.62,15.16,1584.3,Bad,Medium,Reduce Storage Temperature
BATCH-00101,2022-07-13,Afternoon,Banana,Fruits,SUP-007,1048.48,7.87,,916.9,465.1,7.9,No,Zone-B,7.04,2.09,3,Conveyor-A,2659.07,1985.0,4.12,7012.12,89.97,0,0,Fulfilled,66.29,2,124.45,11.87,2489.0,Good,Medium,Restore Cold Chain Immediately
BATCH-00102,2020-06-03,Afternoon,Tomato,Vegetables,SUP-004,511.5,12.34,65.78,1185.9,286.9,56.9,Yes,Zone-C,2.9,1.46,1,Conveyor-B,3496.02,2040.73,8.93,4054.23,90.58,0,0,Fulfilled,81.65,1,50.84,9.94,1271.0,Good,Low,Monitor & Maintain
BATCH-00103,2022-07-06,Afternoon,Lemon,Citrus,SUP-019,1757.99,7.26,46.32,590.6,121.7,91.3,Yes,Zone-B,9.14,2.43,2,Washer-1,2824.04,557.25,0.65,2274.9,73.87,0,0,Partial,63.09,3,239.79,13.64,7193.7,Good,Medium,Prioritize Dispatch
BATCH-00104,2020-05-18,Night,Lemon,Citrus,SUP-001,265.51,9.24,60.29,,220.2,53.6,Yes,Zone-C,5.61,1.6,6,Sorter-X,4377.57,1414.58,9.5,2900.53,92.9,0,0,Fulfilled,89.79,0,24.77,9.33,743.1,Good,Low,Monitor & Maintain
BATCH-00105,2020-05-18,Afternoon,Leafy Greens,Vegetables,SUP-003,1026.03,15.76,71.3,1227.9,195.2,44.8,No,Zone-C,9.71,1.62,6,Sorter-X,2154.03,1262.29,9.04,3328.91,73.42,0,0,Fulfilled,86.3,3,175.96,17.15,2639.4,Bad,Medium,Restore Cold Chain Immediately
BATCH-00106,2022-11-29,Morning,Pineapple,Fruits,SUP-013,1413.69,6.39,59.79,1051.7,23.3,14.6,Yes,Zone-A,1.23,1.43,3,Conveyor-B,2343.73,2370.64,4.47,6227.23,83.75,1,0,Partial,90.01,2,83.55,5.91,3759.75,Good,Low,Activate Backup Supplier
BATCH-00107,2021-04-18,Morning,Orange,Fruits,SUP-015,597.33,17.1,46.21,1079.1,255.3,78.2,Yes,Zone-D,3.7,0.91,6,Washer-1,3071.67,499.69,6.7,5649.4,51.67,1,1,Fulfilled,74.06,0,110.74,18.54,3875.9,Bad,High,Reduce Storage Temperature
BATCH-00108,2023-11-28,Morning,Leafy Greens,Vegetables,SUP-002,1286.06,8.77,64.99,526.9,63.0,37.1,Yes,Zone-B,4.12,1.18,1,Packer-Z,1412.25,1663.65,9.92,2874.32,56.9,1,0,Fulfilled,79.53,1,110.47,8.59,1657.05,Good,Low,Activate Backup Supplier
BATCH-00109,2020-02-24,Afternoon,Strawberry,Berries,SUP-011,1675.83,11.58,49.77,923.1,421.1,67.9,Yes,Zone-D,7.44,0.24,1,Washer-1,2270.74,2742.92,5.77,6533.11,92.57,0,0,Fulfilled,59.52,3,195.23,11.65,15618.4,Good,Medium,Quality Re-inspection Required
BATCH-00110,2021-10-11,Afternoon,Orange,Fruits,SUP-004,461.64,18.96,72.86,503.9,274.5,20.6,Yes,Zone-C,2.52,3.6,3,Washer-1,3587.75,2688.13,1.42,6651.7,65.66,0,0,Delayed,85.26,1,254.9431279961039,9.07,1465.45,Good,Low,Reduce Storage Temperature
BATCH-00111,2020-06-14,Night,Tomato,Vegetables,SUP-019,1842.72,14.26,72.88,769.4,422.3,5.9,Yes,Zone-D,4.07,4.4,1,Sorter-X,,2571.78,8.61,6786.97,66.74,0,0,Delayed,76.42,3,168.79,9.16,4219.75,Good,Low,Reduce Storage Temperature
BATCH-00112,2021-05-28,Night,Orange,Fruits,SUP-017,1151.76,13.62,,1480.4,478.0,30.7,Yes,Zone-A,9.15,2.91,1,Conveyor-B,4579.77,1187.46,1.77,3257.77,83.15,0,0,Fulfilled,77.41,2,106.54,9.25,3728.9,Good,Low,Monitor & Maintain
BATCH-00113,2023-12-28,Morning,Pineapple,Fruits,SUP-003,668.54,14.81,58.08,1089.4,471.6,28.5,No,Zone-D,1.59,1.75,6,Washer-1,3268.85,2829.19,2.94,2436.97,,1,0,Fulfilled,92.27,3,119.27,17.84,5367.15,Bad,Medium,Restore Cold Chain Immediately
BATCH-00114,2023-07-21,Night,Orange,Fruits,SUP-018,918.63,18.53,63.62,1291.2,50.2,84.1,No,Zone-C,7.58,1.68,5,Conveyor-A,1191.95,2435.37,8.8,2263.99,54.11,1,0,Partial,88.98,1,202.83,22.08,7099.05,Bad,High,Restore Cold Chain Immediately
BATCH-00115,2020-03-11,Night,Tomato,Vegetables,SUP-008,693.16,6.47,69.76,1088.7,472.4,83.3,Yes,Zone-C,7.17,1.27,4,Conveyor-A,2693.5,2568.31,2.93,3984.51,88.29,0,0,Partial,78.55,3,74.17,10.7,1854.25,Good,Medium,Prioritize Dispatch
BATCH-00116,2022-04-02,Morning,Pineapple,Fruits,SUP-019,1477.71,13.04,58.32,633.1,397.9,52.2,No,Zone-A,1.74,0.53,6,Conveyor-B,3941.5,2803.83,7.58,4154.38,80.86,0,0,Fulfilled,70.62,2,214.71,14.53,9661.95,Good,Medium,Restore Cold Chain Immediately
BATCH-00117,2022-08-03,Afternoon,Onion,Root Vegetables,SUP-005,1612.97,9.21,57.95,1113.8,388.8,3.8,Yes,Zone-B,7.04,0.97,6,Packer-Z,3395.05,2817.3,4.75,6704.3,,0,0,Partial,74.64,2,59.52,3.69,1309.44,Good,Low,Monitor & Maintain
BATCH-00118,2020-11-01,Night,Lemon,Citrus,SUP-007,1682.58,2.21,89.24,1306.5,45.1,23.5,No,Zone-A,5.91,9.19,5,Washer-1,4483.69,796.19,7.72,3215.66,76.77,0,1,Partial,,3,260.13,15.46,7803.9,Bad,Medium,Restore Cold Chain Immediately
BATCH-00119,2020-07-30,Afternoon,Lemon,Citrus,SUP-008,1972.96,4.26,46.88,566.1,89.8,62.1,No,Zone-B,3.23,0.32,4,Washer-1,3874.92,470.29,2.71,5302.24,70.72,0,1,Cancelled,,0,331.85,16.82,9955.5,Bad,Medium,Restore Cold Chain Immediately
BATCH-00120,2023-08-13,Morning,Potato,Root Vegetables,SUP-005,1603.44,7.85,89.51,1380.3,487.6,11.5,Yes,Zone-C,3.46,1.56,1,Sorter-X,777.26,2103.54,4.49,6239.52,68.57,1,0,Partial,83.41,2,125.07,7.8,2251.26,Good,Low,Activate Backup Supplier
BATCH-00121,2023-11-15,Morning,Onion,Root Vegetables,SUP-017,1242.63,12.17,47.15,1066.5,106.7,67.9,Yes,Zone-D,8.41,4.03,4,Washer-1,1006.31,1733.32,3.52,3223.78,50.22,0,0,Fulfilled,85.43,3,138.93,11.18,3056.46,Good,Medium,Monitor & Maintain
BATCH-00122,2023-12-19,Night,Onion,Root Vegetables,SUP-005,744.52,17.87,57.98,405.1,84.5,3.1,Yes,Zone-C,2.69,1.21,5,Packer-Z,3423.87,1049.54,2.87,3212.08,51.99,1,0,Partial,97.73,2,82.42,11.07,1813.24,Good,Medium,Reduce Storage Temperature
BATCH-00123,2023-02-27,Morning,Orange,Fruits,SUP-004,1134.73,16.24,67.22,1023.7,181.2,66.2,Yes,Zone-A,5.37,1.86,2,Washer-1,1572.84,2084.9,3.49,5547.79,56.56,0,0,Fulfilled,75.05,2,160.79,14.17,5627.65,Good,Medium,Reduce Storage Temperature
BATCH-00124,2022-08-26,Morning,Lemon,Citrus,SUP-019,178.03,11.96,51.45,874.8,456.7,81.4,Yes,Zone-A,6.97,3.52,2,Washer-1,3145.26,279.79,3.57,5878.85,96.48,0,0,Fulfilled,98.88,2,18.48,10.38,554.4,Good,Medium,Prioritize Dispatch
BATCH-00125,2021-05-19,Morning,Tomato,Vegetables,SUP-002,1515.17,3.33,51.07,755.7,238.1,46.1,Yes,Zone-D,1.73,1.59,4,Sorter-X,4064.98,236.9,9.58,7236.22,94.03,0,0,Fulfilled,63.23,2,116.06,7.66,2901.5,Good,Low,Quality Re-inspection Required
BATCH-00126,2020-09-07,Night,Mango,Fruits,SUP-011,947.32,7.15,56.53,1325.5,460.3,79.9,No,Zone-A,9.36,,2,Conveyor-A,3096.19,1127.5,5.57,6598.16,74.86,1,0,Partial,83.89,2,191.74,20.24,11504.4,Bad,High,Restore Cold Chain Immediately
BATCH-00127,2020-04-25,Night,Mango,Fruits,SUP-013,138.04,8.6,88.81,1479.4,167.2,75.5,No,Zone-C,2.98,0.85,3,Conveyor-A,2369.7,662.16,4.89,6436.12,59.01,0,0,Fulfilled,98.77,2,16.63,12.05,997.8,Good,Medium,Restore Cold Chain Immediately
BATCH-00128,2022-10-09,Night,Pineapple,Fruits,SUP-015,218.76,13.19,62.11,,113.3,65.1,Yes,Zone-D,3.53,2.64,2,Packer-Z,3408.22,2183.81,5.28,5682.35,57.31,1,1,Delayed,83.17,0,40.45,18.49,1820.25,Bad,High,Activate Backup Supplier
BATCH-00129,2023-02-19,Morning,Lemon,Citrus,SUP-012,836.19,3.17,70.47,1416.1,247.6,43.8,Yes,Zone-B,6.83,0.08,4,Conveyor-B,1146.29,2849.26,9.96,2348.41,62.81,0,0,Partial,74.9,0,61.04,7.3,1831.2,Good,Low,Monitor & Maintain
BATCH-00130,2023-04-21,Afternoon,Lemon,Citrus,SUP-011,1208.5,11.54,76.69,1490.5,307.7,27.6,Yes,Zone-A,1.24,0.33,1,Conveyor-B,3754.44,2018.72,6.71,6361.69,,1,1,Fulfilled,77.67,2,142.97,11.83,4289.1,Good,Medium,Activate Backup Supplier
BATCH-00131,2023-08-27,Morning,Mango,Fruits,SUP-007,981.99,18.23,78.4,1495.2,195.7,82.9,No,Zone-B,6.46,2.03,5,Sorter-X,,1998.87,7.18,7094.22,76.07,0,0,Fulfilled,92.2,0,203.08,20.68,12184.8,Bad,High,Restore Cold Chain Immediately
BATCH-00132,2023-07-08,Night,Lemon,Citrus,SUP-005,1276.49,14.7,75.96,537.6,173.0,63.0,Yes,Zone-D,9.2,1.19,2,Washer-1,2814.82,119.13,3.48,3930.07,90.2,0,0,Fulfilled,96.32,2,103.14,8.08,3094.2,Good,Low,Reduce Storage Temperature
BATCH-00133,2023-12-30,Afternoon,Orange,Fruits,SUP-017,1012.56,16.35,60.16,947.7,109.0,77.0,Yes,Zone-A,2.87,3.52,4,Sorter-X,1754.66,1585.6,4.98,3482.38,75.34,0,0,Partial,74.97,2,154.72,15.28,5415.2,Bad,Medium,Reduce Storage Temperature
BATCH-00134,2020-12-22,Afternoon,Strawberry,Berries,SUP-020,1357.24,14.27,,400.3,137.5,53.9,Yes,Zone-D,3.94,0.84,5,Conveyor-A,4089.04,2469.59,2.25,4695.62,80.47,0,0,Fulfilled,88.98,3,165.45,12.19,13236.0,Good,Medium,Reduce Storage Temperature
BATCH-00135,2023-01-19,Night,Banana,Fruits,SUP-009,516.34,5.72,57.68,1007.8,336.6,18.2,Yes,Zone-A,2.71,2.92,3,Packer-Z,2797.48,1996.95,7.01,7217.01,80.51,0,1,Fulfilled,96.08,1,24.47,4.74,489.4,Good,Low,Monitor & Maintain
BATCH-00136,2022-05-06,Afternoon,Onion,Root Vegetables,SUP-014,314.4,3.99,54.46,1509.1,184.9,94.1,No,Zone-A,8.28,0.3,1,Conveyor-B,766.3,760.57,3.77,1955.34,51.57,0,0,Fulfilled,67.41,0,46.03,14.64,1012.66,Good,Medium,Restore Cold Chain Immediately
BATCH-00137,2021-01-16,Afternoon,Potato,Root Vegetables,SUP-012,1233.22,16.93,,638.9,39.9,19.2,Yes,Zone-A,2.09,5.32,6,Washer-1,4633.76,2560.58,7.61,5778.6,72.26,0,0,Partial,76.7,1,155.14,12.58,2792.52,Good,Medium,Reduce Storage Temperature
BATCH-00138,2023-12-04,Night,Pineapple,Fruits,SUP-006,1020.91,14.52,46.1,1167.7,69.1,87.7,No,Zone-D,3.79,1.08,5,Conveyor-B,3954.72,2896.69,2.53,6393.22,,0,1,Fulfilled,98.8,2,194.59,19.06,8756.55,Bad,High,Restore Cold Chain Immediately
BATCH-00139,2023-08-03,Afternoon,Strawberry,Berries,SUP-017,151.05,12.35,87.11,,186.2,21.6,Yes,Zone-D,6.21,0.53,6,Conveyor-A,3131.62,909.08,4.33,6242.63,74.45,0,0,Fulfilled,70.55,3,13.7,9.07,1096.0,Good,Low,Monitor & Maintain
BATCH-00140,2020-07-06,Afternoon,Mango,Fruits,SUP-019,822.92,5.41,86.45,592.4,462.3,37.1,No,Zone-C,4.34,3.11,5,Washer-1,2465.71,700.57,4.98,4952.96,71.77,1,0,Delayed,82.27,2,158.99,19.32,9539.4,Bad,High,Restore Cold Chain Immediately
BATCH-00141,2020-02-08,Night,Onion,Root Vegetables,SUP-019,301.64,12.86,47.27,686.2,189.5,43.4,Yes,Zone-C,1.12,5.91,4,Conveyor-A,4819.55,1081.73,2.08,7008.47,76.33,1,0,Delayed,83.91,2,41.35,13.71,909.7,Good,Medium,Expedite Processing
BATCH-00142,2022-10-01,Afternoon,Lemon,Citrus,SUP-016,1109.58,2.56,52.79,954.4,30.3,88.6,Yes,Zone-D,9.5,5.0,3,Conveyor-B,3987.59,283.16,1.16,2441.58,69.04,1,0,Fulfilled,,3,131.26,11.83,3937.8,Good,Medium,Prioritize Dispatch
BATCH-00143,2022-06-01,Afternoon,Potato,Root Vegetables,SUP-012,851.98,4.14,51.28,625.9,209.0,85.5,Yes,Zone-D,3.71,0.54,2,Conveyor-B,2907.47,2632.95,3.51,3084.32,75.77,0,0,Fulfilled,90.49,3,54.27,6.37,976.86,Good,Low,Prioritize Dispatch
BATCH-00144,2023-09-28,Afternoon,Lemon,Citrus,SUP-012,1264.99,7.61,57.66,1102.0,334.4,79.4,Yes,Zone-A,4.73,2.23,3,Conveyor-A,3439.19,2794.97,5.68,3443.42,56.77,0,0,Fulfilled,73.17,0,139.28,11.01,4178.4,Good,Medium,Prioritize Dispatch
BATCH-00145,2020-12-07,Afternoon,Tomato,Vegetables,SUP-020,1630.64,9.99,54.18,981.5,296.8,37.4,Yes,Zone-C,2.09,1.58,1,Washer-1,1763.38,1936.58,6.7,1710.42,98.4,0,0,Partial,77.01,3,108.27,6.64,2706.75,Good,Low,Monitor & Maintain
BATCH-00146,2020-05-03,Night,Tomato,Vegetables,SUP-006,669.37,4.17,,1023.0,139.4,2.4,Yes,Zone-C,8.72,2.58,6,Conveyor-A,1380.72,2316.57,4.54,3813.59,51.71,0,0,Fulfilled,,0,17.47,2.61,436.75,Good,Low,Monitor & Maintain
BATCH-00147,2021-01-13,Morning,Potato,Root Vegetables,SUP-004,1927.99,4.16,,561.4,344.0,66.1,No,Zone-D,3.27,1.33,2,Washer-1,1729.94,2039.09,5.25,2593.43,74.16,0,0,Fulfilled,73.06,0,304.43,15.79,5479.74,Bad,Medium,Restore Cold Chain Immediately
BATCH-00148,2020-01-28,Morning,Potato,Root Vegetables,SUP-006,1117.71,15.07,54.53,1020.7,315.3,40.6,Yes,Zone-C,0.69,1.27,6,Sorter-X,1819.11,1194.33,5.66,5870.08,60.5,0,0,Fulfilled,69.3,0,156.81,14.03,2822.58,Good,Medium,Reduce Storage Temperature
BATCH-00149,2020-02-22,Afternoon,Mango,Fruits,SUP-011,1274.75,,48.63,459.4,86.1,73.2,Yes,Zone-D,3.51,,3,Sorter-X,3828.82,1932.92,5.36,4070.88,52.92,0,0,Partial,79.04,1,154.5,12.12,9270.0,Good,Medium,Prioritize Dispatch
BATCH-00150,2023-08-28,Night,Potato,Root Vegetables,SUP-001,1393.28,11.61,89.12,1457.8,81.1,76.7,No,Zone-C,9.85,4.1,1,Washer-1,1130.27,2525.33,1.36,5752.91,82.59,0,0,Partial,70.26,1,261.94,18.8,4714.92,Bad,High,Restore Cold Chain Immediately
BATCH-00151,2021-05-28,Night,Orange,Fruits,SUP-015,1366.79,,86.33,811.9,273.6,43.3,Yes,Zone-B,1.9,3.1,5,Conveyor-A,3999.14,2448.73,4.35,3366.13,99.26,0,1,Delayed,74.1,0,137.09,10.03,4798.15,Good,Medium,Monitor & Maintain
BATCH-00152,2021-08-22,Afternoon,Lemon,Citrus,SUP-011,1070.84,19.58,77.25,1427.6,329.7,72.3,Yes,Zone-B,0.8,2.44,5,Washer-1,2855.28,335.07,2.44,2426.44,87.48,0,0,Fulfilled,59.77,0,184.83,17.26,5544.9,Bad,Medium,Reduce Storage Temperature
BATCH-00153,2020-01-27,Morning,Strawberry,Berries,SUP-019,914.65,2.9,,1242.0,481.0,81.0,No,Zone-C,5.99,2.27,6,Conveyor-B,2230.58,1441.54,5.57,2426.86,62.7,0,0,Delayed,92.17,1,152.29,16.65,12183.2,Bad,Medium,Restore Cold Chain Immediately
BATCH-00154,2021-01-29,Afternoon,Leafy Greens,Vegetables,SUP-018,202.19,5.25,53.56,,211.0,89.3,No,Zone-D,4.03,0.12,6,Conveyor-A,1851.78,1252.23,7.7,2840.96,,0,0,Delayed,73.12,0,30.15,14.91,452.25,Good,Medium,Restore Cold Chain Immediately
BATCH-00155,2023-03-20,Night,Potato,Root Vegetables,SUP-017,141.96,13.66,54.97,777.5,382.5,56.8,Yes,Zone-B,8.05,2.77,5,Washer-1,2809.4,2280.83,6.01,2329.4,52.49,0,0,Delayed,58.64,2,18.48,13.02,332.64,Good,Medium,Quality Re-inspection Required
BATCH-00156,2022-06-17,Night,Pineapple,Fruits,SUP-019,780.13,4.45,64.94,673.3,58.3,75.2,No,Zone-A,7.45,2.03,6,Conveyor-B,1928.83,1553.99,2.61,2941.38,76.58,0,1,Fulfilled,89.76,2,126.85,16.26,5708.25,Bad,Medium,Restore Cold Chain Immediately
BATCH-00157,2023-01-05,Morning,Tomato,Vegetables,SUP-014,733.96,12.61,79.57,888.1,444.8,48.5,Yes,Zone-D,2.26,0.72,5,Packer-Z,2432.53,1114.13,2.47,5024.19,54.97,1,0,Fulfilled,55.86,3,104.81,14.28,2620.25,Good,Medium,Activate Backup Supplier
BATCH-00158,2021-10-14,Night,Orange,Fruits,SUP-018,836.62,12.22,56.91,429.1,316.6,5.9,Yes,Zone-B,5.86,3.43,6,Conveyor-B,3825.57,2148.41,0.85,3149.31,89.73,0,0,Cancelled,81.37,0,60.99,7.29,2134.65,Good,Low,Monitor & Maintain
BATCH-00159,2021-03-28,Night,Onion,Root Vegetables,SUP-019,362.9,19.48,58.99,1502.5,314.5,16.6,Yes,Zone-A,0.81,3.57,2,Washer-1,3316.99,1473.38,4.55,3652.52,52.84,0,0,Cancelled,85.92,0,49.21,13.56,1082.62,Good,Medium,Reduce Storage Temperature
BATCH-00160,2021-12-05,Night,Leafy Greens,Vegetables,SUP-015,1502.52,17.9,72.0,864.4,71.2,14.1,Yes,Zone-B,4.68,5.38,6,Conveyor-A,3865.92,844.21,4.61,1966.38,,1,1,Fulfilled,63.41,2,246.56,16.41,3698.4,Bad,Medium,Reduce Storage Temperature
BATCH-00161,2021-04-16,Morning,Strawberry,Berries,SUP-015,1728.23,19.02,55.7,1586.3,19.8,18.1,Yes,Zone-B,7.28,1.08,5,Conveyor-A,3708.38,2682.21,2.75,6843.73,93.08,0,0,Fulfilled,,0,189.93,10.99,15194.4,Good,Medium,Reduce Storage Temperature
BATCH-00162,2023-05-09,Night,Leafy Greens,Vegetables,SUP-004,1883.56,4.04,71.29,1313.7,350.7,3.0,Yes,Zone-A,4.44,1.6,2,Sorter-X,4167.83,427.84,7.76,2462.72,97.13,0,0,Fulfilled,60.01,2,117.72,6.25,1765.8,Good,Low,Quality Re-inspection Required
BATCH-00163,2021-03-10,Afternoon,Potato,Root Vegetables,SUP-007,1035.49,17.63,,496.6,58.5,82.7,Yes,Zone-A,1.62,4.73,2,Washer-1,1407.6,152.45,4.17,3685.75,54.33,0,0,Fulfilled,98.71,2,143.93,13.9,2590.74,Good,Medium,Reduce Storage Temperature
BATCH-00164,2022-08-21,Morning,Mango,Fruits,SUP-013,1431.64,4.32,46.55,1192.2,63.5,54.7,Yes,Zone-C,1.08,0.76,3,Conveyor-B,4978.05,517.34,6.86,3864.77,63.95,0,0,Fulfilled,88.22,0,59.99,4.19,3599.4,Good,Low,Monitor & Maintain
BATCH-00165,2020-07-18,Afternoon,Tomato,Vegetables,SUP-003,1725.55,29.532229946891796,63.12,725.0,93.8,38.0,Yes,Zone-B,8.61,3.19,5,Conveyor-B,2640.97,574.57,6.58,6146.05,,0,1,Fulfilled,68.76,0,240.37,13.93,6009.25,Good,Medium,Quality Re-inspection Required
BATCH-00166,2022-09-29,Afternoon,Tomato,Vegetables,SUP-016,894.75,14.96,86.38,692.5,48.9,40.5,No,Zone-A,8.97,9.65,4,Washer-1,3732.05,1660.32,6.25,4469.38,76.98,0,0,Partial,69.76,2,181.99,20.34,4549.75,Bad,High,Restore Cold Chain Immediately
BATCH-00167,2023-08-26,Morning,Onion,Root Vegetables,SUP-009,687.88,4.9,,707.9,312.7,45.6,Yes,Zone-C,3.76,2.11,6,Conveyor-B,3549.88,1912.11,9.13,3884.98,97.46,0,0,Fulfilled,83.54,0,46.09,6.7,1013.98,Good,Low,Monitor & Maintain
BATCH-00168,2022-06-07,Afternoon,Mango,Fruits,SUP-008,1879.78,13.39,59.53,1499.3,211.0,8.9,No,Zone-A,2.06,8.23,5,Packer-Z,3047.68,1400.97,0.65,5703.03,69.46,0,0,Cancelled,75.14,0,313.92,16.7,18835.2,Bad,Medium,Restore Cold Chain Immediately
BATCH-00169,2022-03-28,Morning,Lemon,Citrus,SUP-020,1079.79,2.94,47.97,1000.0,133.0,27.8,No,Zone-C,9.8,1.45,4,Sorter-X,4981.17,692.1,1.15,5128.66,50.17,0,0,Fulfilled,66.94,1,102.04,9.45,3061.2,Good,Low,Restore Cold Chain Immediately
BATCH-00170,2023-11-04,Afternoon,Banana,Fruits,SUP-013,1044.78,7.28,72.68,1203.4,220.4,82.1,Yes,Zone-C,5.69,0.33,5,Conveyor-A,,483.35,7.36,2113.96,50.99,1,0,Fulfilled,57.51,1,166.96,15.98,3339.2,Bad,Medium,Prioritize Dispatch
BATCH-00171,2022-07-04,Morning,Orange,Fruits,SUP-017,438.99,18.58,83.22,737.1,422.1,71.9,No,Zone-A,5.03,0.39,2,Conveyor-B,,1527.24,3.86,3476.79,78.24,0,0,Delayed,89.49,2,94.34,21.49,3301.9,Bad,High,Restore Cold Chain Immediately
BATCH-00172,2021-01-13,Night,Tomato,Vegetables,SUP-017,305.49,5.09,60.88,1027.5,463.5,55.0,Yes,Zone-A,7.55,2.63,5,Packer-Z,1074.79,1739.9,9.87,7345.71,87.61,0,0,Partial,94.08,2,15.31,5.01,382.75,Good,Low,Monitor & Maintain
BATCH-00173,2021-03-02,Night,Pineapple,Fruits,SUP-017,1700.0,3.17,55.81,820.1,243.7,47.2,No,Zone-B,2.1,0.0,5,Washer-1,1318.26,981.49,2.56,4468.18,89.53,1,0,Fulfilled,64.06,3,307.36,18.08,13831.2,Bad,High,Restore Cold Chain Immediately
BATCH-00174,2022-10-26,Afternoon,Tomato,Vegetables,SUP-001,1266.85,9.99,88.05,,283.4,26.3,Yes,Zone-B,6.01,2.17,5,Conveyor-B,3708.34,739.28,2.24,4124.56,95.58,0,1,Fulfilled,57.79,3,147.71,11.66,3692.75,Good,Medium,Quality Re-inspection Required
BATCH-00175,2022-12-09,Night,Leafy Greens,Vegetables,SUP-008,719.07,17.31,78.53,,128.6,46.3,Yes,Zone-C,8.96,0.33,5,Washer-1,521.79,333.72,6.09,2531.03,61.45,0,0,Fulfilled,60.22,2,63.42,8.82,951.3,Good,Low,Reduce Storage Temperature
BATCH-00176,2021-03-19,Morning,Tomato,Vegetables,SUP-019,464.3,3.38,70.52,890.8,256.8,58.2,Yes,Zone-A,0.72,8.32,3,Packer-Z,4504.19,176.11,3.15,6535.0,86.92,0,0,Partial,73.23,1,49.22,10.6,1230.5,Good,Medium,Expedite Processing
BATCH-00177,2021-05-19,Afternoon,Tomato,Vegetables,SUP-006,1155.44,8.4,58.75,1192.0,374.1,69.0,Yes,Zone-B,6.89,0.36,6,Packer-Z,3349.33,406.64,3.73,2434.52,91.35,0,0,Partial,68.17,2,78.92,6.83,1973.0,Good,Low,Quality Re-inspection Required
BATCH-00178,2023-12-17,Night,Banana,Fruits,SUP-003,1209.45,27.266763693814386,54.94,666.5,246.1,17.7,Yes,Zone-C,5.74,1.61,3,Conveyor-A,2484.07,2252.03,9.25,2270.54,91.81,0,0,Fulfilled,58.23,2,144.29,11.93,2885.8,Good,Medium,Reduce Storage Temperature
BATCH-00179,2020-05-28,Night,Banana,Fruits,SUP-005,493.29,4.13,77.21,1558.5,151.0,78.4,No,Zone-B,9.53,2.21,2,Washer-1,1991.12,1097.65,0.75,4210.59,,0,0,Fulfilled,75.01,1,78.98,16.01,1579.6,Bad,Medium,Restore Cold Chain Immediately
BATCH-00180,2021-08-13,Afternoon,Strawberry,Berries,SUP-013,1717.67,7.59,68.48,549.5,291.0,34.5,Yes,Zone-C,2.96,3.42,2,Sorter-X,1068.23,179.51,5.55,4196.92,81.3,0,0,Fulfilled,63.97,3,170.39,9.92,13631.2,Good,Low,Quality Re-inspection Required
BATCH-00181,2020-04-01,Night,Lemon,Citrus,SUP-015,260.1,,68.43,976.2,473.3,49.3,Yes,Zone-B,8.66,,4,Conveyor-A,4647.03,1573.68,3.68,7362.33,77.58,1,0,Fulfilled,57.95,2,40.21,15.46,1206.3,Bad,Medium,Reduce Storage Temperature
BATCH-00182,2023-04-13,Night,Pineapple,Fruits,SUP-014,776.58,11.78,48.32,502.0,444.0,59.1,Yes,Zone-A,3.44,5.43,2,Washer-1,3705.45,1654.6,3.79,2400.97,79.87,0,0,Fulfilled,83.95,3,97.69,12.58,4396.05,Good,Medium,Expedite Processing
BATCH-00183,2020-05-14,Afternoon,Tomato,Vegetables,SUP-016,1392.73,16.98,68.05,427.2,384.6,47.9,No,Zone-D,4.58,1.31,3,Washer-1,2013.77,1343.2,2.85,4471.04,64.1,0,1,Delayed,80.19,0,296.51,21.29,7412.75,Bad,High,Restore Cold Chain Immediately
BATCH-00184,2022-09-11,Night,Tomato,Vegetables,SUP-018,620.83,4.01,82.02,1507.2,138.1,55.8,Yes,Zone-D,2.53,0.58,2,Packer-Z,819.21,420.98,1.78,2829.24,,1,0,Partial,91.36,1,46.44,7.48,1161.0,Good,Low,Activate Backup Supplier
BATCH-00185,2020-03-23,Night,Orange,Fruits,SUP-011,1672.58,18.57,87.61,1372.5,120.8,12.5,No,Zone-C,8.7,1.8,4,Packer-Z,1965.57,2289.41,0.83,5737.25,85.5,0,0,Fulfilled,68.3,2,287.18,17.17,10051.3,Bad,Medium,Restore Cold Chain Immediately
BATCH-00186,2022-09-09,Night,Banana,Fruits,SUP-003,1505.75,18.83,49.8,1233.0,419.3,42.6,No,Zone-D,2.36,2.15,4,Washer-1,1330.85,2098.34,9.88,3935.7,,0,0,Partial,60.98,2,312.74,20.77,6254.8,Bad,High,Restore Cold Chain Immediately
BATCH-00187,2023-05-15,Night,Pineapple,Fruits,SUP-010,1599.14,4.8,73.4,1438.2,90.7,28.4,Yes,Zone-D,8.66,1.42,3,Packer-Z,,1244.71,6.77,5427.6,72.18,1,0,Fulfilled,70.85,3,118.98,7.44,5354.1,Good,Low,Activate Backup Supplier
BATCH-00188,2021-08-05,Afternoon,Onion,Root Vegetables,SUP-010,326.3,2.61,70.58,1363.4,302.8,10.1,No,Zone-C,4.83,2.64,2,Washer-1,3738.19,1204.36,7.88,3626.17,71.11,0,0,Fulfilled,89.26,0,25.13,7.7,552.86,Good,Low,Restore Cold Chain Immediately
BATCH-00189,2022-02-01,Morning,Strawberry,Berries,SUP-016,367.04,19.82,,1176.7,219.5,20.0,Yes,Zone-D,8.43,1.09,6,Washer-1,2741.72,552.21,1.12,4940.01,,0,0,Partial,65.64,1,51.97,14.16,4157.6,Good,Medium,Reduce Storage Temperature
BATCH-00190,2021-08-09,Morning,Lemon,Citrus,SUP-012,644.3,10.68,,1416.8,234.0,58.6,No,Zone-B,3.01,0.01,4,Conveyor-A,4486.28,2285.29,0.64,4385.69,83.33,0,0,Fulfilled,66.22,0,128.67,19.97,3860.1,Bad,High,Restore Cold Chain Immediately
BATCH-00191,2021-03-14,Night,Mango,Fruits,SUP-002,1084.35,,88.44,869.0,227.3,20.5,Yes,Zone-B,1.76,0.61,2,Conveyor-A,1313.06,1838.76,6.2,3835.06,73.81,1,1,Fulfilled,61.49,0,167.42,15.44,10045.2,Bad,Medium,Activate Backup Supplier
BATCH-00192,2023-03-18,Night,Lemon,Citrus,SUP-009,1521.23,33.747221151330386,88.2,1063.3,450.0,19.0,No,Zone-B,5.77,5.83,2,Sorter-X,,348.8,7.38,4783.02,82.63,0,0,Fulfilled,98.41,2,228.03,14.99,6840.9,Good,Medium,Restore Cold Chain Immediately
BATCH-00193,2021-02-01,Morning,Leafy Greens,Vegetables,SUP-003,1689.41,16.21,55.16,1331.6,43.5,54.0,Yes,Zone-A,5.34,2.88,6,Conveyor-A,3697.79,1196.38,4.25,3889.87,63.14,0,0,Partial,97.56,3,233.14,13.8,3497.1,Good,Medium,Reduce Storage Temperature
BATCH-00194,2022-11-21,Night,Tomato,Vegetables,SUP-015,1438.24,16.62,77.64,501.8,391.5,87.0,Yes,Zone-B,3.89,0.42,3,Conveyor-B,805.11,2720.33,4.18,6342.97,61.62,0,0,Partial,83.95,3,174.6,12.14,4365.0,Good,Medium,Reduce Storage Temperature
BATCH-00195,2020-10-28,Morning,Strawberry,Berries,SUP-003,1864.33,5.49,68.87,1430.4,417.5,76.1,Yes,Zone-D,6.8,0.14,3,Conveyor-B,2177.05,1411.89,4.15,4537.33,62.0,0,0,Partial,,2,179.91,9.65,14392.8,Good,Low,Prioritize Dispatch
BATCH-00196,2020-12-30,Afternoon,Leafy Greens,Vegetables,SUP-019,1503.61,6.26,54.66,588.2,471.4,87.1,Yes,Zone-D,1.4,0.86,2,Packer-Z,3072.49,1042.29,1.95,6907.17,51.47,0,0,Fulfilled,,2,149.31,9.93,2239.65,Good,Low,Prioritize Dispatch
BATCH-00197,2021-05-06,Afternoon,Pineapple,Fruits,SUP-018,681.91,17.78,53.77,1437.4,226.3,56.8,Yes,Zone-B,6.41,,5,Conveyor-B,2150.62,1966.97,7.66,2954.49,84.55,0,0,Partial,80.69,0,85.1,12.48,3829.5,Good,Medium,Reduce Storage Temperature
BATCH-00198,2022-05-10,Afternoon,Mango,Fruits,SUP-008,603.65,16.75,48.65,773.6,250.0,40.5,Yes,Zone-A,2.51,0.22,5,Conveyor-A,2660.9,688.62,2.54,2311.44,99.29,0,0,Partial,87.98,3,46.96,7.78,2817.6,Good,Low,Reduce Storage Temperature
BATCH-00199,2021-10-25,Afternoon,Banana,Fruits,SUP-017,1422.77,13.12,80.8,792.1,480.6,70.6,No,Zone-B,1.73,1.57,1,Sorter-X,3236.53,1619.03,3.58,3873.42,65.45,0,1,Partial,92.86,1,282.42,19.85,5648.4,Bad,High,Restore Cold Chain Immediately
BATCH-00200,2022-12-23,Afternoon,Strawberry,Berries,SUP-008,466.45,19.9,59.6,488.7,229.2,26.6,Yes,Zone-A,9.14,,1,Washer-1,2157.76,2041.62,6.88,2727.06,96.49,0,0,Partial,69.01,2,65.58,14.06,5246.4,Good,Medium,Reduce Storage Temperature
BATCH-00201,2020-11-07,Afternoon,Strawberry,Berries,SUP-007,276.16,15.23,83.56,1463.1,251.8,9.3,Yes,Zone-A,4.87,2.59,1,Sorter-X,977.06,2579.15,0.5,3944.02,,0,0,Delayed,95.2,0,25.38,9.19,2030.4,Good,Low,Reduce Storage Temperature
BATCH-00202,2020-01-16,Morning,Tomato,Vegetables,SUP-007,1111.22,5.89,72.37,609.4,166.1,34.4,Yes,Zone-B,7.75,0.0,3,Conveyor-A,1127.5,2108.26,7.78,2865.06,61.25,0,0,Fulfilled,94.54,3,62.9,5.66,1572.5,Good,Low,Monitor & Maintain
BATCH-00203,2023-02-07,Night,Potato,Root Vegetables,SUP-003,1661.12,17.24,75.31,1156.1,15.8,30.1,Yes,Zone-A,1.35,0.65,2,Conveyor-A,2871.52,1214.79,9.04,6704.34,50.59,0,0,Fulfilled,,2,181.23,10.91,3262.14,Good,Medium,Reduce Storage Temperature
BATCH-00204,2023-04-14,Morning,Strawberry,Berries,SUP-001,292.62,9.47,58.13,1172.8,216.5,65.5,No,Zone-D,1.05,2.27,6,Conveyor-A,1286.33,2326.62,0.99,4959.53,86.19,1,0,Partial,,0,55.19,18.86,4415.2,Bad,High,Restore Cold Chain Immediately
BATCH-00205,2020-03-27,Afternoon,Orange,Fruits,SUP-004,1604.59,2.65,65.58,,327.5,53.8,Yes,Zone-B,5.2,1.58,6,Packer-Z,4504.25,2705.36,6.12,4550.99,84.83,0,0,Fulfilled,73.09,3,112.64,7.02,3942.4,Good,Low,Monitor & Maintain
BATCH-00206,2022-06-10,Night,Mango,Fruits,SUP-005,1641.99,,63.55,1582.8,345.0,15.0,Yes,Zone-D,3.5,3.02,4,Conveyor-B,4253.84,1485.51,4.38,6236.8,61.46,0,0,Delayed,83.82,1,128.4,7.82,7704.0,Good,Low,Monitor & Maintain
BATCH-00207,2021-07-06,Night,Mango,Fruits,SUP-001,1016.32,15.74,55.61,477.0,3.3,87.4,Yes,Zone-A,0.55,0.34,2,Conveyor-A,2070.64,113.05,1.25,2417.43,66.64,0,0,Fulfilled,,0,142.08,13.98,8524.8,Good,Medium,Reduce Storage Temperature
BATCH-00208,2023-03-05,Afternoon,Orange,Fruits,SUP-015,208.89,19.28,82.46,1129.4,400.5,57.8,Yes,Zone-C,2.24,,2,Washer-1,4239.44,2654.66,6.98,6639.26,,0,0,Fulfilled,69.2,1,30.83,14.76,1079.05,Good,Medium,Reduce Storage Temperature
BATCH-00209,2023-06-30,Afternoon,Onion,Root Vegetables,SUP-005,431.72,6.97,,,246.2,45.0,No,Zone-B,2.58,,1,Conveyor-B,2899.35,579.78,6.32,4468.0,57.86,1,0,Cancelled,69.2,0,75.29,17.44,1656.38,Bad,Medium,Restore Cold Chain Immediately
BATCH-00210,2023-05-27,Afternoon,Orange,Fruits,SUP-013,1444.11,6.44,46.68,694.6,260.4,90.1,Yes,Zone-C,3.24,2.04,2,Conveyor-B,,466.34,6.61,2452.68,91.77,0,0,Fulfilled,83.67,1,152.21,10.54,5327.35,Good,Medium,Prioritize Dispatch
BATCH-00211,2023-02-08,Afternoon,Orange,Fruits,SUP-008,1452.38,12.15,81.9,596.3,480.9,11.1,No,Zone-C,8.84,0.28,6,Packer-Z,3263.95,992.27,8.23,6420.78,58.46,0,0,Fulfilled,97.09,3,145.09,9.99,5078.15,Good,Low,Restore Cold Chain Immediately
BATCH-00212,2021-01-27,Afternoon,Mango,Fruits,SUP-008,1806.88,16.61,49.77,1284.5,142.2,76.2,Yes,Zone-C,4.5,,1,Sorter-X,,1201.95,3.23,4337.1,74.09,0,0,Fulfilled,63.87,1,301.39,16.68,18083.4,Bad,Medium,Reduce Storage Temperature
BATCH-00213,2023-03-31,Afternoon,Lemon,Citrus,SUP-005,1207.1,,63.17,1499.6,380.8,36.3,No,Zone-C,6.95,0.8,2,Conveyor-B,877.51,2418.19,6.93,5172.73,74.95,1,0,Delayed,72.27,1,229.71,19.03,6891.3,Bad,High,Restore Cold Chain Immediately
BATCH-00214,2022-02-17,Night,Mango,Fruits,SUP-009,335.8,12.08,70.71,529.1,287.4,67.4,No,Zone-D,0.67,1.03,4,Conveyor-B,1915.04,1228.63,7.56,6851.87,73.6,0,0,Fulfilled,,1,53.93,16.06,3235.8,Bad,Medium,Restore Cold Chain Immediately
BATCH-00215,2020-03-18,Afternoon,Potato,Root Vegetables,SUP-001,330.69,13.37,45.34,632.8,350.4,89.5,Yes,Zone-B,8.23,1.38,5,Conveyor-A,,241.58,2.1,6834.92,64.4,0,0,Fulfilled,60.41,3,44.01,13.31,792.18,Good,Medium,Prioritize Dispatch
BATCH-00216,2021-10-29,Afternoon,Tomato,Vegetables,SUP-004,1470.15,6.36,74.38,,208.9,50.7,No,Zone-D,2.78,1.74,5,Washer-1,,1944.29,9.59,6847.28,62.67,0,0,Delayed,98.74,2,170.68,11.61,4267.0,Good,Medium,Restore Cold Chain Immediately
BATCH-00217,2023-10-07,Night,Leafy Greens,Vegetables,SUP-003,449.19,9.79,74.69,418.0,139.6,4.1,Yes,Zone-A,3.44,1.27,3,Conveyor-A,2009.5,2046.54,3.73,4082.29,,0,0,Fulfilled,84.84,2,28.66,6.38,429.9,Good,Low,Monitor & Maintain
BATCH-00218,2023-07-20,Morning,Lemon,Citrus,SUP-002,723.93,6.6,74.36,1009.9,273.1,4.7,Yes,Zone-B,0.93,0.09,4,Washer-1,3335.94,2461.24,7.28,6015.21,63.78,0,0,Partial,95.08,0,23.74,3.28,712.2,Good,Low,Monitor & Maintain
BATCH-00219,2020-05-29,Afternoon,Banana,Fruits,SUP-008,1025.7,17.92,52.36,1019.3,187.5,33.1,Yes,Zone-B,4.39,0.84,6,Conveyor-B,1395.69,1256.71,7.66,3015.3,80.5,1,0,Fulfilled,91.87,2,127.19,12.4,2543.8,Good,Medium,Reduce Storage Temperature
BATCH-00220,2022-12-22,Night,Leafy Greens,Vegetables,SUP-009,147.05,4.03,56.51,715.8,111.5,75.5,Yes,Zone-D,8.6,0.13,2,Washer-1,635.41,349.61,5.29,6489.14,92.33,0,0,Fulfilled,89.19,1,8.23,5.6,123.45,Good,Low,Prioritize Dispatch
BATCH-00221,2023-03-22,Night,Tomato,Vegetables,SUP-002,572.76,14.24,56.13,1195.6,419.6,29.1,Yes,Zone-A,4.1,,4,Conveyor-A,1920.36,1703.88,1.72,3645.41,91.85,0,0,Delayed,56.45,3,66.55,11.62,1663.75,Good,Medium,Reduce Storage Temperature
BATCH-00222,2021-01-31,Morning,Potato,Root Vegetables,SUP-014,874.99,6.69,88.2,1533.9,237.9,33.4,Yes,Zone-C,9.13,0.19,2,Conveyor-A,4215.29,450.89,3.12,4355.33,,0,0,Fulfilled,72.89,2,72.45,8.28,1304.1,Good,Low,Monitor & Maintain
BATCH-00223,2021-11-19,Afternoon,Potato,Root Vegetables,SUP-014,631.31,10.56,,940.3,423.7,75.7,No,Zone-A,8.74,0.34,4,Sorter-X,,149.52,2.73,6838.99,82.74,1,0,Fulfilled,63.88,3,145.39,23.03,2617.02,Bad,High,Restore Cold Chain Immediately
BATCH-00224,2022-11-04,Afternoon,Banana,Fruits,SUP-004,359.1,7.39,64.29,1299.3,237.0,12.9,No,Zone-D,1.09,3.35,4,Packer-Z,,2357.89,5.43,6341.35,,0,1,Partial,93.34,1,58.03,16.16,1160.6,Bad,Medium,Restore Cold Chain Immediately
BATCH-00225,2021-10-03,Afternoon,Lemon,Citrus,SUP-006,1483.22,7.82,84.21,1175.3,278.4,81.6,Yes,Zone-D,3.4,1.98,5,Sorter-X,2610.62,1269.89,2.98,7194.09,64.1,1,0,Fulfilled,84.93,2,174.57,11.77,5237.1,Good,Medium,Prioritize Dispatch
BATCH-00226,2020-06-13,Night,Onion,Root Vegetables,SUP-011,1644.98,6.69,79.63,967.5,497.6,27.0,Yes,Zone-D,9.15,1.41,4,Conveyor-B,3883.05,1622.51,5.69,3771.78,69.57,0,0,Partial,59.71,0,111.2,6.76,2446.4,Good,Low,Quality Re-inspection Required
BATCH-00227,2022-10-27,Afternoon,Orange,Fruits,SUP-003,589.21,15.55,82.01,459.8,475.8,6.8,No,Zone-C,0.78,2.64,3,Washer-1,2660.11,2022.26,3.24,2537.81,64.26,0,0,Fulfilled,70.82,0,93.8,15.92,3283.0,Bad,Medium,Restore Cold Chain Immediately
BATCH-00228,2023-08-23,Afternoon,Lemon,Citrus,SUP-008,1571.4,8.58,88.75,,135.8,13.0,No,Zone-B,7.78,6.5,2,Conveyor-A,910.77,1262.98,0.51,6949.48,76.85,0,0,Partial,58.05,1,248.28,15.8,7448.4,Bad,Medium,Restore Cold Chain Immediately
BATCH-00229,2022-08-10,Afternoon,Onion,Root Vegetables,SUP-003,832.55,,62.43,835.9,434.3,91.5,Yes,Zone-A,9.11,1.08,1,Conveyor-A,,248.28,3.95,4525.23,90.18,0,1,Fulfilled,87.56,3,497.4273218738325,12.92,2366.54,Good,Medium,Reduce Storage Temperature
BATCH-00230,2023-02-03,Afternoon,Potato,Root Vegetables,SUP-014,1062.7,10.21,58.93,669.4,195.2,44.4,Yes,Zone-A,7.82,,4,Conveyor-A,1345.54,832.96,6.27,6827.42,93.88,0,0,Delayed,73.41,1,110.73,10.42,1993.14,Good,Medium,Monitor & Maintain
BATCH-00231,2021-06-07,Morning,Mango,Fruits,SUP-013,1726.4,11.85,46.38,1537.9,35.6,26.1,No,Zone-C,7.57,7.61,1,Conveyor-A,2785.38,663.59,7.85,5913.35,86.14,0,0,Partial,65.31,2,292.97,16.97,17578.2,Bad,Medium,Restore Cold Chain Immediately
BATCH-00232,2020-09-24,Morning,Tomato,Vegetables,SUP-013,1524.91,11.78,51.75,1328.2,287.9,51.0,No,Zone-D,8.51,2.95,5,Conveyor-B,,2934.44,0.77,6742.6,,0,0,Partial,77.78,3,239.72,15.72,5993.0,Bad,Medium,Restore Cold Chain Immediately
BATCH-00233,2022-07-27,Morning,Banana,Fruits,SUP-002,1629.72,19.57,70.29,1554.7,488.5,66.1,Yes,Zone-A,6.83,3.0,1,Packer-Z,1776.27,2244.57,2.95,5463.94,97.9,0,0,Fulfilled,56.85,3,287.16,17.62,5743.2,Bad,Medium,Reduce Storage Temperature
BATCH-00234,2021-04-23,Afternoon,Tomato,Vegetables,SUP-013,360.01,8.61,52.09,707.5,487.2,32.0,No,Zone-B,4.52,1.83,3,Sorter-X,3232.38,1409.49,9.86,6379.88,78.19,0,0,Fulfilled,66.32,3,46.33,12.87,1158.25,Good,Medium,Restore Cold Chain Immediately
BATCH-00235,2023-06-09,Afternoon,Pineapple,Fruits,SUP-019,232.47,5.74,78.13,1403.0,63.2,70.2,Yes,Zone-A,1.1,1.41,3,Sorter-X,,283.77,2.99,2359.15,73.93,0,0,Delayed,62.71,3,22.2,9.55,999.0,Good,Low,Quality Re-inspection Required
BATCH-00236,2020-06-28,Night,Pineapple,Fruits,SUP-006,1797.47,18.41,46.68,1129.3,385.6,25.7,No,Zone-D,7.99,1.6,5,Conveyor-A,3684.7,435.97,7.88,7285.79,92.84,0,0,Delayed,95.95,2,305.75,17.01,13758.75,Bad,Medium,Restore Cold Chain Immediately
BATCH-00237,2021-09-24,Night,Lemon,Citrus,SUP-016,836.89,5.15,56.68,1577.8,401.4,12.6,Yes,Zone-A,9.1,2.11,6,Conveyor-A,2260.5,2457.41,5.34,2711.49,59.23,0,0,Fulfilled,71.59,3,47.12,5.63,1413.6,Good,Low,Monitor & Maintain
BATCH-00238,2021-08-02,Night,Potato,Root Vegetables,SUP-002,646.97,17.02,,1535.6,184.4,53.7,Yes,Zone-D,5.36,0.95,3,Washer-1,4906.66,2841.8,1.66,1802.36,,1,0,Partial,80.72,3,105.13,16.25,1892.34,Bad,Medium,Reduce Storage Temperature
BATCH-00239,2023-10-01,Afternoon,Potato,Root Vegetables,SUP-008,1476.92,4.7,56.5,1567.6,329.3,16.2,Yes,Zone-B,5.56,,2,Conveyor-A,4844.1,190.92,6.61,4743.99,89.13,0,0,Fulfilled,77.13,1,102.5,6.94,1845.0,Good,Low,Monitor & Maintain
BATCH-00240,2020-08-11,Morning,Orange,Fruits,SUP-017,1689.19,13.86,77.79,1542.1,244.1,90.4,No,Zone-C,4.33,4.8,6,Sorter-X,,2740.15,9.68,5796.21,93.53,0,0,Fulfilled,84.01,0,340.2,20.14,11907.0,Bad,High,Restore Cold Chain Immediately
BATCH-00241,2020-01-15,Morning,Orange,Fruits,SUP-002,1738.73,4.71,,,113.9,2.0,Yes,Zone-D,8.64,1.69,3,Washer-1,4794.76,1203.63,8.92,5822.39,53.64,0,0,Delayed,67.28,3,17.39,1.0,608.65,Good,Low,Quality Re-inspection Required
BATCH-00242,2020-12-13,Morning,Orange,Fruits,SUP-010,700.39,18.62,80.87,1289.3,380.6,73.0,No,Zone-D,0.64,0.96,6,Washer-1,,719.53,7.06,3630.94,88.2,0,0,Delayed,60.31,0,476.78366862201614,23.7,5809.65,Bad,High,Restore Cold Chain Immediately
BATCH-00243,2023-04-12,Afternoon,Mango,Fruits,SUP-016,1719.2,12.17,60.38,726.3,131.4,28.3,Yes,Zone-A,6.43,2.38,4,Conveyor-A,3879.15,396.47,5.37,6039.76,71.22,0,0,Fulfilled,,3,186.53,10.85,11191.8,Good,Medium,Quality Re-inspection Required
BATCH-00244,2020-11-01,Morning,Leafy Greens,Vegetables,SUP-006,177.77,,85.53,1246.0,170.2,81.5,No,Zone-C,9.12,0.4,3,Washer-1,1947.46,2338.07,3.53,6555.27,85.19,0,1,Fulfilled,63.51,3,36.12,20.32,541.8,Bad,High,Restore Cold Chain Immediately
BATCH-00245,2020-12-17,Night,Strawberry,Berries,SUP-002,194.36,4.53,47.3,1576.7,95.0,7.7,Yes,Zone-D,1.48,6.92,6,Packer-Z,3763.82,1459.84,3.89,5204.17,56.75,0,0,Fulfilled,76.24,1,16.6,8.54,1328.0,Good,Low,Expedite Processing
BATCH-00246,2020-07-08,Night,Leafy Greens,Vegetables,SUP-002,1284.69,8.68,77.63,447.2,359.6,91.6,Yes,Zone-A,9.61,2.15,2,Conveyor-A,2182.52,2514.03,3.79,3902.61,,1,0,Fulfilled,65.39,0,165.6,12.89,2484.0,Good,Medium,Prioritize Dispatch
BATCH-00247,2022-11-10,Morning,Tomato,Vegetables,SUP-013,219.9,14.69,46.05,1080.4,229.4,11.5,Yes,Zone-B,9.69,0.14,5,Packer-Z,1802.39,755.86,9.26,5224.87,94.06,0,1,Fulfilled,74.1,1,23.55,10.71,588.75,Good,Medium,Reduce Storage Temperature
BATCH-00248,2020-04-10,Night,Leafy Greens,Vegetables,SUP-015,716.76,8.93,52.85,1281.9,221.7,76.1,Yes,Zone-C,9.33,1.51,3,Conveyor-A,4814.58,2067.85,2.51,6669.56,70.3,0,0,Fulfilled,56.29,2,104.93,14.64,1573.95,Good,Medium,Prioritize Dispatch
BATCH-00249,2021-04-28,Morning,Mango,Fruits,SUP-002,1378.24,6.43,89.44,704.0,302.3,50.6,No,Zone-A,4.89,2.78,2,Packer-Z,1444.48,442.55,4.09,6891.74,94.67,0,0,Fulfilled,,0,185.79,13.48,11147.4,Good,Medium,Restore Cold Chain Immediately
BATCH-00250,2021-02-16,Morning,Tomato,Vegetables,SUP-007,740.81,12.39,,670.1,78.6,42.5,Yes,Zone-C,4.14,0.65,4,Conveyor-A,3913.56,360.28,4.6,1843.11,94.75,0,0,Fulfilled,93.64,0,70.82,9.56,1770.5,Good,Low,Monitor & Maintain
BATCH-00251,2022-03-21,Night,Leafy Greens,Vegetables,SUP-003,441.24,9.52,81.92,472.4,449.1,28.3,Yes,Zone-D,7.21,0.1,1,Sorter-X,3536.02,486.86,4.38,2371.14,73.06,0,0,Delayed,57.09,1,32.3,7.32,484.5,Good,Low,Quality Re-inspection Required
BATCH-00252,2022-12-02,Night,Mango,Fruits,SUP-008,634.57,4.98,61.92,512.7,232.6,81.1,Yes,Zone-A,3.53,1.34,1,Conveyor-A,1865.65,2445.81,0.54,1686.23,97.34,0,0,Fulfilled,64.59,3,68.47,10.79,4108.2,Good,Medium,Prioritize Dispatch
BATCH-00253,2022-02-16,Night,Strawberry,Berries,SUP-014,969.39,,82.8,1188.1,183.3,20.8,Yes,Zone-B,1.15,3.59,5,Sorter-X,,2001.3,3.07,4521.09,98.84,0,0,Fulfilled,68.98,3,47.02,4.85,3761.6,Good,Low,Quality Re-inspection Required
BATCH-00254,2023-09-21,Night,Leafy Greens,Vegetables,SUP-007,1003.23,14.73,88.44,1006.3,63.3,69.8,Yes,Zone-B,9.06,0.58,5,Conveyor-B,,581.3,5.24,4195.43,60.86,0,0,Partial,67.64,2,145.27,14.48,2179.05,Good,Medium,Reduce Storage Temperature
BATCH-00255,2023-10-21,Morning,Mango,Fruits,SUP-007,1587.7,19.54,64.6,436.1,84.0,43.9,Yes,Zone-A,6.53,2.52,1,Conveyor-B,4645.44,1215.84,7.72,4831.11,53.33,0,0,Cancelled,56.78,3,233.55,14.71,14013.0,Good,Medium,Reduce Storage Temperature
BATCH-00256,2021-06-11,Night,Orange,Fruits,SUP-001,1525.29,6.2,70.17,1563.6,460.2,95.9,Yes,Zone-A,2.47,1.05,1,Conveyor-A,4856.54,2314.69,5.91,5631.99,66.56,1,0,Fulfilled,59.69,0,259.45,17.01,9080.75,Bad,Medium,Prioritize Dispatch
BATCH-00257,2023-02-09,Night,Potato,Root Vegetables,SUP-017,967.95,15.92,73.29,1187.3,228.3,59.5,Yes,Zone-C,0.67,0.12,5,Sorter-X,3796.08,928.46,4.16,3785.2,74.44,0,0,Partial,95.15,0,121.77,12.58,2191.86,Good,Medium,Reduce Storage Temperature
BATCH-00258,2022-12-14,Afternoon,Orange,Fruits,SUP-009,1706.77,3.58,87.07,,361.1,11.8,Yes,Zone-A,7.37,0.72,1,Sorter-X,4322.39,2771.66,6.82,2871.83,54.63,1,0,Delayed,86.3,2,86.02,5.04,3010.7,Good,Low,Activate Backup Supplier
BATCH-00259,2023-07-27,Night,Potato,Root Vegetables,SUP-013,317.05,8.87,56.55,727.3,40.3,41.4,Yes,Zone-C,8.6,0.75,3,Washer-1,871.78,2752.35,6.83,3953.91,57.03,0,0,Fulfilled,,2,27.62,8.71,497.16,Good,Low,Monitor & Maintain
BATCH-00260,2021-10-15,Night,Banana,Fruits,SUP-019,585.17,11.12,72.51,1189.7,321.7,8.2,Yes,Zone-D,4.35,4.7,6,Washer-1,2227.86,1703.41,2.86,1712.35,98.58,1,0,Partial,74.38,1,63.43,10.84,1268.6,Good,Medium,Activate Backup Supplier
BATCH-00261,2022-02-13,Morning,Banana,Fruits,SUP-019,1673.16,6.84,59.61,837.0,460.8,28.9,No,Zone-A,1.27,8.01,2,Packer-Z,1988.65,1932.73,1.49,6479.09,86.87,1,0,Fulfilled,93.68,0,296.82,17.74,5936.4,Bad,Medium,Restore Cold Chain Immediately
BATCH-00262,2021-08-30,Morning,Banana,Fruits,SUP-017,818.19,11.53,54.76,1243.0,150.0,34.3,No,Zone-D,6.66,0.47,6,Washer-1,3042.28,1994.33,8.13,3889.45,,0,0,Cancelled,90.93,0,109.06,13.33,2181.2,Good,Medium,Restore Cold Chain Immediately
BATCH-00263,2023-05-26,Afternoon,Strawberry,Berries,SUP-010,1964.24,17.89,48.82,1219.1,289.6,82.2,Yes,Zone-B,3.32,,5,Conveyor-A,1325.1,849.56,5.53,5278.4,98.56,0,0,Fulfilled,93.5,2,247.49,12.6,19799.2,Good,Medium,Reduce Storage Temperature
BATCH-00264,2020-12-01,Night,Orange,Fruits,SUP-010,985.88,19.0,72.93,511.3,470.1,80.8,Yes,Zone-C,1.87,7.52,2,Washer-1,3035.22,1159.43,2.18,3546.66,,0,0,Delayed,56.72,2,203.68,20.66,7128.8,Bad,High,Reduce Storage Temperature
BATCH-00265,2020-12-15,Night,Potato,Root Vegetables,SUP-004,1604.68,3.81,84.69,1491.1,359.7,3.1,Yes,Zone-C,5.35,1.05,4,Washer-1,3444.64,494.23,2.99,5232.06,84.39,0,0,Fulfilled,83.71,0,33.7,2.1,606.6,Good,Low,Monitor & Maintain
BATCH-00266,2021-06-28,Night,Mango,Fruits,SUP-008,864.38,6.89,60.81,984.4,31.2,52.0,No,Zone-B,5.08,0.86,4,Conveyor-A,1095.59,2782.13,7.78,4799.93,59.2,0,0,Partial,79.93,2,109.78,12.7,6586.8,Good,Medium,Restore Cold Chain Immediately
BATCH-00267,2020-12-02,Night,Tomato,Vegetables,SUP-020,907.41,19.62,69.87,871.5,189.4,23.0,Yes,Zone-D,5.41,0.23,3,Conveyor-A,1092.74,2199.16,6.71,2871.73,77.58,1,0,Fulfilled,78.99,3,129.22,14.24,3230.5,Good,Medium,Reduce Storage Temperature
BATCH-00268,2022-03-30,Night,Mango,Fruits,SUP-020,827.48,6.87,73.9,1546.6,42.9,32.1,No,Zone-C,8.33,2.8,4,Packer-Z,659.41,234.43,9.48,5293.13,60.49,0,0,Delayed,77.19,1,576.534655610094,14.68,7288.2,Good,Medium,Restore Cold Chain Immediately
BATCH-00269,2020-07-15,Night,Tomato,Vegetables,SUP-018,1466.24,14.47,63.66,925.9,430.7,4.0,Yes,Zone-B,5.1,1.18,5,Sorter-X,3924.02,1693.22,4.92,2296.91,58.02,0,0,Partial,90.02,3,110.11,7.51,2752.75,Good,Low,Reduce Storage Temperature
BATCH-00270,2021-04-12,Afternoon,Pineapple,Fruits,SUP-014,1140.28,6.56,85.65,1265.5,310.8,72.5,Yes,Zone-B,9.06,2.04,3,Washer-1,1989.54,1094.91,1.0,4455.11,54.92,0,0,Fulfilled,,1,80.39,7.05,3617.55,Good,Low,Prioritize Dispatch
BATCH-00271,2023-08-26,Night,Mango,Fruits,SUP-018,1893.18,8.41,61.32,1186.2,478.2,91.4,Yes,Zone-B,8.5,1.43,6,Conveyor-B,1514.39,2464.33,7.15,5842.49,78.99,1,0,Fulfilled,91.47,2,229.45,12.12,13767.0,Good,Medium,Prioritize Dispatch
BATCH-00272,2021-08-20,Night,Leafy Greens,Vegetables,SUP-014,576.69,5.44,,598.2,9.9,22.6,Yes,Zone-A,6.69,0.38,3,Sorter-X,4001.42,1097.02,2.92,4850.05,97.49,1,1,Partial,93.3,0,48.33,8.38,724.95,Good,Low,Activate Backup Supplier
BATCH-00273,2022-12-28,Night,Leafy Greens,Vegetables,SUP-020,291.07,17.41,51.48,1589.4,211.5,34.1,Yes,Zone-D,1.04,,5,Conveyor-A,1144.65,1968.04,3.58,5995.83,56.11,0,0,Fulfilled,76.29,3,35.1,12.06,526.5,Good,Medium,Reduce Storage Temperature
BATCH-00274,2020-06-14,Afternoon,Lemon,Citrus,SUP-015,847.2,17.89,85.09,956.3,52.2,21.4,Yes,Zone-B,8.72,5.62,1,Washer-1,2422.33,580.65,2.37,3247.07,75.12,0,0,Partial,85.39,3,87.6,10.34,2628.0,Good,Medium,Reduce Storage Temperature
BATCH-00275,2020-12-27,Night,Orange,Fruits,SUP-004,1271.75,7.34,89.46,873.7,175.2,89.4,No,Zone-D,9.1,4.41,2,Packer-Z,3851.54,1720.39,3.43,1943.64,84.35,0,0,Fulfilled,73.28,2,217.6,17.11,7616.0,Bad,Medium,Restore Cold Chain Immediately
BATCH-00276,2023-03-24,Afternoon,Tomato,Vegetables,SUP-013,1735.52,16.82,58.0,1503.5,80.9,2.9,No,Zone-C,4.06,1.89,5,Conveyor-B,3082.25,952.27,8.38,1985.19,74.79,0,0,Fulfilled,70.85,3,300.24,17.3,7506.0,Bad,Medium,Restore Cold Chain Immediately
BATCH-00277,2023-01-18,Morning,Tomato,Vegetables,SUP-008,757.77,8.45,51.46,1035.1,164.4,56.9,Yes,Zone-A,5.5,0.0,1,Sorter-X,2993.0,578.18,5.98,3221.3,95.59,0,1,Fulfilled,94.39,0,58.2,7.68,1455.0,Good,Low,Monitor & Maintain
BATCH-00278,2021-07-17,Night,Orange,Fruits,SUP-018,1342.19,3.78,66.7,1246.1,409.6,83.9,Yes,Zone-B,3.17,1.14,1,Washer-1,1208.59,1895.85,1.54,4028.55,58.31,1,0,Fulfilled,94.83,1,122.01,9.09,4270.35,Good,Low,Prioritize Dispatch
BATCH-00279,2023-10-25,Afternoon,Strawberry,Berries,SUP-012,765.38,15.65,76.93,1415.5,80.3,19.5,No,Zone-B,0.64,1.51,4,Conveyor-A,1314.2,1952.06,6.07,4782.91,51.21,0,0,Fulfilled,85.02,3,116.11,15.17,9288.8,Bad,Medium,Restore Cold Chain Immediately
BATCH-00280,2023-08-22,Morning,Lemon,Citrus,SUP-014,1272.72,12.74,72.56,682.6,236.8,57.5,Yes,Zone-B,5.05,1.19,6,Sorter-X,3121.51,2951.73,6.52,6062.01,69.16,0,0,Partial,91.87,1,106.27,8.35,3188.1,Good,Low,Monitor & Maintain
BATCH-00281,2023-11-05,Afternoon,Strawberry,Berries,SUP-002,1781.14,6.94,87.8,603.4,460.8,6.8,Yes,Zone-C,1.73,5.19,3,Conveyor-B,606.05,2040.41,8.91,6538.13,,0,1,Fulfilled,70.86,1,153.18,8.6,12254.4,Good,Low,Expedite Processing
BATCH-00282,2021-09-16,Afternoon,Strawberry,Berries,SUP-018,539.58,6.55,81.8,482.2,499.4,78.6,Yes,Zone-A,2.24,0.08,3,Conveyor-A,4411.03,1595.56,8.67,5690.29,62.73,1,0,Fulfilled,74.09,0,67.29,12.47,5383.2,Good,Medium,Prioritize Dispatch
BATCH-00283,2020-10-15,Morning,Strawberry,Berries,SUP-002,868.06,19.56,84.1,1476.6,125.3,27.8,Yes,Zone-D,5.07,2.13,4,Conveyor-B,2077.12,2746.6,1.1,4351.24,58.42,0,0,Fulfilled,91.12,2,106.42,12.26,8513.6,Good,Medium,Reduce Storage Temperature
BATCH-00284,2022-07-03,Night,Orange,Fruits,SUP-011,1987.2,17.53,69.38,640.4,467.8,94.9,No,Zone-D,8.74,0.75,4,Washer-1,,2502.01,8.73,3196.67,90.24,0,0,Delayed,72.51,0,405.98,20.43,14209.3,Bad,High,Restore Cold Chain Immediately
BATCH-00285,2022-09-26,Night,Strawberry,Berries,SUP-009,1750.26,16.58,59.73,769.3,130.7,88.7,Yes,Zone-D,8.52,1.64,3,Sorter-X,1662.95,1691.36,0.98,4145.53,59.43,1,0,Partial,56.76,0,320.12,18.29,25609.6,Bad,High,Reduce Storage Temperature
BATCH-00286,2020-07-02,Afternoon,Leafy Greens,Vegetables,SUP-012,1172.82,4.3,76.58,743.0,206.8,70.9,Yes,Zone-D,9.67,,5,Packer-Z,4445.02,1582.91,1.96,3248.43,72.13,0,0,Fulfilled,70.55,1,124.67,10.63,1870.05,Good,Medium,Monitor & Maintain
BATCH-00287,2023-02-22,Morning,Banana,Fruits,SUP-017,1081.59,15.59,64.76,765.5,439.0,48.7,Yes,Zone-D,5.09,1.16,5,Washer-1,3391.27,2831.71,1.56,5288.13,97.72,0,0,Delayed,72.52,2,119.19,11.02,2383.8,Good,Medium,Reduce Storage Temperature
BATCH-00288,2020-01-27,Night,Pineapple,Fruits,SUP-015,640.74,5.86,57.95,1201.7,393.1,74.1,Yes,Zone-D,5.74,0.32,5,Washer-1,2524.59,1889.67,2.23,6413.78,80.64,0,0,Partial,,0,56.06,8.75,2522.7,Good,Low,Prioritize Dispatch
BATCH-00289,2021-12-05,Afternoon,Tomato,Vegetables,SUP-017,1082.7,19.59,,1544.9,428.7,14.3,No,Zone-D,8.31,1.46,5,Packer-Z,3133.89,2169.96,8.13,4670.68,74.89,0,0,Delayed,70.14,2,161.97,14.96,4049.25,Good,Medium,Restore Cold Chain Immediately
BATCH-00290,2021-04-28,Morning,Tomato,Vegetables,SUP-018,1711.54,,68.75,795.3,400.1,31.2,Yes,Zone-A,7.15,5.4,4,Packer-Z,,351.37,7.02,1926.33,,0,1,Partial,96.11,0,145.99,8.53,3649.75,Good,Low,Expedite Processing
BATCH-00291,2022-12-16,Afternoon,Pineapple,Fruits,SUP-006,1401.83,8.34,,,117.5,4.5,Yes,Zone-A,2.24,1.54,2,Conveyor-A,2595.12,2183.09,7.03,7119.94,,0,0,Fulfilled,92.78,0,90.0,6.42,4050.0,Good,Low,Monitor & Maintain
BATCH-00292,2021-04-01,Morning,Orange,Fruits,SUP-017,651.08,9.72,,1325.4,279.4,62.6,No,Zone-C,4.28,0.26,2,Conveyor-B,2109.34,867.58,9.26,3369.79,86.72,0,0,Partial,74.62,1,102.02,15.67,3570.7,Bad,Medium,Restore Cold Chain Immediately
BATCH-00293,2023-04-22,Night,Mango,Fruits,SUP-018,482.78,16.84,,918.8,192.6,77.7,Yes,Zone-B,9.33,3.48,3,Washer-1,2348.04,435.06,4.22,6973.31,,0,0,Fulfilled,86.24,1,69.33,14.36,4159.8,Good,Medium,Reduce Storage Temperature
BATCH-00294,2022-05-18,Night,Orange,Fruits,SUP-008,603.9,15.79,70.65,1511.3,229.9,91.0,Yes,Zone-A,1.89,0.5,2,Conveyor-A,1917.39,2564.03,0.53,6383.93,82.49,1,0,Fulfilled,61.68,1,111.24,18.42,3893.4,Bad,High,Reduce Storage Temperature
BATCH-00295,2023-03-05,Afternoon,Tomato,Vegetables,SUP-009,422.54,8.75,52.58,1003.9,77.0,66.5,Yes,Zone-B,2.49,0.92,5,Conveyor-A,849.38,2104.45,6.58,4060.26,89.52,1,0,Fulfilled,88.11,2,42.0,9.94,1050.0,Good,Low,Activate Backup Supplier
BATCH-00296,2023-12-15,Night,Tomato,Vegetables,SUP-006,281.72,12.18,74.87,817.3,157.9,70.8,Yes,Zone-C,4.31,1.12,4,Washer-1,668.06,1281.94,8.75,1989.45,54.42,0,0,Fulfilled,75.93,0,35.13,12.47,878.25,Good,Medium,Monitor & Maintain
BATCH-00297,2022-09-18,Night,Pineapple,Fruits,SUP-005,896.36,17.04,64.32,1565.9,428.8,86.2,Yes,Zone-A,9.43,,5,Conveyor-B,1283.48,1351.11,9.77,7166.16,50.72,1,0,Fulfilled,86.79,3,166.99,18.63,7514.55,Bad,High,Reduce Storage Temperature
BATCH-00298,2023-12-09,Morning,Strawberry,Berries,SUP-012,315.27,2.33,83.2,,448.8,90.0,Yes,Zone-C,1.58,1.04,1,Packer-Z,1632.37,671.64,3.96,5489.1,86.72,1,0,Fulfilled,83.34,1,33.64,10.67,2691.2,Good,Medium,Prioritize Dispatch
BATCH-00299,2020-02-12,Night,Orange,Fruits,SUP-011,426.63,,80.02,677.4,305.1,48.2,Yes,Zone-A,6.89,3.17,4,Washer-1,4507.12,127.7,8.31,3110.49,63.09,0,0,Delayed,65.24,2,63.4,14.86,2219.0,Good,Medium,Reduce Storage Temperature
BATCH-00300,2021-05-08,Morning,Potato,Root Vegetables,SUP-001,1139.92,19.04,77.6,613.2,249.1,12.3,Yes,Zone-A,1.76,0.51,1,Conveyor-B,3250.62,1113.14,8.57,4759.85,93.88,0,0,Fulfilled,,2,90.85,7.97,1635.3,Good,Low,Reduce Storage Temperature
BATCH-00301,2020-06-06,Morning,Pineapple,Fruits,SUP-011,412.74,,76.53,1594.2,356.4,45.8,Yes,Zone-D,5.48,1.27,1,Packer-Z,4812.34,530.4,1.87,5351.5,76.79,1,0,Fulfilled,80.18,0,28.64,6.94,1288.8,Good,Low,Activate Backup Supplier
BATCH-00302,2021-01-17,Afternoon,Leafy Greens,Vegetables,SUP-019,221.37,2.82,70.22,1303.6,304.4,54.3,Yes,Zone-B,5.6,0.04,3,Sorter-X,2028.41,1323.01,6.5,2976.89,73.93,1,0,Delayed,89.5,3,18.62,8.41,279.3,Good,Low,Activate Backup Supplier
BATCH-00303,2023-05-09,Morning,Tomato,Vegetables,SUP-009,703.04,8.2,47.75,890.4,491.8,61.4,Yes,Zone-C,0.9,1.42,1,Washer-1,2307.82,2518.09,2.14,2203.47,88.64,0,0,Fulfilled,59.14,3,91.96,13.08,2299.0,Good,Medium,Quality Re-inspection Required
BATCH-00304,2020-02-17,Night,Pineapple,Fruits,SUP-002,518.61,3.58,74.5,1391.6,95.0,95.0,No,Zone-D,9.56,,2,Washer-1,3738.89,432.79,4.74,3213.97,87.05,1,0,Delayed,82.08,3,85.16,16.42,3832.2,Bad,Medium,Restore Cold Chain Immediately
BATCH-00305,2022-01-29,Morning,Orange,Fruits,SUP-012,1079.08,10.63,66.01,1056.2,224.5,88.3,No,Zone-A,8.16,0.66,2,Conveyor-B,3100.56,366.09,8.85,1936.57,85.21,0,0,Fulfilled,67.84,3,196.39,18.2,6873.65,Bad,High,Restore Cold Chain Immediately
BATCH-00306,2022-04-08,Morning,Tomato,Vegetables,SUP-004,294.5,15.12,66.13,780.9,459.1,39.3,Yes,Zone-A,3.38,0.79,1,Conveyor-A,2875.46,2716.1,8.0,2066.62,,0,0,Partial,92.88,1,29.51,10.02,737.75,Good,Medium,Reduce Storage Temperature
BATCH-00307,2022-03-30,Afternoon,Mango,Fruits,SUP-004,1528.36,12.2,62.06,1292.1,457.4,12.7,No,Zone-C,1.74,0.17,3,Conveyor-A,,2260.9,5.92,2569.76,75.77,0,0,Fulfilled,96.78,3,168.27,11.01,10096.2,Good,Medium,Restore Cold Chain Immediately
BATCH-00308,2021-11-24,Night,Pineapple,Fruits,SUP-018,1821.84,5.54,86.81,1295.1,247.7,22.2,Yes,Zone-B,3.78,0.89,1,Conveyor-B,3128.61,253.9,8.18,2580.34,,0,0,Fulfilled,57.46,1,142.65,7.83,6419.25,Good,Low,Quality Re-inspection Required
BATCH-00309,2023-02-28,Night,Lemon,Citrus,SUP-015,1512.53,13.79,56.23,1000.2,67.4,18.3,Yes,Zone-C,9.0,1.38,4,Washer-1,3945.83,330.75,1.95,3100.6,94.53,0,0,Delayed,,3,101.04,6.68,3031.2,Good,Low,Monitor & Maintain
BATCH-00310,2020-07-13,Night,Tomato,Vegetables,SUP-019,1112.37,26.59111434450326,59.25,454.2,407.5,35.5,No,Zone-A,1.76,,4,Washer-1,3506.37,2086.28,2.35,7106.46,66.47,0,0,Delayed,59.53,1,204.68,18.4,5117.0,Bad,High,Restore Cold Chain Immediately
BATCH-00311,2021-03-29,Morning,Orange,Fruits,SUP-013,1735.27,18.78,88.34,492.4,292.6,84.4,Yes,Zone-D,3.82,0.66,4,Washer-1,4807.91,1174.0,2.48,5005.51,90.23,0,0,Partial,92.73,1,230.79,13.3,8077.65,Good,Medium,Reduce Storage Temperature
BATCH-00312,2022-06-17,Night,Banana,Fruits,SUP-019,1420.34,4.64,81.46,1346.5,386.6,43.2,Yes,Zone-C,5.2,0.7,4,Sorter-X,4765.83,2200.1,7.87,4114.76,,0,0,Partial,60.48,3,74.85,5.27,1497.0,Good,Low,Quality Re-inspection Required
BATCH-00313,2022-10-05,Night,Potato,Root Vegetables,SUP-017,120.05,14.46,45.63,1388.2,231.3,55.3,Yes,Zone-D,0.81,2.01,1,Conveyor-A,2398.65,1272.92,8.96,4935.68,80.91,0,1,Fulfilled,,2,16.19,13.49,291.42,Good,Medium,Reduce Storage Temperature
BATCH-00314,2021-08-13,Morning,Onion,Root Vegetables,SUP-006,848.77,,85.77,1213.9,101.9,18.8,Yes,Zone-B,3.05,2.53,5,Sorter-X,660.75,2906.58,5.85,1693.18,77.78,0,1,Partial,66.07,3,431.43418780962685,14.99,2799.06,Good,Medium,Reduce Storage Temperature
BATCH-00315,2023-07-02,Afternoon,Strawberry,Berries,SUP-016,1716.81,11.03,55.2,1406.9,12.0,48.3,Yes,Zone-B,6.16,1.72,5,Washer-1,549.84,2113.81,9.6,6858.48,83.59,1,0,Fulfilled,87.02,1,238.81,13.91,19104.8,Good,Medium,Activate Backup Supplier
BATCH-00316,2021-08-29,Afternoon,Onion,Root Vegetables,SUP-012,757.13,8.51,76.77,1263.4,279.6,84.1,Yes,Zone-D,3.58,7.48,6,Conveyor-A,1054.37,235.19,7.42,4752.74,58.15,0,1,Fulfilled,67.87,1,106.23,14.03,2337.06,Good,Medium,Expedite Processing
BATCH-00317,2021-08-11,Morning,Orange,Fruits,SUP-019,166.91,5.07,69.89,1476.3,80.5,74.7,Yes,Zone-B,8.77,5.8,4,Washer-1,837.04,1058.46,5.85,4284.09,54.37,0,0,Fulfilled,81.23,2,19.28,11.55,674.8,Good,Medium,Expedite Processing
BATCH-00318,2020-02-22,Afternoon,Leafy Greens,Vegetables,SUP-005,1517.74,17.6,69.16,580.5,93.6,9.6,Yes,Zone-D,9.4,0.21,6,Washer-1,2180.15,1734.46,6.31,7130.71,91.01,0,0,Fulfilled,80.17,0,151.77,10.0,2276.55,Good,Medium,Reduce Storage Temperature
BATCH-00319,2022-03-15,Afternoon,Leafy Greens,Vegetables,SUP-017,1623.87,9.1,77.31,865.3,218.2,83.0,Yes,Zone-D,4.69,0.61,6,Conveyor-B,737.94,511.43,8.57,5903.67,,1,0,Partial,72.7,0,250.89,15.45,3763.35,Bad,Medium,Prioritize Dispatch
BATCH-00320,2022-10-31,Afternoon,Banana,Fruits,SUP-001,405.13,18.65,54.32,956.9,221.0,27.7,Yes,Zone-D,5.55,4.06,3,Conveyor-A,,107.31,1.36,3620.42,56.13,0,0,Fulfilled,78.74,2,50.28,12.41,1005.6,Good,Medium,Reduce Storage Temperature
BATCH-00321,2020-06-16,Night,Strawberry,Berries,SUP-010,1120.95,17.26,52.16,757.2,137.2,64.6,Yes,Zone-B,6.49,0.06,3,Washer-1,1355.78,329.99,2.1,7099.07,,0,0,Partial,60.2,2,171.84,15.33,13747.2,Bad,Medium,Reduce Storage Temperature
BATCH-00322,2021-03-21,Afternoon,Lemon,Citrus,SUP-015,464.72,8.78,74.34,1270.4,66.0,15.8,Yes,Zone-D,6.81,1.79,1,Packer-Z,2812.84,1620.36,3.03,6610.11,64.91,1,1,Fulfilled,93.55,3,306.0532757349917,13.06,1820.7,Good,Medium,Activate Backup Supplier
BATCH-00323,2023-02-14,Night,Banana,Fruits,SUP-011,1466.55,12.33,,1494.9,472.5,65.4,No,Zone-B,1.1,6.18,5,Packer-Z,963.85,1933.54,9.0,7205.84,93.77,0,0,Partial,64.11,1,302.55,20.63,6051.0,Bad,High,Restore Cold Chain Immediately
BATCH-00324,2021-06-18,Afternoon,Onion,Root Vegetables,SUP-013,615.95,2.49,88.83,895.0,65.8,5.4,Yes,Zone-D,1.01,,1,Washer-1,4224.78,369.42,9.48,2219.06,75.36,0,0,Fulfilled,93.73,0,6.16,1.0,135.52,Good,Low,Monitor & Maintain
BATCH-00325,2020-12-18,Night,Banana,Fruits,SUP-005,700.81,6.74,65.32,1529.9,175.4,58.5,No,Zone-D,8.72,0.19,2,Conveyor-B,4009.81,2028.95,3.88,7210.21,78.88,0,0,Fulfilled,,3,112.06,15.99,2241.2,Bad,Medium,Restore Cold Chain Immediately
BATCH-00326,2022-09-08,Morning,Onion,Root Vegetables,SUP-001,1705.44,14.78,50.02,1020.1,152.4,62.7,No,Zone-B,2.59,2.76,4,Washer-1,2239.19,1889.66,9.28,4814.15,61.76,0,0,Fulfilled,82.01,0,325.74,19.1,7166.28,Bad,High,Restore Cold Chain Immediately
BATCH-00327,2020-10-14,Morning,Tomato,Vegetables,SUP-012,1005.01,14.2,75.86,1027.0,433.2,25.0,No,Zone-D,6.05,0.94,2,Packer-Z,4597.67,2825.7,5.7,5565.57,89.95,0,0,Fulfilled,66.32,3,168.04,16.72,4201.0,Bad,Medium,Restore Cold Chain Immediately
BATCH-00328,2023-07-31,Afternoon,Leafy Greens,Vegetables,SUP-011,1372.53,8.36,58.78,1120.3,205.0,90.1,Yes,Zone-D,6.43,5.09,2,Conveyor-A,,2537.96,5.0,2893.11,,0,0,Fulfilled,64.78,1,223.86,16.31,3357.9,Bad,Medium,Expedite Processing
BATCH-00329,2020-06-03,Night,Tomato,Vegetables,SUP-017,864.51,16.55,51.69,722.0,62.0,6.3,Yes,Zone-B,2.06,0.67,6,Conveyor-B,,2835.4,8.41,2475.73,89.62,1,0,Fulfilled,76.59,3,123.8,14.32,3095.0,Good,Medium,Reduce Storage Temperature
BATCH-00330,2022-10-28,Morning,Potato,Root Vegetables,SUP-004,666.21,,64.03,860.0,5.1,85.8,Yes,Zone-A,7.74,1.28,3,Washer-1,2956.35,2901.71,5.69,2121.24,74.64,1,0,Fulfilled,66.76,1,96.2,14.44,1731.6,Good,Medium,Prioritize Dispatch
BATCH-00331,2021-12-30,Morning,Strawberry,Berries,SUP-015,1288.41,10.3,88.39,1063.9,361.0,37.9,Yes,Zone-C,8.73,2.75,5,Packer-Z,,1378.34,4.82,4113.64,91.75,1,0,Fulfilled,73.62,3,143.66,11.15,11492.8,Good,Medium,Activate Backup Supplier
BATCH-00332,2023-06-24,Morning,Lemon,Citrus,SUP-009,394.23,10.51,63.51,1530.4,357.3,69.1,Yes,Zone-B,3.21,0.6,6,Conveyor-A,879.62,1514.94,0.65,2946.04,59.4,0,0,Delayed,74.37,1,39.7,10.07,1191.0,Good,Medium,Monitor & Maintain
BATCH-00333,2020-07-03,Morning,Onion,Root Vegetables,SUP-020,808.7,8.13,60.63,1171.2,208.9,63.2,Yes,Zone-D,8.84,0.4,6,Packer-Z,1270.9,916.7,0.62,2134.23,55.67,0,0,Fulfilled,66.92,3,81.36,10.06,1789.92,Good,Medium,Quality Re-inspection Required
BATCH-00334,2022-09-16,Afternoon,Lemon,Citrus,SUP-019,497.17,19.18,65.0,799.7,63.2,17.8,Yes,Zone-C,1.27,0.01,4,Conveyor-B,,1574.45,6.46,7208.93,71.91,0,0,Partial,,3,57.52,11.57,1725.6,Good,Medium,Reduce Storage Temperature
BATCH-00335,2022-04-15,Night,Onion,Root Vegetables,SUP-019,1422.01,14.54,45.55,412.6,185.8,32.0,Yes,Zone-C,8.1,1.34,1,Sorter-X,3230.99,537.07,1.2,5921.0,59.08,0,0,Fulfilled,97.81,1,107.93,7.59,2374.46,Good,Low,Reduce Storage Temperature
BATCH-00336,2021-12-01,Morning,Orange,Fruits,SUP-012,1894.0,11.71,50.99,1578.0,294.9,51.8,Yes,Zone-D,6.58,5.28,4,Washer-1,,2047.15,7.5,4668.73,62.96,0,0,Partial,,2,209.86,11.08,7345.1,Good,Medium,Expedite Processing
BATCH-00337,2021-12-18,Afternoon,Banana,Fruits,SUP-005,1991.47,11.19,83.24,991.6,352.0,81.6,No,Zone-D,6.04,0.66,1,Conveyor-A,,172.3,6.41,5978.85,79.26,0,0,Fulfilled,91.6,2,353.88,17.77,7077.6,Bad,Medium,Restore Cold Chain Immediately
BATCH-00338,2022-11-20,Morning,Potato,Root Vegetables,SUP-010,955.53,4.87,89.01,1526.2,39.1,91.8,No,Zone-A,2.69,0.09,1,Conveyor-B,985.27,783.32,4.85,5212.57,70.2,0,0,Fulfilled,57.01,3,164.16,17.18,2954.88,Bad,Medium,Restore Cold Chain Immediately
BATCH-00339,2023-10-01,Morning,Leafy Greens,Vegetables,SUP-017,579.81,8.7,52.11,1059.2,278.2,3.9,Yes,Zone-D,3.94,1.94,5,Conveyor-B,944.79,703.41,7.24,2694.37,93.29,1,0,Partial,55.08,1,59.6,10.28,894.0,Good,Medium,Activate Backup Supplier
BATCH-00340,2020-05-13,Morning,Onion,Root Vegetables,SUP-005,941.38,14.11,69.1,1126.6,138.1,35.1,Yes,Zone-C,9.15,0.12,2,Sorter-X,4584.94,2819.88,9.93,5340.27,61.28,0,0,Fulfilled,77.84,0,99.6,10.58,2191.2,Good,Medium,Reduce Storage Temperature
BATCH-00341,2020-01-29,Morning,Lemon,Citrus,SUP-016,1709.81,18.64,88.49,1254.3,308.6,64.8,No,Zone-D,4.92,1.41,1,Sorter-X,2560.35,520.22,2.84,5616.68,99.84,0,0,Fulfilled,91.38,0,335.46,19.62,10063.8,Bad,High,Restore Cold Chain Immediately
BATCH-00342,2023-03-22,Afternoon,Potato,Root Vegetables,SUP-007,491.41,16.7,52.05,785.2,324.1,51.6,Yes,Zone-C,6.15,0.96,5,Washer-1,2127.05,2683.25,5.79,3039.71,67.97,0,0,Fulfilled,81.88,0,57.49,11.7,1034.82,Good,Medium,Reduce Storage Temperature
BATCH-00343,2020-06-06,Night,Mango,Fruits,SUP-009,1908.98,7.41,53.38,1238.8,455.3,90.6,Yes,Zone-B,9.39,1.29,2,Washer-1,4770.82,460.64,8.51,3520.04,75.77,0,0,Fulfilled,82.23,0,162.26,8.5,9735.6,Good,Low,Prioritize Dispatch
BATCH-00344,2023-12-11,Afternoon,Mango,Fruits,SUP-003,749.54,9.81,86.71,1032.2,205.2,3.6,Yes,Zone-B,4.93,0.36,6,Conveyor-B,2295.5,1987.02,0.66,3886.98,56.62,0,0,Delayed,61.13,0,53.37,7.12,3202.2,Good,Low,Quality Re-inspection Required
BATCH-00345,2022-06-23,Afternoon,Tomato,Vegetables,SUP-015,1973.03,3.49,76.76,1207.0,268.8,43.1,Yes,Zone-C,4.19,0.19,6,Washer-1,2013.09,1027.67,2.43,5160.8,78.96,0,1,Partial,,1,110.29,5.59,2757.25,Good,Low,Monitor & Maintain
BATCH-00346,2022-08-08,Afternoon,Leafy Greens,Vegetables,SUP-016,1693.36,3.84,51.84,1403.0,134.1,64.9,No,Zone-B,8.99,2.76,2,Washer-1,1728.44,1016.41,5.45,2396.75,98.06,0,1,Fulfilled,78.31,3,291.77,17.23,4376.55,Bad,Medium,Restore Cold Chain Immediately
BATCH-00347,2020-10-17,Morning,Orange,Fruits,SUP-018,1636.28,,62.71,621.1,143.3,22.5,No,Zone-A,9.15,0.56,4,Sorter-X,3042.78,2994.99,5.75,5979.61,87.47,0,0,Delayed,59.51,0,227.77,13.92,7971.95,Good,Medium,Restore Cold Chain Immediately
BATCH-00348,2020-12-16,Night,Lemon,Citrus,SUP-014,704.02,11.54,47.53,1136.3,23.0,70.2,Yes,Zone-C,3.87,3.22,4,Conveyor-B,,755.52,1.32,3670.4,62.2,1,0,Fulfilled,73.22,2,104.76,14.88,3142.8,Good,Medium,Activate Backup Supplier
BATCH-00349,2022-08-20,Morning,Banana,Fruits,SUP-003,116.68,6.75,64.47,,143.0,9.6,No,Zone-C,6.12,2.84,4,Packer-Z,572.87,687.42,4.37,5679.2,72.13,0,0,Partial,58.17,2,18.52,15.87,370.4,Bad,Medium,Restore Cold Chain Immediately
BATCH-00350,2023-08-21,Afternoon,Banana,Fruits,SUP-012,826.05,13.57,80.01,522.5,31.9,44.4,Yes,Zone-D,9.66,0.44,3,Packer-Z,3443.28,1809.07,5.44,7080.08,71.27,1,0,Delayed,73.4,0,108.21,13.1,2164.2,Good,Medium,Activate Backup Supplier
BATCH-00351,2023-12-05,Morning,Lemon,Citrus,SUP-009,673.44,14.66,69.93,1209.5,482.0,65.6,Yes,Zone-A,1.03,4.78,2,Conveyor-A,4047.38,2248.18,4.52,6713.97,54.9,1,0,Fulfilled,86.31,2,106.47,15.81,3194.1,Bad,Medium,Reduce Storage Temperature
BATCH-00352,2020-10-16,Night,Strawberry,Berries,SUP-007,171.05,7.38,74.13,485.1,312.1,27.1,Yes,Zone-D,0.88,0.35,3,Sorter-X,3271.84,2949.26,7.16,5945.35,94.29,0,0,Partial,69.24,1,16.59,9.7,1327.2,Good,Low,Quality Re-inspection Required
BATCH-00353,2020-07-14,Night,Orange,Fruits,SUP-009,1060.19,15.65,59.71,1114.4,86.6,8.9,Yes,Zone-A,5.41,3.19,4,Conveyor-A,4414.5,2134.1,7.83,2783.23,69.07,0,0,Partial,68.78,0,98.92,9.33,3462.2,Good,Low,Reduce Storage Temperature
BATCH-00354,2020-03-23,Morning,Potato,Root Vegetables,SUP-013,865.76,5.7,52.26,664.0,58.4,92.0,No,Zone-A,3.27,,5,Conveyor-B,1743.87,1729.43,4.87,5913.35,74.71,0,0,Fulfilled,77.63,3,154.02,17.79,2772.36,Bad,Medium,Restore Cold Chain Immediately
BATCH-00355,2023-06-21,Afternoon,Onion,Root Vegetables,SUP-018,1305.66,11.8,45.59,764.9,185.1,87.9,No,Zone-A,6.03,0.4,4,Packer-Z,1363.91,1286.48,4.54,5353.94,64.56,0,0,Partial,76.93,1,228.36,17.49,5023.92,Bad,Medium,Restore Cold Chain Immediately
BATCH-00356,2021-03-06,Morning,Strawberry,Berries,SUP-005,1280.25,16.48,,,153.8,89.1,Yes,Zone-C,7.38,5.56,1,Packer-Z,3637.75,1825.83,7.2,6148.5,57.62,0,0,Fulfilled,75.55,2,214.19,16.73,17135.2,Bad,Medium,Reduce Storage Temperature
BATCH-00357,2020-01-03,Afternoon,Onion,Root Vegetables,SUP-013,329.42,,73.65,698.4,139.6,94.0,Yes,Zone-B,1.16,6.61,5,Packer-Z,1348.52,1842.42,5.78,6707.81,95.11,0,0,Partial,77.74,0,50.17,15.23,1103.74,Bad,Medium,Expedite Processing
BATCH-00358,2020-11-22,Night,Onion,Root Vegetables,SUP-004,1956.23,18.34,55.32,1385.6,234.1,19.4,Yes,Zone-B,8.88,1.43,5,Conveyor-A,909.97,731.36,8.77,3469.67,51.87,0,0,Fulfilled,57.11,1,244.72,12.51,5383.84,Good,Medium,Reduce Storage Temperature
BATCH-00359,2021-05-12,Morning,Strawberry,Berries,SUP-002,455.17,3.05,63.83,1166.7,456.4,16.8,No,Zone-D,3.13,1.27,2,Washer-1,934.77,2046.5,5.07,5403.41,69.99,0,0,Fulfilled,75.87,1,39.87,8.76,3189.6,Good,Low,Restore Cold Chain Immediately
BATCH-00360,2023-12-17,Night,Tomato,Vegetables,SUP-016,946.02,12.59,81.06,1539.7,284.0,5.2,Yes,Zone-D,4.12,4.62,3,Conveyor-A,,692.83,5.96,3258.55,86.53,0,0,Partial,98.65,1,56.86,6.01,1421.5,Good,Low,Monitor & Maintain
BATCH-00361,2022-02-03,Afternoon,Mango,Fruits,SUP-009,1027.42,12.11,69.24,458.5,260.6,85.8,Yes,Zone-B,3.7,1.81,1,Packer-Z,629.32,1520.87,1.72,3671.92,65.44,1,0,Fulfilled,88.63,1,146.82,14.29,8809.2,Good,Medium,Prioritize Dispatch
BATCH-00362,2020-10-25,Afternoon,Onion,Root Vegetables,SUP-009,1644.82,13.89,58.51,1350.9,403.3,72.8,Yes,Zone-B,8.48,,5,Sorter-X,1802.56,853.62,8.44,4684.94,72.3,0,0,Fulfilled,67.65,1,193.92,11.79,4266.24,Good,Medium,Prioritize Dispatch
BATCH-00363,2021-05-03,Morning,Strawberry,Berries,SUP-006,288.54,17.0,57.02,1238.9,2.0,61.5,Yes,Zone-A,2.12,1.11,3,Sorter-X,1081.34,1007.12,4.51,4182.49,78.22,0,0,Cancelled,84.82,2,35.49,12.3,2839.2,Good,Medium,Reduce Storage Temperature
BATCH-00364,2021-04-27,Morning,Strawberry,Berries,SUP-011,914.42,15.07,54.79,713.1,98.7,89.2,Yes,Zone-D,0.77,3.62,3,Conveyor-A,3897.1,1880.24,7.33,5149.66,99.75,0,1,Fulfilled,69.52,0,149.96,16.4,11996.8,Bad,Medium,Reduce Storage Temperature
BATCH-00365,2020-01-29,Morning,Pineapple,Fruits,SUP-001,1294.15,16.23,82.07,1275.0,248.1,56.1,No,Zone-D,9.73,3.93,1,Conveyor-A,2765.72,287.01,4.58,6068.4,87.92,1,0,Partial,63.43,1,288.72,22.31,12992.4,Bad,High,Restore Cold Chain Immediately
BATCH-00366,2020-07-16,Night,Tomato,Vegetables,SUP-004,508.8,7.2,71.18,1259.9,352.7,14.2,Yes,Zone-D,9.82,5.6,1,Conveyor-B,1424.72,134.9,0.51,5175.17,98.36,1,0,Fulfilled,89.04,1,35.82,7.04,895.5,Good,Low,Expedite Processing
BATCH-00367,2022-10-11,Afternoon,Leafy Greens,Vegetables,SUP-013,1292.19,8.97,76.91,951.2,242.5,18.6,Yes,Zone-D,2.95,0.68,4,Conveyor-A,3876.85,478.8,4.3,7294.54,84.66,0,0,Fulfilled,64.22,2,132.32,10.24,1984.8,Good,Medium,Quality Re-inspection Required
BATCH-00368,2020-06-24,Afternoon,Pineapple,Fruits,SUP-013,1854.96,13.28,83.71,1226.4,81.9,14.4,No,Zone-B,0.59,2.28,4,Conveyor-A,3876.65,589.25,1.9,5948.48,63.45,0,0,Partial,92.78,3,247.08,13.32,11118.6,Good,Medium,Restore Cold Chain Immediately
BATCH-00369,2020-12-02,Night,Pineapple,Fruits,SUP-013,1995.28,11.96,89.41,933.5,465.0,30.9,No,Zone-B,6.64,0.14,5,Packer-Z,2853.6,673.83,4.29,7382.92,64.37,0,0,Fulfilled,71.74,0,277.74,13.92,12498.3,Good,Medium,Restore Cold Chain Immediately
BATCH-00370,2021-05-27,Morning,Lemon,Citrus,SUP-002,161.66,19.3,56.23,802.7,164.3,37.7,Yes,Zone-C,6.66,2.59,5,Washer-1,1741.32,2344.4,3.55,5979.39,91.12,0,0,Fulfilled,88.3,0,95.45990413894268,10.65,516.6,Good,Medium,Reduce Storage Temperature
BATCH-00371,2023-01-11,Morning,Mango,Fruits,SUP-009,547.62,5.36,53.14,959.8,394.1,76.9,Yes,Zone-C,9.43,1.66,5,Packer-Z,3138.25,1395.89,2.42,4611.01,71.39,0,0,Fulfilled,66.42,3,50.0,9.13,3000.0,Good,Low,Prioritize Dispatch
BATCH-00372,2022-04-30,Night,Strawberry,Berries,SUP-008,689.58,8.32,65.79,,445.7,20.0,No,Zone-B,3.34,0.57,4,Washer-1,4700.89,1462.81,1.68,4047.94,68.51,0,1,Fulfilled,,0,75.44,10.94,6035.2,Good,Medium,Restore Cold Chain Immediately
BATCH-00373,2022-10-02,Afternoon,Mango,Fruits,SUP-007,858.34,12.31,46.58,861.5,173.2,70.2,Yes,Zone-A,2.3,2.13,5,Packer-Z,732.36,1968.57,7.42,5934.19,97.25,0,0,Delayed,64.35,0,103.77,12.09,6226.2,Good,Medium,Quality Re-inspection Required
BATCH-00374,2022-04-07,Afternoon,Orange,Fruits,SUP-004,560.29,17.62,80.63,884.4,422.7,48.2,No,Zone-B,6.36,0.29,5,Packer-Z,1701.27,2214.42,7.67,5652.19,50.66,1,1,Fulfilled,55.96,3,145.96,26.05,5108.6,Bad,High,Restore Cold Chain Immediately
BATCH-00375,2022-09-25,Afternoon,Lemon,Citrus,SUP-018,486.63,18.73,84.77,1130.1,355.4,96.0,Yes,Zone-A,5.85,0.81,4,Conveyor-B,1782.36,110.17,3.02,5545.52,76.25,1,0,Fulfilled,90.84,0,80.78,16.6,2423.4,Bad,Medium,Reduce Storage Temperature
BATCH-00376,2020-01-05,Afternoon,Leafy Greens,Vegetables,SUP-003,1913.65,8.05,75.87,,452.1,75.0,Yes,Zone-D,7.32,1.02,4,Washer-1,3343.15,2584.5,5.2,5853.56,88.75,0,0,Fulfilled,92.67,2,179.12,9.36,2686.8,Good,Low,Prioritize Dispatch
BATCH-00377,2023-09-21,Night,Mango,Fruits,SUP-006,1845.19,3.21,,1281.5,125.7,93.1,Yes,Zone-C,8.91,3.0,5,Packer-Z,3430.24,2966.46,4.91,6727.32,86.81,1,0,Delayed,93.75,1,230.46,12.49,13827.6,Good,Medium,Prioritize Dispatch
BATCH-00378,2020-06-10,Afternoon,Banana,Fruits,SUP-012,189.29,,50.54,423.8,465.6,34.2,No,Zone-A,5.82,0.74,5,Packer-Z,1428.42,453.24,3.87,2983.29,68.38,0,0,Partial,56.6,0,31.48,16.63,629.6,Bad,Medium,Restore Cold Chain Immediately
BATCH-00379,2021-08-16,Night,Onion,Root Vegetables,SUP-012,743.74,9.1,62.2,1224.9,32.7,13.6,No,Zone-D,1.93,0.1,3,Washer-1,,1988.13,3.14,4942.04,76.78,0,0,Delayed,88.48,0,82.7,11.12,1819.4,Good,Medium,Restore Cold Chain Immediately
BATCH-00380,2023-01-30,Morning,Orange,Fruits,SUP-008,869.78,19.76,82.5,940.7,396.8,49.6,Yes,Zone-B,6.18,0.4,2,Conveyor-B,,107.0,2.27,5165.18,50.28,1,1,Delayed,91.78,1,162.21,18.65,5677.35,Bad,High,Reduce Storage Temperature
BATCH-00381,2021-09-27,Night,Tomato,Vegetables,SUP-001,554.13,9.76,60.65,1028.9,217.8,13.7,Yes,Zone-C,4.05,,4,Washer-1,3903.34,242.19,8.79,3361.5,76.74,0,0,Delayed,68.71,1,312.9604331369262,9.52,1318.75,Good,Low,Quality Re-inspection Required
BATCH-00382,2023-10-14,Afternoon,Leafy Greens,Vegetables,SUP-004,1294.86,7.5,46.54,1074.0,88.9,48.3,Yes,Zone-B,4.8,0.03,2,Conveyor-B,4704.21,926.5,8.42,7399.99,79.52,1,0,Fulfilled,75.7,0,123.92,9.57,1858.8,Good,Low,Activate Backup Supplier
BATCH-00383,2021-11-13,Morning,Orange,Fruits,SUP-011,1316.72,8.58,57.34,1278.1,39.7,27.4,No,Zone-D,9.62,3.14,4,Conveyor-B,4233.48,2554.57,4.46,6223.98,93.74,0,0,Fulfilled,72.95,2,171.17,13.0,5990.95,Good,Medium,Restore Cold Chain Immediately
BATCH-00384,2023-07-01,Night,Onion,Root Vegetables,SUP-003,1715.96,9.14,89.55,1397.6,194.8,48.2,No,Zone-D,5.77,4.63,6,Sorter-X,2309.53,1992.25,7.35,3526.56,60.54,1,0,Delayed,74.36,1,320.2,18.66,7044.4,Bad,High,Restore Cold Chain Immediately
BATCH-00385,2023-03-29,Night,Lemon,Citrus,SUP-013,1507.65,16.79,75.45,1175.5,194.7,91.3,No,Zone-B,1.92,1.37,3,Conveyor-B,1048.58,1392.88,5.23,3742.5,91.26,1,1,Fulfilled,92.25,1,362.59,24.05,10877.7,Bad,High,Restore Cold Chain Immediately
BATCH-00386,2023-12-03,Night,Onion,Root Vegetables,SUP-017,1130.89,3.46,,1076.7,115.0,29.2,Yes,Zone-D,4.71,2.46,2,Sorter-X,3332.98,1371.94,1.31,5833.08,85.9,0,0,Fulfilled,73.39,3,85.72,7.58,1885.84,Good,Low,Monitor & Maintain
BATCH-00387,2023-09-14,Morning,Pineapple,Fruits,SUP-010,1341.81,7.7,79.87,848.5,107.8,95.4,Yes,Zone-D,2.67,1.24,3,Conveyor-A,2083.96,1451.56,8.31,1726.78,83.3,0,1,Fulfilled,68.3,2,201.41,15.01,9063.45,Bad,Medium,Prioritize Dispatch
BATCH-00388,2023-08-04,Night,Onion,Root Vegetables,SUP-012,620.58,19.39,69.29,565.5,199.8,23.6,Yes,Zone-A,1.79,0.74,1,Conveyor-B,2414.35,1002.0,2.58,4356.07,69.72,1,0,Partial,60.74,1,100.47,16.19,2210.34,Bad,Medium,Reduce Storage Temperature
BATCH-00389,2022-12-04,Afternoon,Pineapple,Fruits,SUP-015,1226.81,4.76,51.69,1550.3,205.1,21.6,Yes,Zone-B,7.27,0.36,2,Washer-1,2416.46,2645.37,7.21,3653.47,68.37,0,1,Fulfilled,84.69,1,77.78,6.34,3500.1,Good,Low,Monitor & Maintain
BATCH-00390,2021-06-19,Morning,Lemon,Citrus,SUP-010,1029.53,15.37,60.69,,221.2,53.2,Yes,Zone-B,6.47,1.46,2,Sorter-X,4714.34,1746.82,5.51,6621.76,85.16,0,0,Partial,58.7,0,122.41,11.89,3672.3,Good,Medium,Reduce Storage Temperature
BATCH-00391,2020-06-03,Morning,Potato,Root Vegetables,SUP-014,353.35,8.42,71.27,1079.5,434.4,81.2,No,Zone-C,5.23,5.32,6,Conveyor-A,809.88,1503.45,7.06,6257.42,99.51,0,0,Delayed,57.69,1,75.86,21.47,1365.48,Bad,High,Restore Cold Chain Immediately
BATCH-00392,2022-10-02,Night,Pineapple,Fruits,SUP-013,560.83,12.47,84.18,1301.3,305.6,72.5,Yes,Zone-A,4.52,4.41,2,Conveyor-A,1368.97,1448.72,4.98,3589.48,70.27,0,0,Fulfilled,84.99,1,70.38,12.55,3167.1,Good,Medium,Prioritize Dispatch
BATCH-00393,2023-11-29,Afternoon,Tomato,Vegetables,SUP-005,654.22,3.79,57.09,482.1,10.2,70.0,Yes,Zone-A,3.56,5.04,1,Conveyor-B,3235.74,2813.9,7.17,6684.47,95.93,1,0,Fulfilled,85.55,3,64.77,9.9,1619.25,Good,Low,Expedite Processing
BATCH-00394,2022-11-26,Morning,Onion,Root Vegetables,SUP-006,1856.19,,50.46,1426.0,259.5,28.6,No,Zone-D,1.34,,1,Washer-1,4476.91,2198.62,0.81,6968.02,79.33,0,0,Fulfilled,,2,253.37,13.65,5574.14,Good,Medium,Restore Cold Chain Immediately
BATCH-00395,2023-09-17,Night,Onion,Root Vegetables,SUP-002,537.73,11.02,70.15,,381.2,4.1,No,Zone-C,3.34,0.36,3,Conveyor-B,4630.74,519.96,0.89,4869.79,93.41,0,0,Fulfilled,97.12,1,47.11,8.76,1036.42,Good,Low,Restore Cold Chain Immediately
BATCH-00396,2023-03-20,Afternoon,Tomato,Vegetables,SUP-017,649.56,6.17,52.94,1329.3,28.2,17.2,Yes,Zone-C,8.46,0.32,1,Packer-Z,3014.12,1367.21,9.02,2585.17,60.86,0,0,Fulfilled,89.66,2,26.57,4.09,664.25,Good,Low,Monitor & Maintain
BATCH-00397,2020-08-26,Night,Banana,Fruits,SUP-004,801.77,11.75,72.47,426.4,211.3,34.9,Yes,Zone-A,7.94,1.12,4,Conveyor-A,655.53,936.28,7.62,6135.61,88.11,0,0,Fulfilled,85.2,2,35.76,4.46,715.2,Good,Low,Monitor & Maintain
BATCH-00398,2020-12-29,Night,Strawberry,Berries,SUP-014,1361.11,5.96,56.86,1031.8,225.6,93.3,Yes,Zone-C,9.74,,5,Packer-Z,2132.96,2961.92,8.37,3515.39,91.75,0,0,Delayed,88.19,2,106.44,7.82,8515.2,Good,Low,Prioritize Dispatch
BATCH-00399,2021-05-14,Morning,Potato,Root Vegetables,SUP-010,324.65,13.7,55.39,465.1,477.0,88.5,Yes,Zone-A,6.73,1.16,2,Packer-Z,4634.75,1304.65,4.84,4723.5,91.61,0,0,Fulfilled,73.12,3,46.46,14.31,836.28,Good,Medium,Prioritize Dispatch
BATCH-00400,2020-09-02,Morning,Leafy Greens,Vegetables,SUP-003,1912.5,18.28,62.96,1061.0,237.8,20.9,No,Zone-C,5.76,4.46,3,Sorter-X,,296.82,4.87,1924.87,89.24,1,0,Partial,75.05,1,399.52,20.89,5992.8,Bad,High,Restore Cold Chain Immediately
BATCH-00401,2022-04-29,Night,Pineapple,Fruits,SUP-003,1744.59,3.54,71.69,1262.1,375.0,70.2,Yes,Zone-A,3.31,,3,Packer-Z,3769.76,1292.51,5.57,4565.53,65.21,0,0,Fulfilled,93.29,3,70.13,4.02,3155.85,Good,Low,Monitor & Maintain
BATCH-00402,2023-11-25,Morning,Tomato,Vegetables,SUP-015,1196.71,5.9,69.54,546.2,151.5,56.4,Yes,Zone-A,1.23,2.01,3,Conveyor-A,1711.37,1031.92,2.81,3869.34,76.1,0,0,Partial,56.12,2,107.94,9.02,2698.5,Good,Low,Quality Re-inspection Required
BATCH-00403,2023-01-16,Morning,Lemon,Citrus,SUP-006,1380.67,17.2,56.01,1233.9,389.7,6.7,No,Zone-D,6.37,0.15,3,Conveyor-A,612.53,1838.79,7.47,5646.04,64.99,0,0,Fulfilled,90.31,0,192.6,13.95,5778.0,Good,Medium,Restore Cold Chain Immediately
BATCH-00404,2021-09-10,Afternoon,Pineapple,Fruits,SUP-017,131.65,13.37,85.1,939.4,161.3,36.9,No,Zone-D,5.14,0.39,2,Washer-1,3102.62,755.63,8.38,1896.95,67.15,0,0,Fulfilled,74.69,1,22.6,17.17,1017.0,Bad,Medium,Restore Cold Chain Immediately
BATCH-00405,2020-01-07,Afternoon,Strawberry,Berries,SUP-012,744.0,3.42,49.94,1373.9,215.0,47.7,No,Zone-C,7.71,1.12,3,Conveyor-B,4257.41,204.32,9.12,5290.93,65.06,0,0,Fulfilled,75.41,1,96.2,12.93,7696.0,Good,Medium,Restore Cold Chain Immediately
BATCH-00406,2021-04-02,Night,Lemon,Citrus,SUP-020,1611.75,10.75,46.78,1040.3,239.7,64.8,No,Zone-D,4.41,7.49,2,Washer-1,4956.21,378.05,5.41,6145.06,64.21,0,0,Fulfilled,69.33,2,327.02,20.29,9810.6,Bad,High,Restore Cold Chain Immediately
BATCH-00407,2022-02-08,Night,Orange,Fruits,SUP-011,247.22,5.78,72.12,803.3,463.2,29.7,Yes,Zone-B,9.86,,3,Washer-1,4309.82,921.13,4.44,1734.24,84.67,0,0,Fulfilled,81.71,2,16.24,6.57,568.4,Good,Low,Monitor & Maintain
BATCH-00408,2021-04-18,Night,Onion,Root Vegetables,SUP-004,636.4,5.58,50.55,798.4,26.7,89.8,Yes,Zone-B,4.28,1.99,3,Conveyor-B,2992.97,1110.14,8.39,6017.29,82.51,0,0,Fulfilled,84.73,2,43.53,6.84,957.66,Good,Low,Prioritize Dispatch
BATCH-00409,2020-06-11,Night,Orange,Fruits,SUP-006,1212.06,18.93,67.72,1477.0,98.4,44.5,Yes,Zone-C,3.66,9.0,5,Conveyor-A,3239.27,2519.91,7.65,2416.49,60.21,0,0,Fulfilled,62.07,2,231.99,19.14,8119.65,Bad,High,Reduce Storage Temperature
BATCH-00410,2021-10-08,Afternoon,Pineapple,Fruits,SUP-001,587.18,15.71,87.83,943.4,352.9,25.4,Yes,Zone-A,8.77,0.61,4,Sorter-X,4208.74,883.2,8.74,5715.71,84.58,0,1,Delayed,79.89,0,79.74,13.58,3588.3,Good,Medium,Reduce Storage Temperature
BATCH-00411,2021-01-04,Morning,Strawberry,Berries,SUP-020,1874.56,14.53,76.44,886.9,288.8,31.7,Yes,Zone-D,4.26,0.36,1,Packer-Z,589.15,191.33,6.73,4305.16,,0,0,Delayed,75.46,3,167.96,8.96,13436.8,Good,Low,Reduce Storage Temperature
BATCH-00412,2023-08-20,Afternoon,Potato,Root Vegetables,SUP-016,349.01,6.3,72.79,447.8,125.8,72.7,Yes,Zone-C,8.77,1.58,1,Sorter-X,,2364.13,8.89,4867.07,60.09,0,0,Partial,89.4,1,12.35,3.54,222.3,Good,Low,Prioritize Dispatch
BATCH-00413,2020-05-28,Night,Pineapple,Fruits,SUP-015,1615.05,,70.87,837.2,144.6,62.2,No,Zone-B,0.76,1.61,1,Packer-Z,2890.5,2619.86,1.35,3619.99,87.36,0,0,Fulfilled,78.99,2,247.75,15.34,11148.75,Bad,Medium,Restore Cold Chain Immediately
BATCH-00414,2020-03-12,Night,Tomato,Vegetables,SUP-017,1065.1,17.67,53.08,,183.7,71.8,Yes,Zone-A,7.08,5.1,4,Conveyor-B,4784.24,1527.69,6.96,3086.16,68.14,0,1,Partial,73.9,3,145.81,13.69,3645.25,Good,Medium,Reduce Storage Temperature
BATCH-00415,2020-01-08,Afternoon,Mango,Fruits,SUP-008,1525.63,2.11,,1313.2,225.2,29.5,No,Zone-D,1.18,0.05,2,Conveyor-B,3940.33,926.29,1.34,2072.79,78.47,0,0,Fulfilled,78.27,0,158.82,10.41,9529.2,Good,Medium,Restore Cold Chain Immediately
BATCH-00416,2021-04-23,Afternoon,Pineapple,Fruits,SUP-012,690.36,,60.41,665.1,409.0,32.7,Yes,Zone-A,1.91,1.05,1,Washer-1,1185.43,2339.21,7.61,6683.85,60.01,0,1,Partial,76.58,3,61.99,8.98,2789.55,Good,Low,Monitor & Maintain
BATCH-00417,2022-08-22,Night,Onion,Root Vegetables,SUP-010,1077.53,,87.89,895.7,6.9,39.3,Yes,Zone-A,7.15,0.75,1,Conveyor-B,1243.67,125.81,6.47,5206.59,80.68,0,0,Fulfilled,96.15,2,47.63,4.42,1047.86,Good,Low,Monitor & Maintain
BATCH-00418,2022-12-02,Morning,Onion,Root Vegetables,SUP-015,1727.99,12.27,55.9,635.9,449.0,19.7,Yes,Zone-D,3.25,1.69,1,Packer-Z,2091.41,2779.68,0.65,7370.06,60.4,0,0,Fulfilled,68.72,3,148.61,8.6,3269.42,Good,Low,Quality Re-inspection Required
BATCH-00419,2021-10-23,Night,Pineapple,Fruits,SUP-009,987.07,6.51,,1545.1,206.5,67.0,Yes,Zone-D,2.5,0.02,2,Sorter-X,,2610.04,6.19,6601.13,58.34,0,0,Fulfilled,56.64,3,101.17,10.25,4552.65,Good,Medium,Quality Re-inspection Required
BATCH-00420,2022-09-26,Afternoon,Lemon,Citrus,SUP-002,783.47,7.6,,1117.7,115.2,33.0,Yes,Zone-B,8.11,2.48,4,Sorter-X,2476.84,1680.02,1.89,6712.57,69.33,0,0,Fulfilled,84.13,0,29.3,3.74,879.0,Good,Low,Monitor & Maintain
BATCH-00421,2021-06-09,Night,Mango,Fruits,SUP-005,1118.7,,80.51,1305.2,254.2,32.7,Yes,Zone-B,9.49,1.33,4,Sorter-X,3217.57,904.99,1.85,5133.51,89.5,0,0,Partial,,1,120.04,10.73,7202.4,Good,Medium,Reduce Storage Temperature
BATCH-00422,2022-09-01,Night,Tomato,Vegetables,SUP-006,1462.99,12.86,88.4,1256.6,329.8,27.3,Yes,Zone-A,2.71,2.41,6,Sorter-X,2464.61,195.25,1.93,2130.28,58.83,0,0,Fulfilled,95.04,0,84.85,5.8,2121.25,Good,Low,Monitor & Maintain
BATCH-00423,2020-02-29,Morning,Pineapple,Fruits,SUP-007,942.77,4.62,72.37,,22.4,44.6,No,Zone-A,3.51,1.19,6,Washer-1,753.89,2999.49,5.1,6966.83,55.85,0,0,Fulfilled,60.17,2,124.54,13.21,5604.3,Good,Medium,Restore Cold Chain Immediately
BATCH-00424,2021-07-24,Night,Lemon,Citrus,SUP-001,1883.87,15.08,60.02,1539.2,357.9,74.6,Yes,Zone-B,7.28,1.29,2,Sorter-X,4890.34,2310.01,1.6,2344.92,51.58,1,0,Fulfilled,78.0,1,305.0,16.19,9150.0,Bad,Medium,Reduce Storage Temperature
BATCH-00425,2023-02-28,Night,Onion,Root Vegetables,SUP-007,660.4,5.73,,438.9,380.4,80.5,Yes,Zone-B,8.25,4.52,5,Packer-Z,2413.05,1082.26,1.69,4664.62,70.8,0,0,Partial,61.63,3,87.3,13.22,1920.6,Good,Medium,Prioritize Dispatch
BATCH-00426,2023-03-18,Night,Onion,Root Vegetables,SUP-020,1003.38,9.79,58.12,1570.4,83.1,77.6,No,Zone-A,9.99,0.47,3,Washer-1,4329.84,155.89,2.93,6638.33,64.1,0,0,Fulfilled,75.05,2,156.73,15.62,3448.06,Bad,Medium,Restore Cold Chain Immediately
BATCH-00427,2022-11-11,Afternoon,Strawberry,Berries,SUP-012,1538.16,,52.41,1444.7,83.9,60.4,Yes,Zone-C,3.1,,2,Washer-1,832.79,1953.95,0.51,4404.69,64.61,0,1,Delayed,90.17,3,226.11,14.7,18088.8,Good,Medium,Monitor & Maintain
BATCH-00428,2020-10-25,Afternoon,Pineapple,Fruits,SUP-016,1409.33,6.89,76.78,859.5,101.9,28.4,Yes,Zone-C,5.79,1.64,3,Washer-1,4145.29,2962.02,3.12,2622.54,99.1,0,1,Partial,,3,83.29,5.91,3748.05,Good,Low,Monitor & Maintain
BATCH-00429,2020-12-26,Morning,Mango,Fruits,SUP-016,1740.92,8.91,73.75,1404.5,398.3,71.1,Yes,Zone-C,1.77,2.16,4,Conveyor-B,1280.32,2150.51,6.37,3828.27,,0,0,Partial,,3,136.14,7.82,8168.4,Good,Low,Monitor & Maintain
BATCH-00430,2023-12-25,Night,Banana,Fruits,SUP-011,1993.94,15.21,84.55,,136.0,5.7,Yes,Zone-D,3.64,0.88,3,Washer-1,3557.32,342.77,6.21,7402.53,72.92,0,0,Fulfilled,79.09,3,199.0,9.98,3980.0,Good,Low,Reduce Storage Temperature
BATCH-00431,2020-05-30,Afternoon,Mango,Fruits,SUP-004,911.03,18.88,,1351.7,398.0,77.0,Yes,Zone-B,0.93,1.47,6,Packer-Z,3478.13,1266.61,9.71,7468.6,99.32,0,0,Fulfilled,82.89,3,128.0,14.05,7680.0,Good,Medium,Reduce Storage Temperature
BATCH-00432,2020-09-20,Morning,Onion,Root Vegetables,SUP-013,311.19,11.53,83.57,664.8,270.3,75.3,Yes,Zone-C,2.5,0.52,1,Sorter-X,4594.13,416.63,1.64,5789.95,51.53,0,0,Fulfilled,79.27,1,35.04,11.26,770.88,Good,Medium,Prioritize Dispatch
BATCH-00433,2020-07-08,Night,Onion,Root Vegetables,SUP-007,157.79,2.18,47.7,1178.3,383.6,65.0,Yes,Zone-C,5.31,0.29,3,Conveyor-B,1943.05,2745.27,8.72,6819.24,84.83,0,0,Fulfilled,79.69,2,8.41,5.33,185.02,Good,Low,Monitor & Maintain
BATCH-00434,2021-04-23,Morning,Orange,Fruits,SUP-004,1481.07,8.09,74.9,431.1,276.8,11.2,Yes,Zone-B,2.06,0.54,6,Sorter-X,990.32,1058.2,4.22,1916.84,68.55,0,1,Delayed,93.95,0,82.94,5.6,2902.9,Good,Low,Monitor & Maintain
BATCH-00435,2020-11-02,Morning,Onion,Root Vegetables,SUP-015,1760.63,,80.31,1417.9,167.9,95.8,No,Zone-D,8.95,4.96,3,Conveyor-A,4390.55,2226.79,4.18,3263.39,95.3,1,0,Partial,64.21,3,420.26,23.87,9245.72,Bad,High,Restore Cold Chain Immediately
BATCH-00436,2021-12-27,Morning,Tomato,Vegetables,SUP-019,519.35,8.11,89.19,1541.3,455.4,73.1,Yes,Zone-C,7.25,3.24,4,Conveyor-B,1992.1,345.6,3.81,3803.65,,0,0,Fulfilled,74.31,1,66.32,12.77,1658.0,Good,Medium,Prioritize Dispatch
BATCH-00437,2021-11-25,Morning,Leafy Greens,Vegetables,SUP-009,401.05,9.85,61.86,1194.5,357.6,71.1,No,Zone-D,0.76,,5,Packer-Z,1546.4,472.4,1.68,1729.71,69.36,0,1,Delayed,81.84,0,71.71,17.88,1075.65,Bad,Medium,Restore Cold Chain Immediately
BATCH-00438,2023-08-09,Morning,Pineapple,Fruits,SUP-011,218.19,13.39,,1015.2,242.0,8.0,Yes,Zone-D,8.83,0.1,3,Conveyor-B,2687.94,2070.51,5.05,3850.15,,0,0,Fulfilled,88.68,0,15.82,7.25,711.9,Good,Low,Monitor & Maintain
BATCH-00439,2020-02-20,Morning,Mango,Fruits,SUP-008,1663.14,4.18,83.38,1270.9,318.7,39.5,No,Zone-A,9.78,0.2,4,Washer-1,1157.61,2546.09,7.98,2200.51,71.4,0,0,Fulfilled,88.52,3,199.74,12.01,11984.4,Good,Medium,Restore Cold Chain Immediately
BATCH-00440,2021-04-12,Morning,Leafy Greens,Vegetables,SUP-001,691.63,6.91,59.29,791.6,307.9,10.1,No,Zone-B,5.27,0.69,1,Conveyor-B,,684.2,8.82,4666.15,98.27,0,0,Fulfilled,60.16,2,82.51,11.93,1237.65,Good,Medium,Restore Cold Chain Immediately
BATCH-00441,2022-05-21,Night,Lemon,Citrus,SUP-008,863.22,11.14,71.92,1151.7,179.1,35.9,Yes,Zone-A,3.49,3.34,3,Washer-1,2233.76,1313.18,9.65,1685.68,64.07,0,0,Fulfilled,64.76,3,80.37,9.31,2411.1,Good,Low,Quality Re-inspection Required
BATCH-00442,2022-06-02,Night,Banana,Fruits,SUP-013,1055.23,7.68,62.55,1262.8,211.9,55.6,No,Zone-C,3.0,0.78,3,Sorter-X,,1896.31,7.96,3231.31,99.07,1,0,Partial,95.11,3,149.95,14.21,2999.0,Good,Medium,Restore Cold Chain Immediately
BATCH-00443,2021-12-01,Morning,Tomato,Vegetables,SUP-004,1694.96,19.84,63.1,571.2,159.1,84.6,Yes,Zone-A,1.33,0.41,1,Conveyor-B,2526.17,2409.2,6.42,6693.11,90.97,0,0,Fulfilled,70.73,1,248.31,14.65,6207.75,Good,Medium,Reduce Storage Temperature
BATCH-00444,2023-04-05,Night,Mango,Fruits,SUP-008,1336.58,9.77,77.96,568.1,499.8,28.6,Yes,Zone-B,5.17,1.01,6,Conveyor-B,2230.93,1921.77,5.23,2897.87,63.37,0,0,Partial,55.12,0,107.86,8.07,6471.6,Good,Low,Quality Re-inspection Required
BATCH-00445,2020-04-01,Morning,Leafy Greens,Vegetables,SUP-003,1268.62,17.66,61.27,1259.4,290.0,60.6,Yes,Zone-D,0.98,0.26,6,Packer-Z,3985.66,376.74,8.81,2036.74,89.55,0,0,Fulfilled,63.79,2,199.43,15.72,2991.45,Bad,Medium,Reduce Storage Temperature
BATCH-00446,2023-04-05,Night,Banana,Fruits,SUP-009,433.78,18.14,76.19,,46.0,17.5,No,Zone-D,5.29,1.27,6,Conveyor-A,4632.84,1674.18,7.53,3110.94,52.49,0,0,Cancelled,97.66,2,52.75,12.16,1055.0,Good,Medium,Restore Cold Chain Immediately
BATCH-00447,2021-12-23,Afternoon,Orange,Fruits,SUP-002,1075.06,17.05,45.64,1467.0,259.6,35.3,No,Zone-C,2.9,2.25,2,Conveyor-B,954.15,2665.36,2.03,6468.12,77.4,0,0,Delayed,68.63,0,209.31,19.47,7325.85,Bad,High,Restore Cold Chain Immediately
BATCH-00448,2020-07-14,Morning,Tomato,Vegetables,SUP-002,1459.22,2.84,59.61,,25.0,91.0,Yes,Zone-B,5.03,0.92,5,Sorter-X,4204.86,2617.27,6.98,5071.56,67.87,0,1,Partial,82.0,3,119.51,8.19,2987.75,Good,Low,Prioritize Dispatch
BATCH-00449,2023-07-17,Afternoon,Tomato,Vegetables,SUP-013,1949.2,19.06,59.36,450.9,144.3,72.3,Yes,Zone-D,4.47,0.38,1,Washer-1,,1796.55,4.59,5065.09,71.35,0,0,Partial,86.97,0,313.82,16.1,7845.5,Bad,Medium,Reduce Storage Temperature
BATCH-00450,2022-08-05,Morning,Orange,Fruits,SUP-015,482.67,4.32,78.7,1179.9,223.0,53.3,Yes,Zone-C,3.4,1.21,6,Sorter-X,3589.76,2987.52,6.16,1663.34,73.64,1,1,Fulfilled,83.45,3,57.53,11.92,2013.55,Good,Medium,Activate Backup Supplier
BATCH-00451,2020-08-26,Morning,Pineapple,Fruits,SUP-012,118.13,2.62,59.16,1221.1,267.1,25.7,Yes,Zone-B,4.76,2.88,1,Packer-Z,,404.86,9.03,4403.2,75.14,0,0,Fulfilled,71.61,3,5.01,4.24,225.45,Good,Low,Monitor & Maintain
BATCH-00452,2020-02-19,Afternoon,Orange,Fruits,SUP-004,243.07,9.46,,1064.3,488.1,37.7,Yes,Zone-B,5.0,0.16,1,Conveyor-B,,1487.93,6.7,3203.24,82.82,0,0,Fulfilled,73.94,3,17.6,7.24,616.0,Good,Low,Monitor & Maintain
BATCH-00453,2020-07-25,Afternoon,Tomato,Vegetables,SUP-008,814.12,5.5,75.98,1220.0,491.1,16.7,Yes,Zone-A,8.42,0.15,2,Conveyor-A,4236.39,2347.86,9.42,3613.37,84.84,1,0,Fulfilled,91.87,0,50.96,6.26,1274.0,Good,Low,Activate Backup Supplier
BATCH-00454,2022-06-07,Afternoon,Tomato,Vegetables,SUP-009,1659.03,5.32,74.63,1028.5,49.0,35.2,Yes,Zone-D,6.82,0.77,1,Conveyor-A,3531.66,509.01,8.73,5138.37,98.79,0,0,Partial,84.16,2,105.35,6.35,2633.75,Good,Low,Monitor & Maintain
BATCH-00455,2020-09-18,Morning,Leafy Greens,Vegetables,SUP-005,113.57,,72.15,1231.2,269.1,16.2,No,Zone-B,4.61,1.07,2,Conveyor-B,1955.43,2920.97,1.72,6739.91,88.14,0,0,Fulfilled,56.03,3,16.08,14.16,241.2,Good,Medium,Restore Cold Chain Immediately
BATCH-00456,2020-11-25,Afternoon,Onion,Root Vegetables,SUP-020,967.79,6.47,63.61,452.7,408.6,76.8,Yes,Zone-D,9.1,0.49,5,Conveyor-A,3671.04,1126.73,0.61,2715.43,84.39,0,0,Partial,63.95,1,98.42,10.17,2165.24,Good,Medium,Prioritize Dispatch
BATCH-00457,2020-02-06,Afternoon,Banana,Fruits,SUP-018,725.54,14.33,61.8,842.1,118.9,9.6,No,Zone-D,7.68,0.05,2,Sorter-X,2793.3,1115.41,4.15,6123.37,69.62,0,0,Partial,,2,101.0,13.92,2020.0,Good,Medium,Restore Cold Chain Immediately
BATCH-00458,2022-11-21,Night,Orange,Fruits,SUP-011,199.72,5.36,70.41,,375.3,19.8,Yes,Zone-B,1.22,0.5,5,Washer-1,1350.38,718.26,8.72,1944.12,55.89,0,0,Fulfilled,71.08,0,10.13,5.07,354.55,Good,Low,Monitor & Maintain
BATCH-00459,2023-03-29,Night,Banana,Fruits,SUP-015,955.45,11.78,47.87,519.2,439.3,67.0,No,Zone-D,1.96,1.14,5,Conveyor-B,1282.46,935.25,2.69,3558.3,52.94,0,1,Partial,80.38,2,198.26,20.75,3965.2,Bad,High,Restore Cold Chain Immediately
BATCH-00460,2023-03-09,Afternoon,Orange,Fruits,SUP-009,584.02,19.76,84.41,680.9,331.2,86.8,Yes,Zone-A,1.28,0.17,5,Washer-1,3710.29,1775.01,7.07,2931.88,73.88,0,0,Fulfilled,71.13,1,111.78,19.14,3912.3,Bad,High,Reduce Storage Temperature
BATCH-00461,2020-07-05,Afternoon,Lemon,Citrus,SUP-017,768.58,9.78,,629.6,163.9,92.7,Yes,Zone-C,3.53,2.52,4,Conveyor-A,3703.69,1345.13,5.02,6979.54,83.41,0,0,Fulfilled,91.3,2,97.53,12.69,2925.9,Good,Medium,Prioritize Dispatch
BATCH-00462,2023-08-11,Afternoon,Tomato,Vegetables,SUP-012,1440.67,13.55,60.59,1567.8,461.6,80.6,No,Zone-C,4.64,1.61,5,Packer-Z,2888.48,660.8,7.59,2694.17,82.51,0,0,Fulfilled,75.85,2,252.55,17.53,6313.75,Bad,Medium,Restore Cold Chain Immediately
BATCH-00463,2022-09-08,Afternoon,Onion,Root Vegetables,SUP-007,1090.95,,70.51,743.9,441.8,21.9,No,Zone-B,5.29,1.14,2,Washer-1,2756.37,2446.51,2.07,5021.85,97.64,0,0,Fulfilled,77.1,2,215.57,19.76,4742.54,Bad,High,Restore Cold Chain Immediately
BATCH-00464,2023-08-03,Night,Leafy Greens,Vegetables,SUP-010,336.83,4.48,86.95,677.2,357.9,28.9,Yes,Zone-A,8.59,,4,Packer-Z,1310.17,280.49,2.77,2617.39,69.12,0,0,Fulfilled,73.81,2,17.92,5.32,268.8,Good,Low,Monitor & Maintain
BATCH-00465,2021-10-14,Morning,Onion,Root Vegetables,SUP-010,1926.69,9.53,57.22,1401.8,181.8,83.9,Yes,Zone-C,0.67,2.13,1,Sorter-X,2431.79,2520.49,2.8,4410.94,,0,0,Partial,68.66,2,235.63,12.23,5183.86,Good,Medium,Prioritize Dispatch
BATCH-00466,2021-09-29,Afternoon,Onion,Root Vegetables,SUP-013,1308.23,17.3,78.41,902.9,395.9,85.6,Yes,Zone-A,4.57,10.52,1,Packer-Z,4421.29,897.32,5.71,4061.85,94.39,0,0,Delayed,86.89,0,204.48,15.63,4498.56,Bad,Medium,Reduce Storage Temperature
BATCH-00467,2023-02-19,Afternoon,Onion,Root Vegetables,SUP-019,1555.15,18.78,48.72,,158.1,62.2,Yes,Zone-B,4.4,2.98,3,Washer-1,4346.27,1538.12,3.25,1900.29,70.2,0,0,Delayed,65.1,1,245.87,15.81,5409.14,Bad,Medium,Reduce Storage Temperature
BATCH-00468,2020-05-16,Night,Banana,Fruits,SUP-011,250.5,12.82,68.55,932.3,126.5,31.5,Yes,Zone-A,9.5,1.55,5,Washer-1,3474.14,1205.09,8.21,6458.29,,0,0,Fulfilled,85.34,0,18.84,7.52,376.8,Good,Low,Monitor & Maintain
BATCH-00469,2022-01-30,Afternoon,Orange,Fruits,SUP-013,189.41,4.58,84.78,899.8,257.5,23.1,Yes,Zone-B,2.79,2.94,3,Conveyor-B,4988.11,1754.75,3.79,6192.45,96.15,0,0,Delayed,78.31,2,14.7,7.76,514.5,Good,Low,Monitor & Maintain
BATCH-00470,2023-05-06,Afternoon,Potato,Root Vegetables,SUP-008,136.95,18.23,69.83,791.9,498.6,82.1,Yes,Zone-C,1.66,1.29,5,Packer-Z,4519.3,2408.37,6.78,3274.36,77.51,0,0,Cancelled,59.5,3,27.77,20.28,499.86,Bad,High,Reduce Storage Temperature
BATCH-00471,2023-04-27,Night,Lemon,Citrus,SUP-008,458.71,5.14,72.73,743.6,402.2,21.3,Yes,Zone-C,1.85,0.74,5,Sorter-X,1153.54,2969.03,9.51,5227.31,89.98,0,0,Fulfilled,55.79,2,31.88,6.95,956.4,Good,Low,Quality Re-inspection Required
BATCH-00472,2023-10-27,Afternoon,Mango,Fruits,SUP-004,887.38,8.35,85.84,1458.4,364.9,64.2,Yes,Zone-C,5.44,0.61,6,Conveyor-B,2296.11,987.57,6.27,3767.11,96.78,0,0,Delayed,62.46,2,98.77,11.13,5926.2,Good,Medium,Quality Re-inspection Required
BATCH-00473,2022-10-16,Afternoon,Onion,Root Vegetables,SUP-015,1878.07,8.76,77.19,594.0,226.0,93.0,No,Zone-C,4.21,,2,Conveyor-B,1093.72,1706.03,2.8,6129.21,78.55,0,0,Cancelled,88.48,1,296.55,15.79,6524.1,Bad,Medium,Restore Cold Chain Immediately
BATCH-00474,2020-10-30,Night,Pineapple,Fruits,SUP-011,968.41,10.05,76.31,617.3,156.0,68.3,Yes,Zone-D,7.66,0.0,2,Sorter-X,2597.4,1451.42,8.39,5683.33,55.46,0,0,Partial,71.92,0,101.88,10.52,4584.6,Good,Medium,Monitor & Maintain
BATCH-00475,2020-01-30,Morning,Banana,Fruits,SUP-011,651.48,16.22,71.39,1086.1,428.0,26.2,Yes,Zone-A,3.57,0.39,1,Conveyor-B,3993.72,2996.89,0.62,2185.61,91.08,0,0,Fulfilled,90.41,0,52.64,8.08,1052.8,Good,Low,Reduce Storage Temperature
BATCH-00476,2021-11-30,Afternoon,Leafy Greens,Vegetables,SUP-001,1167.68,,73.48,812.4,283.9,28.6,Yes,Zone-A,1.72,0.27,4,Sorter-X,1201.05,2445.85,2.94,6564.73,,1,0,Partial,,3,161.37,13.82,2420.55,Good,Medium,Reduce Storage Temperature
BATCH-00477,2022-01-20,Afternoon,Mango,Fruits,SUP-017,312.68,14.95,81.17,905.8,406.6,10.7,Yes,Zone-A,4.18,6.45,1,Conveyor-A,4461.9,1251.54,4.18,2702.47,55.75,0,0,Fulfilled,56.44,3,42.15,13.48,2529.0,Good,Medium,Reduce Storage Temperature
BATCH-00478,2020-12-16,Morning,Potato,Root Vegetables,SUP-015,1258.06,2.4,89.07,1367.9,243.9,66.5,Yes,Zone-B,8.89,0.13,5,Conveyor-B,3060.76,1482.95,2.36,2671.58,77.41,0,0,Cancelled,92.23,3,856.9421180735422,5.52,1249.92,Good,Low,Monitor & Maintain
BATCH-00479,2020-07-01,Night,Pineapple,Fruits,SUP-020,1180.02,12.17,80.79,1484.4,377.0,50.7,Yes,Zone-C,4.35,1.39,6,Washer-1,3870.25,813.27,6.24,5923.07,74.35,0,0,Fulfilled,96.2,2,114.46,9.7,5150.7,Good,Low,Monitor & Maintain
BATCH-00480,2022-05-05,Morning,Potato,Root Vegetables,SUP-006,1604.79,15.45,76.84,1348.7,433.9,21.4,No,Zone-C,8.42,,4,Conveyor-A,703.2,2290.22,5.8,2724.69,92.36,0,0,Delayed,58.27,0,296.73,18.49,5341.14,Bad,High,Restore Cold Chain Immediately
BATCH-00481,2023-01-20,Afternoon,Mango,Fruits,SUP-015,1974.71,10.0,51.1,681.9,195.7,23.4,No,Zone-D,4.03,1.87,3,Conveyor-B,922.27,2551.11,4.36,2371.13,63.73,1,0,Fulfilled,64.17,3,434.24,21.99,26054.4,Bad,High,Restore Cold Chain Immediately
BATCH-00482,2023-12-21,Morning,Onion,Root Vegetables,SUP-009,576.66,19.01,81.77,1576.0,6.8,2.8,No,Zone-D,3.17,1.37,5,Sorter-X,3293.88,2898.46,3.3,3609.74,71.31,0,0,Fulfilled,86.48,1,83.67,14.51,1840.74,Good,Medium,Restore Cold Chain Immediately
BATCH-00483,2023-01-12,Night,Pineapple,Fruits,SUP-014,1068.35,16.83,78.12,835.8,127.5,94.0,Yes,Zone-C,7.86,2.72,2,Conveyor-A,4271.86,1740.9,4.62,6532.92,80.24,0,0,Delayed,98.88,0,135.25,12.66,6086.25,Good,Medium,Reduce Storage Temperature
BATCH-00484,2023-03-04,Afternoon,Potato,Root Vegetables,SUP-018,1826.84,13.49,,602.9,457.5,79.8,Yes,Zone-A,2.49,0.87,1,Conveyor-A,4432.39,2044.98,3.27,2687.26,75.86,0,0,Delayed,93.56,2,132.26,7.24,2380.68,Good,Low,Prioritize Dispatch
BATCH-00485,2022-06-19,Night,Leafy Greens,Vegetables,SUP-017,1591.86,3.12,,999.4,343.8,39.1,No,Zone-A,2.7,0.43,1,Washer-1,,1393.57,2.6,3630.01,97.75,1,0,Fulfilled,59.35,0,268.55,16.87,4028.25,Bad,Medium,Restore Cold Chain Immediately
BATCH-00486,2023-12-10,Night,Orange,Fruits,SUP-018,1026.07,13.74,85.65,1270.3,368.6,90.9,Yes,Zone-C,0.97,3.76,3,Conveyor-B,1404.22,1866.47,3.84,3323.14,98.03,1,0,Cancelled,81.72,0,130.72,12.74,4575.2,Good,Medium,Prioritize Dispatch
BATCH-00487,2022-07-23,Morning,Tomato,Vegetables,SUP-005,1896.21,18.41,49.38,499.9,162.6,65.6,Yes,Zone-B,2.28,0.12,1,Conveyor-B,1377.6,1111.37,6.22,3728.71,54.08,1,0,Delayed,84.27,0,290.69,15.33,7267.25,Bad,Medium,Reduce Storage Temperature
BATCH-00488,2023-06-09,Morning,Orange,Fruits,SUP-020,208.75,8.83,56.41,1161.1,350.6,72.6,Yes,Zone-A,4.1,3.3,1,Sorter-X,4466.13,2239.3,6.66,5809.92,64.89,0,0,Delayed,82.76,0,19.41,9.3,679.35,Good,Low,Prioritize Dispatch
BATCH-00489,2023-10-12,Night,Mango,Fruits,SUP-020,1868.9,,,1429.7,323.1,65.9,Yes,Zone-C,4.3,0.22,4,Conveyor-A,1009.56,165.83,3.32,4015.76,,0,0,Partial,79.99,3,196.8,10.53,11808.0,Good,Medium,Reduce Storage Temperature
BATCH-00490,2023-09-19,Night,Banana,Fruits,SUP-009,195.96,7.64,75.32,714.1,89.2,73.1,Yes,Zone-C,4.5,1.96,5,Washer-1,3587.32,182.52,9.5,6073.14,70.89,0,0,Cancelled,67.86,1,21.18,10.81,423.6,Good,Medium,Prioritize Dispatch
BATCH-00491,2021-07-10,Afternoon,Tomato,Vegetables,SUP-011,1139.88,12.26,59.1,,484.3,18.1,Yes,Zone-D,5.06,1.3,4,Sorter-X,2900.78,2176.75,2.99,5380.74,,0,0,Delayed,84.41,2,116.84,10.25,2921.0,Good,Medium,Monitor & Maintain
BATCH-00492,2020-04-24,Night,Lemon,Citrus,SUP-001,1791.84,13.67,76.57,879.9,177.0,54.9,Yes,Zone-D,5.93,13.06,4,Sorter-X,2396.39,2798.98,7.27,3757.99,73.56,0,0,Delayed,87.05,0,288.31,16.09,8649.3,Bad,Medium,Expedite Processing
BATCH-00493,2020-09-07,Night,Leafy Greens,Vegetables,SUP-018,599.17,14.2,62.46,897.0,164.6,81.8,No,Zone-C,2.3,0.98,1,Washer-1,2481.51,1933.52,1.27,4171.32,53.36,0,0,Fulfilled,80.33,0,105.03,17.53,1575.45,Bad,Medium,Restore Cold Chain Immediately
BATCH-00494,2020-03-27,Morning,Lemon,Citrus,SUP-006,997.27,17.89,45.01,737.0,184.6,3.8,Yes,Zone-B,6.33,6.31,5,Conveyor-B,4753.43,2206.93,6.82,5748.05,59.8,0,0,Fulfilled,76.87,3,148.19,14.86,4445.7,Good,Medium,Reduce Storage Temperature
BATCH-00495,2020-06-02,Night,Pineapple,Fruits,SUP-002,716.22,6.22,52.32,1149.3,45.9,13.6,Yes,Zone-C,3.7,1.03,1,Washer-1,4376.49,2489.41,4.87,4766.93,58.66,1,0,Delayed,,3,58.59,8.18,2636.55,Good,Low,Activate Backup Supplier
BATCH-00496,2020-09-26,Night,Tomato,Vegetables,SUP-015,1909.07,6.72,84.72,833.2,312.5,25.1,Yes,Zone-A,7.47,,6,Conveyor-B,4392.43,1148.86,5.91,6705.06,75.56,1,0,Partial,78.97,0,211.72,11.09,5293.0,Good,Medium,Activate Backup Supplier
BATCH-00497,2021-05-12,Morning,Lemon,Citrus,SUP-014,1664.93,14.67,,1397.1,119.3,29.7,No,Zone-B,5.79,,6,Packer-Z,2329.78,413.53,2.25,7081.8,83.88,0,0,Delayed,60.64,1,253.07,15.2,7592.1,Bad,Medium,Restore Cold Chain Immediately
BATCH-00498,2022-03-04,Afternoon,Lemon,Citrus,SUP-005,1447.1,5.19,50.08,1555.5,401.7,19.2,Yes,Zone-B,5.77,0.18,1,Conveyor-A,981.42,2805.97,4.62,5829.88,,0,0,Cancelled,58.2,2,87.69,6.06,2630.7,Good,Low,Quality Re-inspection Required
BATCH-00499,2022-11-05,Morning,Potato,Root Vegetables,SUP-006,1216.49,10.36,75.7,1522.1,197.1,60.7,Yes,Zone-D,7.01,2.72,4,Washer-1,4990.28,2821.85,7.78,7407.29,56.52,0,0,Delayed,89.23,3,94.52,7.77,1701.36,Good,Low,Monitor & Maintain
BATCH-00500,2020-11-03,Morning,Orange,Fruits,SUP-006,1659.12,2.36,64.83,595.8,229.3,29.6,No,Zone-C,3.66,0.47,6,Sorter-X,1154.04,1381.34,7.79,5125.88,89.93,0,0,Fulfilled,84.76,3,210.21,12.67,7357.35,Good,Medium,Restore Cold Chain Immediately
BATCH-00501,2022-09-08,Night,Potato,Root Vegetables,SUP-018,845.31,4.54,80.85,417.0,323.2,16.9,Yes,Zone-D,4.58,0.98,2,Conveyor-B,2820.12,729.79,2.76,1891.42,92.92,0,0,Fulfilled,83.56,1,25.36,3.0,456.48,Good,Low,Monitor & Maintain
BATCH-00502,2022-10-25,Night,Tomato,Vegetables,SUP-014,950.35,14.22,83.77,926.2,380.9,87.1,Yes,Zone-A,6.04,,6,Conveyor-A,,2687.83,3.85,4593.19,63.82,0,0,Fulfilled,95.84,3,103.87,10.93,2596.75,Good,Medium,Reduce Storage Temperature
BATCH-00503,2022-03-26,Afternoon,Tomato,Vegetables,SUP-010,1487.0,,83.07,1274.7,115.6,67.3,Yes,Zone-D,4.5,,2,Conveyor-A,2798.34,2154.44,0.54,2996.35,,1,0,Partial,71.75,2,278.07,18.7,6951.75,Bad,High,Reduce Storage Temperature
BATCH-00504,2023-08-12,Night,Mango,Fruits,SUP-014,779.73,,59.09,1572.9,483.1,25.1,No,Zone-A,4.72,1.64,4,Washer-1,1872.2,123.86,1.35,3598.87,54.1,0,0,Fulfilled,,0,87.41,11.21,5244.6,Good,Medium,Restore Cold Chain Immediately
BATCH-00505,2020-06-11,Afternoon,Potato,Root Vegetables,SUP-013,221.41,6.1,67.75,1340.1,311.2,35.9,Yes,Zone-C,3.09,1.47,4,Sorter-X,4535.99,412.39,1.7,4507.31,61.38,1,0,Fulfilled,73.2,2,29.36,13.26,528.48,Good,Medium,Activate Backup Supplier
BATCH-00506,2020-09-15,Afternoon,Strawberry,Berries,SUP-003,241.24,3.78,,1096.7,2.8,71.6,Yes,Zone-C,3.23,1.41,1,Washer-1,4857.54,2951.28,3.29,3374.25,88.35,0,0,Fulfilled,75.47,2,20.43,8.47,1634.4,Good,Low,Monitor & Maintain
BATCH-00507,2021-09-17,Afternoon,Orange,Fruits,SUP-006,319.19,9.8,59.49,,207.8,76.3,Yes,Zone-D,7.14,3.39,5,Sorter-X,2345.29,210.57,7.71,3458.9,68.26,0,0,Delayed,77.57,2,37.28,11.68,1304.8,Good,Medium,Prioritize Dispatch
BATCH-00508,2020-07-04,Afternoon,Tomato,Vegetables,SUP-008,1752.39,4.27,46.85,1390.6,218.4,18.6,Yes,Zone-D,0.54,9.96,6,Packer-Z,815.85,919.41,5.35,3995.71,,0,0,Fulfilled,89.23,0,143.52,8.19,3588.0,Good,Low,Expedite Processing
BATCH-00509,2022-04-06,Night,Mango,Fruits,SUP-012,997.23,9.87,67.3,612.6,404.6,90.0,Yes,Zone-D,1.41,2.01,1,Washer-1,,1690.64,8.03,3324.32,97.31,0,0,Fulfilled,64.58,1,127.05,12.74,7623.0,Good,Medium,Prioritize Dispatch
BATCH-00510,2021-08-04,Morning,Potato,Root Vegetables,SUP-013,1454.48,15.18,,466.7,152.6,75.8,Yes,Zone-A,9.51,0.95,1,Conveyor-B,2194.82,634.63,7.67,2644.8,86.18,0,0,Partial,74.1,0,198.25,13.63,3568.5,Good,Medium,Reduce Storage Temperature
BATCH-00511,2021-02-19,Morning,Orange,Fruits,SUP-011,846.53,14.3,87.78,1420.4,165.6,82.5,No,Zone-B,2.28,0.49,3,Washer-1,4936.86,772.96,6.08,6107.91,72.67,0,0,Fulfilled,77.23,3,148.9,17.59,5211.5,Bad,Medium,Restore Cold Chain Immediately
BATCH-00512,2020-09-05,Night,Potato,Root Vegetables,SUP-012,591.55,7.05,,1079.5,35.2,15.5,No,Zone-B,4.47,0.44,1,Washer-1,902.19,1123.61,5.25,3956.18,68.34,0,1,Fulfilled,62.44,1,81.63,13.8,1469.34,Good,Medium,Restore Cold Chain Immediately
BATCH-00513,2021-05-04,Night,Lemon,Citrus,SUP-001,759.67,14.13,53.64,554.3,141.8,15.5,No,Zone-D,8.57,3.88,5,Packer-Z,,881.71,9.35,6492.51,59.53,0,1,Fulfilled,85.89,1,120.03,15.8,3600.9,Bad,Medium,Restore Cold Chain Immediately
BATCH-00514,2022-06-06,Afternoon,Mango,Fruits,SUP-017,1608.95,18.7,57.94,863.9,358.5,30.7,Yes,Zone-D,0.5,9.75,1,Packer-Z,,2429.73,5.91,6788.59,87.81,1,1,Partial,57.48,3,363.78,22.61,21826.8,Bad,High,Reduce Storage Temperature
BATCH-00515,2022-04-20,Night,Orange,Fruits,SUP-016,1287.91,8.26,89.23,502.7,317.4,8.1,Yes,Zone-C,9.29,2.39,4,Washer-1,,1550.8,5.09,6023.1,55.62,1,0,Fulfilled,80.78,3,102.52,7.96,3588.2,Good,Low,Activate Backup Supplier
BATCH-00516,2020-08-26,Morning,Onion,Root Vegetables,SUP-011,1881.52,7.92,61.81,1165.6,40.7,10.6,Yes,Zone-D,1.01,6.24,5,Sorter-X,2619.93,908.0,8.76,3964.67,53.07,0,0,Delayed,63.89,1,191.35,10.17,4209.7,Good,Medium,Expedite Processing
BATCH-00517,2020-07-01,Night,Pineapple,Fruits,SUP-013,1391.44,12.29,80.27,738.9,57.3,15.5,Yes,Zone-C,2.12,0.86,6,Packer-Z,1747.69,1007.98,1.18,5850.88,55.24,0,0,Fulfilled,55.37,3,118.97,8.55,5353.65,Good,Low,Quality Re-inspection Required
BATCH-00518,2020-02-08,Night,Pineapple,Fruits,SUP-018,1183.35,6.42,65.11,1439.3,188.5,69.0,Yes,Zone-A,0.78,1.98,4,Packer-Z,1894.15,215.61,6.73,2561.83,62.15,0,0,Cancelled,68.89,1,99.16,8.38,4462.2,Good,Low,Quality Re-inspection Required
BATCH-00519,2020-01-19,Afternoon,Orange,Fruits,SUP-011,1259.37,13.73,83.88,829.4,371.9,4.8,Yes,Zone-A,5.44,1.43,3,Sorter-X,2020.88,243.24,1.57,5501.08,81.36,0,0,Partial,73.88,3,110.32,8.76,3861.2,Good,Low,Monitor & Maintain
BATCH-00520,2023-07-08,Afternoon,Potato,Root Vegetables,SUP-012,1890.51,16.98,76.67,,416.5,9.8,No,Zone-A,9.46,1.32,3,Conveyor-A,1513.77,2181.93,8.29,4019.05,93.07,1,0,Delayed,90.96,1,336.7,17.81,6060.6,Bad,Medium,Restore Cold Chain Immediately
BATCH-00521,2020-03-06,Afternoon,Mango,Fruits,SUP-006,1597.58,10.27,46.03,,7.3,90.8,Yes,Zone-A,8.47,2.0,5,Packer-Z,4327.89,427.44,8.03,5469.29,99.63,0,1,Fulfilled,72.95,0,253.06,15.84,15183.6,Bad,Medium,Prioritize Dispatch
BATCH-00522,2022-12-03,Afternoon,Pineapple,Fruits,SUP-009,145.68,14.23,58.25,730.7,164.5,9.9,Yes,Zone-D,6.58,0.74,6,Packer-Z,792.85,1479.81,5.28,6045.33,86.57,0,1,Partial,95.28,0,10.2,7.0,459.0,Good,Low,Reduce Storage Temperature
BATCH-00523,2023-06-27,Morning,Mango,Fruits,SUP-016,1114.87,13.73,70.11,1212.1,212.1,52.5,Yes,Zone-D,2.26,2.05,2,Sorter-X,2332.75,2542.86,6.78,4929.21,57.3,0,0,Delayed,92.07,3,85.96,7.71,5157.6,Good,Low,Monitor & Maintain
BATCH-00524,2020-05-23,Night,Pineapple,Fruits,SUP-004,1407.84,2.7,86.68,1283.5,455.6,62.4,Yes,Zone-C,8.76,2.23,2,Sorter-X,3864.21,1168.52,7.84,5392.8,63.89,0,0,Partial,63.48,3,143.18,10.17,6443.1,Good,Medium,Quality Re-inspection Required
BATCH-00525,2021-09-29,Night,Lemon,Citrus,SUP-003,1522.53,,49.59,691.4,250.7,92.1,Yes,Zone-D,7.67,3.62,5,Washer-1,517.21,1102.68,5.09,2900.6,56.6,0,0,Partial,61.85,1,152.71,10.03,4581.3,Good,Medium,Prioritize Dispatch
BATCH-00526,2023-11-05,Afternoon,Potato,Root Vegetables,SUP-016,504.97,18.08,72.05,,134.9,86.6,Yes,Zone-C,3.04,,5,Washer-1,4451.15,2631.84,9.11,5103.58,55.78,0,0,Fulfilled,65.73,2,90.39,17.9,1627.02,Bad,Medium,Reduce Storage Temperature
BATCH-00527,2023-05-02,Morning,Lemon,Citrus,SUP-012,1747.64,18.9,58.6,1381.0,195.0,43.4,Yes,Zone-A,8.15,,4,Conveyor-A,3678.32,2608.07,4.65,4335.36,78.39,0,0,Fulfilled,70.83,3,167.77,9.6,5033.1,Good,Low,Reduce Storage Temperature
BATCH-00528,2021-12-15,Morning,Pineapple,Fruits,SUP-011,1916.1,16.05,85.02,,218.2,90.6,No,Zone-C,8.83,1.2,3,Conveyor-A,830.18,2652.4,8.97,4146.99,95.34,1,1,Fulfilled,80.67,0,497.42,25.96,22383.9,Bad,High,Restore Cold Chain Immediately
BATCH-00529,2023-01-18,Night,Onion,Root Vegetables,SUP-005,549.76,18.58,79.43,560.5,335.0,42.6,No,Zone-C,7.13,0.26,5,Conveyor-A,4527.48,1758.55,6.04,4043.93,84.22,1,0,Cancelled,60.46,3,124.41,22.63,2737.02,Bad,High,Restore Cold Chain Immediately
BATCH-00530,2023-05-01,Afternoon,Onion,Root Vegetables,SUP-018,1776.97,,61.64,918.2,20.5,65.0,Yes,Zone-D,1.45,0.59,1,Conveyor-B,2692.87,2861.68,4.55,3466.47,,0,0,Partial,78.41,1,164.73,9.27,3624.06,Good,Low,Monitor & Maintain
BATCH-00531,2021-05-23,Night,Lemon,Citrus,SUP-019,284.26,6.46,52.52,1120.8,194.7,26.4,Yes,Zone-A,9.85,1.47,4,Sorter-X,3435.08,2475.0,0.54,3433.99,,0,0,Fulfilled,80.55,1,20.18,7.1,605.4,Good,Low,Monitor & Maintain
BATCH-00532,2023-07-26,Night,Onion,Root Vegetables,SUP-006,205.84,8.92,45.52,408.9,323.3,61.8,No,Zone-B,1.22,0.21,3,Packer-Z,4469.15,1305.34,3.31,5725.29,73.77,0,0,Fulfilled,84.08,3,32.65,15.86,718.3,Bad,Medium,Restore Cold Chain Immediately
BATCH-00533,2021-11-17,Morning,Pineapple,Fruits,SUP-018,345.53,3.0,72.95,,141.7,52.6,Yes,Zone-D,6.72,1.69,4,Sorter-X,4465.23,1925.71,8.75,4900.82,,1,0,Partial,79.2,3,34.38,9.95,1547.1,Good,Low,Activate Backup Supplier
BATCH-00534,2022-02-09,Morning,Orange,Fruits,SUP-006,209.71,16.58,63.28,1128.9,295.9,59.0,Yes,Zone-D,1.55,,3,Sorter-X,2339.35,453.19,4.57,1834.02,86.1,0,0,Fulfilled,91.31,2,26.4,12.59,924.0,Good,Medium,Reduce Storage Temperature
BATCH-00535,2023-12-30,Night,Lemon,Citrus,SUP-004,1705.52,19.72,59.16,1542.3,178.6,66.2,Yes,Zone-B,9.1,0.07,1,Conveyor-A,1569.6,1698.86,4.5,1941.93,72.97,0,1,Partial,83.23,2,293.69,17.22,8810.7,Bad,Medium,Reduce Storage Temperature
BATCH-00536,2023-05-16,Afternoon,Banana,Fruits,SUP-012,212.2,16.83,89.35,890.3,379.4,18.3,Yes,Zone-A,3.82,1.14,3,Sorter-X,1658.4,863.13,5.15,4972.39,66.63,1,0,Fulfilled,95.68,1,28.63,13.49,572.6,Good,Medium,Reduce Storage Temperature
BATCH-00537,2021-06-12,Afternoon,Potato,Root Vegetables,SUP-019,616.16,11.99,,595.6,30.3,30.3,No,Zone-B,5.36,0.66,4,Conveyor-B,3946.74,922.29,3.22,6576.91,54.66,0,0,Fulfilled,85.84,2,90.14,14.63,1622.52,Good,Medium,Restore Cold Chain Immediately
BATCH-00538,2020-01-16,Night,Onion,Root Vegetables,SUP-002,297.14,7.32,78.74,1041.1,459.0,71.2,No,Zone-C,2.2,0.14,3,Packer-Z,4682.44,464.58,5.17,1915.51,91.05,0,1,Partial,74.19,0,46.77,15.74,1028.94,Bad,Medium,Restore Cold Chain Immediately
BATCH-00539,2022-07-03,Night,Onion,Root Vegetables,SUP-017,661.3,5.56,52.98,742.9,85.8,17.4,Yes,Zone-B,5.69,0.69,4,Conveyor-A,825.04,1138.78,4.07,4606.87,58.47,0,0,Fulfilled,64.23,3,38.02,5.75,836.44,Good,Low,Quality Re-inspection Required
BATCH-00540,2022-10-24,Afternoon,Tomato,Vegetables,SUP-011,272.06,8.55,45.61,657.7,79.3,34.4,Yes,Zone-A,9.42,0.7,5,Washer-1,567.59,1496.03,9.14,6605.1,75.75,0,0,Fulfilled,55.46,3,24.89,9.15,622.25,Good,Low,Quality Re-inspection Required
BATCH-00541,2022-08-08,Afternoon,Strawberry,Berries,SUP-011,1369.21,14.01,63.79,1108.5,420.3,64.6,Yes,Zone-A,9.07,0.88,1,Packer-Z,,1841.03,5.86,1685.84,,0,0,Delayed,58.98,1,169.1,12.35,13528.0,Good,Medium,Reduce Storage Temperature
BATCH-00542,2023-11-14,Afternoon,Lemon,Citrus,SUP-016,353.32,10.05,74.95,1499.1,434.6,90.1,No,Zone-B,1.11,0.91,4,Washer-1,2239.71,984.12,8.42,3262.36,87.2,0,0,Fulfilled,63.35,3,60.45,17.11,1813.5,Bad,Medium,Restore Cold Chain Immediately
BATCH-00543,2023-06-13,Night,Leafy Greens,Vegetables,SUP-002,1718.51,18.81,67.8,1402.3,46.5,9.1,Yes,Zone-D,4.09,1.12,2,Washer-1,1744.02,2397.52,7.03,7004.74,54.17,0,0,Partial,64.52,0,223.92,13.03,3358.8,Good,Medium,Reduce Storage Temperature
BATCH-00544,2021-10-17,Morning,Onion,Root Vegetables,SUP-002,1652.66,17.38,85.07,618.8,454.4,50.6,Yes,Zone-B,3.04,0.19,2,Sorter-X,1347.68,1610.78,2.52,2133.34,50.53,0,0,Delayed,87.65,1,192.04,11.62,4224.88,Good,Medium,Reduce Storage Temperature
BATCH-00545,2020-04-01,Afternoon,Potato,Root Vegetables,SUP-008,125.96,,64.53,1319.1,136.6,9.7,Yes,Zone-C,5.07,0.01,6,Packer-Z,2059.16,1950.35,8.74,5186.65,85.3,1,0,Fulfilled,71.99,3,7.44,5.91,133.92,Good,Low,Activate Backup Supplier
BATCH-00546,2021-11-26,Afternoon,Banana,Fruits,SUP-013,1801.88,4.37,59.0,675.8,309.3,37.6,No,Zone-B,8.42,2.66,6,Conveyor-B,4871.61,906.62,1.33,4607.89,72.72,0,1,Fulfilled,69.28,0,274.79,15.25,5495.8,Bad,Medium,Restore Cold Chain Immediately
BATCH-00547,2022-10-03,Afternoon,Onion,Root Vegetables,SUP-010,154.99,14.17,86.22,748.8,34.3,18.5,Yes,Zone-B,7.52,0.82,3,Sorter-X,4896.86,2460.99,4.76,2541.26,,0,0,Delayed,57.3,1,17.27,11.14,379.94,Good,Medium,Reduce Storage Temperature
BATCH-00548,2022-06-06,Night,Banana,Fruits,SUP-008,555.33,6.15,63.31,1504.1,190.3,63.0,No,Zone-B,3.77,,5,Washer-1,1991.81,1910.4,2.77,1906.85,99.1,0,0,Partial,78.7,0,70.53,12.7,1410.6,Good,Medium,Restore Cold Chain Immediately
BATCH-00549,2022-02-24,Morning,Pineapple,Fruits,SUP-004,161.54,16.24,57.13,1493.3,225.4,73.2,Yes,Zone-C,4.14,0.73,5,Packer-Z,4836.61,2600.81,5.61,4580.03,89.57,0,0,Delayed,81.97,3,18.74,11.6,843.3,Good,Medium,Reduce Storage Temperature
BATCH-00550,2021-11-15,Morning,Pineapple,Fruits,SUP-015,738.1,12.64,49.39,602.4,299.9,25.3,Yes,Zone-B,6.72,8.29,2,Sorter-X,1849.39,563.86,3.35,5931.11,78.93,0,0,Fulfilled,93.63,2,71.74,9.72,3228.3,Good,Low,Expedite Processing
BATCH-00551,2021-03-04,Afternoon,Strawberry,Berries,SUP-001,1076.35,6.14,80.7,477.0,262.6,69.0,Yes,Zone-D,2.35,0.76,3,Packer-Z,4345.16,1203.92,7.37,2689.78,85.11,0,1,Delayed,77.13,1,110.43,10.26,8834.4,Good,Medium,Monitor & Maintain
BATCH-00552,2021-02-08,Night,Orange,Fruits,SUP-011,1613.63,10.62,,751.7,230.7,44.0,Yes,Zone-C,1.48,1.86,5,Conveyor-A,1454.02,427.75,9.4,5676.57,57.75,0,0,Fulfilled,,3,143.61,8.9,5026.35,Good,Low,Quality Re-inspection Required
BATCH-00553,2021-12-31,Morning,Leafy Greens,Vegetables,SUP-007,742.16,9.31,46.5,,479.8,28.7,Yes,Zone-D,2.8,0.5,5,Conveyor-B,4219.19,725.03,7.24,4834.49,98.11,0,0,Delayed,57.87,1,75.03,10.11,1125.45,Good,Medium,Quality Re-inspection Required
BATCH-00554,2020-08-22,Night,Tomato,Vegetables,SUP-017,1440.43,17.72,61.14,1452.3,92.5,51.2,No,Zone-C,1.68,,3,Conveyor-B,2091.79,1244.19,3.88,3739.09,99.82,0,0,Delayed,66.92,1,284.63,19.76,7115.75,Bad,High,Restore Cold Chain Immediately
BATCH-00555,2021-05-12,Morning,Strawberry,Berries,SUP-020,456.26,2.58,78.74,,79.0,37.7,Yes,Zone-A,3.84,1.73,4,Conveyor-B,1380.76,2694.29,6.2,5520.34,82.42,0,0,Partial,61.12,1,29.16,6.39,2332.8,Good,Low,Quality Re-inspection Required
BATCH-00556,2021-04-18,Afternoon,Mango,Fruits,SUP-018,1526.14,18.13,87.59,898.0,356.7,23.6,Yes,Zone-A,9.41,0.4,2,Washer-1,4706.51,1715.42,8.94,2775.39,,0,0,Partial,88.91,0,133.08,8.72,7984.8,Good,Low,Reduce Storage Temperature
BATCH-00557,2022-05-07,Night,Tomato,Vegetables,SUP-012,548.39,13.74,62.0,726.1,37.3,73.1,No,Zone-C,1.64,0.26,6,Washer-1,1463.83,1058.1,3.07,4314.77,85.22,0,0,Fulfilled,59.75,1,98.44,17.95,2461.0,Bad,Medium,Restore Cold Chain Immediately
BATCH-00558,2020-04-07,Afternoon,Lemon,Citrus,SUP-009,372.74,15.28,84.24,417.9,241.4,77.0,Yes,Zone-C,8.27,7.27,5,Conveyor-B,,2266.01,1.62,4851.46,,1,0,Fulfilled,62.07,2,74.62,20.02,2238.6,Bad,High,Reduce Storage Temperature
BATCH-00559,2023-04-26,Morning,Potato,Root Vegetables,SUP-005,452.28,2.05,62.72,1346.1,242.0,77.2,Yes,Zone-C,5.58,4.47,4,Packer-Z,988.58,157.08,1.74,4325.02,71.93,0,0,Fulfilled,,3,37.36,8.26,672.48,Good,Low,Prioritize Dispatch
BATCH-00560,2022-04-01,Morning,Mango,Fruits,SUP-010,445.92,,53.08,1375.9,155.0,37.9,Yes,Zone-A,6.51,2.16,4,Conveyor-A,545.09,1173.27,5.2,3969.48,,0,0,Partial,65.54,0,63.68,14.28,3820.8,Good,Medium,Quality Re-inspection Required
BATCH-00561,2022-09-06,Afternoon,Mango,Fruits,SUP-004,1074.44,12.59,45.16,665.5,465.2,17.9,Yes,Zone-C,2.12,3.95,4,Washer-1,4418.57,1842.41,7.46,5964.71,64.14,0,0,Cancelled,97.64,1,114.97,10.7,6898.2,Good,Medium,Monitor & Maintain
BATCH-00562,2022-10-23,Morning,Strawberry,Berries,SUP-005,1705.12,11.67,59.86,581.5,141.3,81.0,Yes,Zone-A,1.94,0.2,4,Sorter-X,3139.72,1791.39,6.74,5471.95,72.34,1,1,Delayed,92.98,1,243.15,14.26,19452.0,Good,Medium,Prioritize Dispatch
BATCH-00563,2021-03-01,Afternoon,Orange,Fruits,SUP-010,251.25,16.15,62.03,573.5,144.2,33.0,Yes,Zone-A,2.05,2.61,1,Sorter-X,2397.32,1861.92,4.81,5375.27,71.81,0,0,Fulfilled,87.76,3,22.74,9.05,795.9,Good,Low,Reduce Storage Temperature
BATCH-00564,2021-11-17,Afternoon,Strawberry,Berries,SUP-011,1443.22,12.01,87.53,,117.1,72.3,Yes,Zone-C,6.84,0.67,1,Washer-1,868.84,713.35,7.43,6841.36,64.41,0,0,Partial,70.1,0,144.18,9.99,11534.4,Good,Low,Prioritize Dispatch
BATCH-00565,2023-10-28,Afternoon,Lemon,Citrus,SUP-010,1343.26,17.43,,695.8,72.9,78.8,No,Zone-C,7.6,1.55,6,Conveyor-B,3087.02,1077.53,6.52,7432.24,89.34,0,0,Fulfilled,57.5,0,299.68,22.31,8990.4,Bad,High,Restore Cold Chain Immediately
BATCH-00566,2023-01-24,Morning,Onion,Root Vegetables,SUP-008,1757.79,6.19,62.2,1013.6,182.0,74.2,Yes,Zone-C,9.24,2.89,3,Packer-Z,2271.77,2801.54,6.47,4955.46,70.48,0,1,Fulfilled,69.8,1,184.04,10.47,4048.88,Good,Medium,Prioritize Dispatch
BATCH-00567,2023-11-16,Night,Onion,Root Vegetables,SUP-002,563.88,16.51,46.13,861.8,340.4,38.6,Yes,Zone-A,4.28,0.07,2,Conveyor-A,2676.3,2924.53,2.42,3683.44,77.59,0,0,Fulfilled,,0,52.72,9.35,1159.84,Good,Low,Reduce Storage Temperature
BATCH-00568,2022-12-25,Afternoon,Orange,Fruits,SUP-008,955.21,5.23,79.36,653.1,371.1,90.2,No,Zone-B,4.89,2.37,3,Sorter-X,3336.76,1004.91,3.47,6185.27,57.8,0,0,Cancelled,60.61,2,156.85,16.42,5489.75,Bad,Medium,Restore Cold Chain Immediately
BATCH-00569,2020-09-13,Night,Lemon,Citrus,SUP-016,1859.07,16.64,86.18,1301.4,406.7,64.1,Yes,Zone-C,4.96,1.14,1,Washer-1,,1969.06,3.77,2485.6,73.75,0,0,Fulfilled,60.31,1,252.46,13.58,7573.8,Good,Medium,Reduce Storage Temperature
BATCH-00570,2020-04-04,Morning,Orange,Fruits,SUP-005,1353.99,18.93,55.7,580.4,98.8,56.1,Yes,Zone-B,3.06,1.16,3,Packer-Z,4822.7,799.76,8.18,4640.0,88.07,0,0,Fulfilled,84.4,1,159.36,11.77,5577.6,Good,Medium,Reduce Storage Temperature
BATCH-00571,2022-04-23,Morning,Banana,Fruits,SUP-003,838.66,8.04,64.3,1358.7,17.8,67.6,Yes,Zone-B,3.62,4.76,3,Conveyor-B,3447.74,1168.73,7.86,4707.39,72.23,0,0,Fulfilled,65.23,0,79.5,9.48,1590.0,Good,Low,Quality Re-inspection Required
BATCH-00572,2021-06-06,Night,Onion,Root Vegetables,SUP-012,349.68,11.54,50.5,1073.7,487.3,6.2,No,Zone-B,8.54,3.93,4,Conveyor-A,2027.32,2397.77,2.9,7373.95,77.89,1,0,Partial,84.83,2,57.38,16.41,1262.36,Bad,Medium,Restore Cold Chain Immediately
BATCH-00573,2021-02-06,Afternoon,Mango,Fruits,SUP-013,598.72,13.85,65.56,1398.4,7.2,38.7,Yes,Zone-D,3.77,0.12,5,Conveyor-A,,1553.42,1.02,7417.75,85.09,1,0,Fulfilled,79.13,2,74.42,12.43,4465.2,Good,Medium,Activate Backup Supplier
BATCH-00574,2023-03-24,Morning,Leafy Greens,Vegetables,SUP-013,1204.31,3.43,51.0,405.7,480.3,84.8,No,Zone-B,8.76,1.93,1,Sorter-X,2647.22,2563.81,7.79,6303.43,69.45,0,0,Delayed,94.66,1,182.93,15.19,2743.95,Bad,Medium,Restore Cold Chain Immediately
BATCH-00575,2021-06-19,Afternoon,Potato,Root Vegetables,SUP-010,1464.52,10.89,68.55,1299.0,414.4,17.1,Yes,Zone-B,3.4,1.14,1,Sorter-X,1666.97,1923.35,4.39,4408.22,67.66,0,0,Fulfilled,90.08,2,65.76,4.49,1183.68,Good,Low,Monitor & Maintain
BATCH-00576,2021-04-07,Afternoon,Lemon,Citrus,SUP-004,336.4,8.49,78.06,461.8,456.0,41.0,Yes,Zone-A,3.73,0.25,3,Washer-1,2193.98,1923.87,2.59,4839.38,54.29,0,0,Fulfilled,61.66,2,32.77,9.74,983.1,Good,Low,Quality Re-inspection Required
BATCH-00577,2023-05-25,Night,Tomato,Vegetables,SUP-009,1239.23,17.7,69.9,1540.1,193.6,40.1,Yes,Zone-D,5.82,3.81,5,Conveyor-A,,198.25,1.61,3517.7,79.11,0,0,Partial,81.85,2,189.6,15.3,4740.0,Bad,Medium,Reduce Storage Temperature
BATCH-00578,2023-05-20,Morning,Orange,Fruits,SUP-002,1145.67,,56.03,1243.3,98.6,35.5,Yes,Zone-A,1.48,0.15,3,Conveyor-B,4368.93,2274.04,0.62,6481.4,85.35,0,0,Fulfilled,83.74,1,97.95,8.55,3428.25,Good,Low,Reduce Storage Temperature
BATCH-00579,2021-06-04,Night,Potato,Root Vegetables,SUP-019,1076.52,14.61,60.92,784.2,303.2,54.9,Yes,Zone-A,9.26,0.07,2,Conveyor-B,3325.07,2935.81,4.56,5997.43,79.06,0,0,Partial,92.93,3,86.77,8.06,1561.86,Good,Low,Reduce Storage Temperature
BATCH-00580,2023-04-30,Morning,Tomato,Vegetables,SUP-001,1411.23,13.8,73.74,783.8,370.6,95.6,Yes,Zone-B,8.29,0.44,1,Washer-1,3122.78,1471.78,3.73,6141.98,64.18,0,0,Partial,83.2,1,155.24,11.0,3881.0,Good,Medium,Prioritize Dispatch
BATCH-00581,2023-05-27,Night,Potato,Root Vegetables,SUP-007,1691.15,15.21,71.54,1433.8,65.4,26.0,Yes,Zone-A,6.87,0.72,4,Conveyor-A,,559.88,7.12,2465.71,63.12,0,0,Partial,61.19,3,201.25,11.9,3622.5,Good,Medium,Reduce Storage Temperature
BATCH-00582,2021-09-10,Morning,Leafy Greens,Vegetables,SUP-017,713.68,8.59,51.15,1483.4,398.8,68.3,No,Zone-C,9.89,0.13,4,Sorter-X,3361.55,2933.24,9.78,3976.06,,0,0,Delayed,66.37,2,120.26,16.85,1803.9,Bad,Medium,Restore Cold Chain Immediately
BATCH-00583,2020-04-07,Morning,Tomato,Vegetables,SUP-003,1789.12,9.28,83.02,1469.9,104.3,73.3,Yes,Zone-B,0.65,2.05,4,Conveyor-B,4127.24,941.37,2.46,4782.01,52.35,1,0,Delayed,83.05,2,260.67,14.57,6516.75,Good,Medium,Prioritize Dispatch
BATCH-00584,2020-01-03,Morning,Strawberry,Berries,SUP-020,405.2,11.97,66.38,1370.5,245.8,56.9,Yes,Zone-C,4.41,1.15,6,Packer-Z,,1286.67,2.81,2384.26,71.34,1,0,Partial,95.13,1,48.62,12.0,3889.6,Good,Medium,Activate Backup Supplier
BATCH-00585,2022-02-03,Afternoon,Pineapple,Fruits,SUP-020,428.75,18.88,52.31,,428.2,11.2,No,Zone-B,8.65,1.06,6,Washer-1,659.57,324.36,3.7,3801.7,58.03,0,1,Cancelled,94.23,1,85.06,19.84,3827.7,Bad,High,Restore Cold Chain Immediately
BATCH-00586,2021-05-17,Afternoon,Strawberry,Berries,SUP-003,606.87,15.03,,1087.3,96.7,55.8,No,Zone-B,4.61,0.31,1,Conveyor-B,3790.08,421.43,4.93,2167.98,84.54,0,0,Fulfilled,70.8,0,114.15,18.81,9132.0,Bad,High,Restore Cold Chain Immediately
BATCH-00587,2023-12-26,Night,Onion,Root Vegetables,SUP-003,327.11,11.92,88.45,433.9,120.9,91.6,No,Zone-B,0.55,1.15,1,Packer-Z,3739.76,728.04,7.13,7230.87,98.09,1,0,Delayed,91.55,0,72.72,22.23,1599.84,Bad,High,Restore Cold Chain Immediately
BATCH-00588,2023-02-01,Night,Pineapple,Fruits,SUP-017,537.61,15.87,57.67,504.1,31.4,34.2,No,Zone-D,2.0,0.99,4,Packer-Z,,1690.55,3.84,6024.84,53.67,0,0,Fulfilled,77.5,2,91.02,16.93,4095.9,Bad,Medium,Restore Cold Chain Immediately
BATCH-00589,2023-01-16,Morning,Strawberry,Berries,SUP-007,302.18,8.68,,1179.5,73.3,62.1,Yes,Zone-B,4.62,0.97,1,Conveyor-B,1176.11,1717.59,1.49,5266.55,94.65,0,1,Fulfilled,,1,32.76,10.84,2620.8,Good,Medium,Monitor & Maintain
BATCH-00590,2023-10-26,Morning,Pineapple,Fruits,SUP-014,1661.33,15.15,63.48,881.4,73.3,92.2,Yes,Zone-C,6.85,0.49,4,Washer-1,,1858.11,7.44,2850.22,82.89,1,0,Delayed,70.44,1,285.25,17.17,12836.25,Bad,Medium,Reduce Storage Temperature
BATCH-00591,2023-07-20,Afternoon,Pineapple,Fruits,SUP-017,364.04,,62.37,1080.8,101.7,77.0,Yes,Zone-B,2.05,0.2,2,Packer-Z,3015.45,1793.07,8.05,3601.28,93.01,0,0,Fulfilled,84.84,1,42.16,11.58,1897.2,Good,Medium,Prioritize Dispatch
BATCH-00592,2021-04-09,Afternoon,Mango,Fruits,SUP-018,1519.87,7.03,76.54,677.3,143.1,66.7,Yes,Zone-B,4.76,0.6,2,Packer-Z,4197.33,1536.19,2.85,2499.46,57.75,0,0,Fulfilled,81.38,2,144.24,9.49,8654.4,Good,Low,Monitor & Maintain
BATCH-00593,2020-08-30,Afternoon,Orange,Fruits,SUP-013,191.04,12.98,45.44,1179.3,407.5,93.3,Yes,Zone-A,0.62,2.2,2,Conveyor-A,1331.35,2426.09,1.8,4774.86,95.32,0,0,Fulfilled,71.49,0,29.1,15.23,1018.5,Bad,Medium,Prioritize Dispatch
BATCH-00594,2022-12-25,Night,Orange,Fruits,SUP-020,1902.19,14.36,60.21,691.4,457.9,18.0,No,Zone-B,5.04,0.15,3,Conveyor-A,637.77,2808.31,5.51,6427.2,97.89,0,0,Fulfilled,88.56,1,288.75,15.18,10106.25,Bad,Medium,Restore Cold Chain Immediately
BATCH-00595,2021-07-06,Afternoon,Mango,Fruits,SUP-020,1451.2,10.27,58.62,953.0,203.1,74.6,No,Zone-B,9.01,0.96,3,Conveyor-A,,882.31,2.48,1770.6,95.34,1,1,Fulfilled,71.69,1,328.41,22.63,19704.6,Bad,High,Restore Cold Chain Immediately
BATCH-00596,2021-11-21,Night,Potato,Root Vegetables,SUP-018,112.91,12.18,84.06,974.5,64.1,40.2,Yes,Zone-B,6.17,1.44,5,Packer-Z,2536.57,477.56,4.05,2260.22,89.27,1,0,Fulfilled,80.71,3,18.69,16.55,336.42,Bad,Medium,Activate Backup Supplier
BATCH-00597,2022-07-09,Afternoon,Banana,Fruits,SUP-004,1551.33,14.49,68.81,613.2,111.9,35.9,Yes,Zone-B,4.69,6.6,5,Packer-Z,2854.82,1332.75,7.88,2992.52,54.52,0,0,Partial,72.26,0,194.85,12.56,3897.0,Good,Medium,Reduce Storage Temperature
BATCH-00598,2023-08-18,Afternoon,Potato,Root Vegetables,SUP-001,1076.76,,61.41,1451.4,368.1,50.9,Yes,Zone-B,2.04,3.71,5,Washer-1,4359.66,176.62,2.59,5808.73,61.04,0,0,Partial,60.14,1,156.24,14.51,2812.32,Good,Medium,Reduce Storage Temperature
BATCH-00599,2021-09-03,Morning,Tomato,Vegetables,SUP-018,1580.79,18.12,56.97,1031.0,338.7,5.2,Yes,Zone-B,2.42,4.97,2,Sorter-X,3722.9,2661.62,8.16,6854.02,95.66,1,0,Partial,62.09,1,239.81,15.17,5995.25,Bad,Medium,Reduce Storage Temperature
BATCH-00600,2023-02-17,Night,Tomato,Vegetables,SUP-001,1092.74,,71.57,1440.1,483.6,31.4,No,Zone-D,1.23,3.43,2,Conveyor-A,4956.76,795.15,6.9,6035.0,61.47,0,0,Fulfilled,83.9,3,156.81,14.35,3920.25,Good,Medium,Restore Cold Chain Immediately
BATCH-00601,2021-01-26,Afternoon,Pineapple,Fruits,SUP-013,1317.95,19.13,51.83,715.0,7.2,17.6,Yes,Zone-C,7.55,26.03715799871804,2,Sorter-X,854.24,1692.96,2.59,4709.95,67.39,0,0,Delayed,90.69,0,100.3,7.61,4513.5,Good,Low,Reduce Storage Temperature
BATCH-00602,2022-10-16,Morning,Strawberry,Berries,SUP-020,1594.03,,56.08,606.8,375.4,15.0,Yes,Zone-D,1.23,3.94,1,Conveyor-A,,433.78,5.5,2270.7,52.52,0,0,Fulfilled,75.61,0,85.12,5.34,6809.6,Good,Low,Monitor & Maintain
BATCH-00603,2020-01-03,Night,Strawberry,Berries,SUP-020,869.71,16.18,58.21,421.6,252.9,33.7,Yes,Zone-C,4.15,,1,Conveyor-A,879.6,1704.45,6.33,6046.05,81.4,0,0,Fulfilled,69.33,1,94.19,10.83,7535.2,Good,Medium,Reduce Storage Temperature
BATCH-00604,2023-06-26,Night,Orange,Fruits,SUP-010,105.15,14.6,72.36,512.6,451.3,77.4,No,Zone-D,7.62,0.89,2,Washer-1,2923.06,213.08,2.4,2273.77,78.17,0,0,Delayed,69.81,1,21.4,20.35,749.0,Bad,High,Restore Cold Chain Immediately
BATCH-00605,2020-02-14,Afternoon,Lemon,Citrus,SUP-011,1714.9,5.7,61.8,577.0,288.1,20.9,Yes,Zone-B,7.27,0.93,4,Washer-1,1700.87,2329.54,1.88,3680.08,98.09,0,0,Fulfilled,81.3,1,111.81,6.52,3354.3,Good,Low,Monitor & Maintain
BATCH-00606,2022-11-06,Night,Potato,Root Vegetables,SUP-009,823.69,3.29,67.76,494.6,223.3,52.0,Yes,Zone-D,5.99,1.67,5,Conveyor-B,3576.35,2870.72,5.55,3449.43,94.62,0,0,Cancelled,75.58,3,39.29,4.77,707.22,Good,Low,Monitor & Maintain
BATCH-00607,2020-03-08,Morning,Onion,Root Vegetables,SUP-009,1042.48,15.07,74.27,,332.9,72.4,Yes,Zone-C,5.93,3.32,3,Conveyor-A,1097.11,990.23,7.09,3747.09,75.3,0,0,Fulfilled,55.03,3,137.19,13.16,3018.18,Good,Medium,Reduce Storage Temperature
BATCH-00608,2021-01-23,Morning,Leafy Greens,Vegetables,SUP-005,114.76,11.2,88.03,1493.7,416.8,24.7,Yes,Zone-A,1.36,0.29,5,Conveyor-A,,848.82,4.92,3574.56,80.47,0,0,Partial,88.94,3,6.48,5.65,97.2,Good,Low,Monitor & Maintain
BATCH-00609,2021-12-26,Night,Strawberry,Berries,SUP-001,1034.97,14.64,79.42,1524.8,141.2,88.9,Yes,Zone-A,2.16,0.08,4,Conveyor-A,2570.74,1399.19,1.17,6128.93,70.66,1,0,Fulfilled,61.26,3,171.18,16.54,13694.4,Bad,Medium,Reduce Storage Temperature
BATCH-00610,2021-09-05,Morning,Leafy Greens,Vegetables,SUP-017,1974.33,,63.24,1551.8,53.8,83.5,Yes,Zone-B,5.58,3.12,6,Washer-1,2191.54,1897.92,9.29,2657.71,56.62,0,0,Delayed,,3,236.33,11.97,3544.95,Good,Medium,Prioritize Dispatch
BATCH-00611,2020-10-07,Night,Pineapple,Fruits,SUP-002,628.71,7.62,78.67,990.2,216.5,25.6,No,Zone-B,3.81,2.09,1,Conveyor-A,4231.24,647.99,7.1,6574.37,93.39,0,0,Fulfilled,70.15,0,86.64,13.78,3898.8,Good,Medium,Restore Cold Chain Immediately
BATCH-00612,2021-05-02,Morning,Leafy Greens,Vegetables,SUP-013,851.29,7.13,87.74,1036.0,107.3,95.0,No,Zone-C,0.68,3.44,2,Conveyor-B,4268.99,2429.59,6.4,6646.49,77.48,0,0,Fulfilled,80.43,1,166.26,19.53,2493.9,Bad,High,Restore Cold Chain Immediately
BATCH-00613,2022-11-28,Night,Onion,Root Vegetables,SUP-009,1405.66,15.15,67.47,557.0,214.8,64.9,Yes,Zone-A,8.08,7.52,1,Packer-Z,1028.43,675.75,6.61,4512.28,71.27,0,0,Fulfilled,92.63,0,181.89,12.94,4001.58,Good,Medium,Reduce Storage Temperature
BATCH-00614,2022-09-04,Night,Mango,Fruits,SUP-004,1648.11,6.98,63.47,564.5,495.5,28.9,Yes,Zone-B,6.71,0.58,1,Conveyor-B,4155.45,115.88,4.29,2276.72,53.42,0,0,Partial,61.79,3,93.12,5.65,5587.2,Good,Low,Quality Re-inspection Required
BATCH-00615,2020-04-14,Night,Onion,Root Vegetables,SUP-005,893.04,14.86,48.51,1327.3,287.1,66.0,No,Zone-D,3.59,0.43,4,Packer-Z,3038.74,1620.33,9.85,5003.12,83.27,0,1,Fulfilled,89.22,1,173.52,19.43,3817.44,Bad,High,Restore Cold Chain Immediately
BATCH-00616,2022-12-27,Morning,Leafy Greens,Vegetables,SUP-011,688.37,8.91,85.16,1426.9,346.8,64.6,Yes,Zone-D,1.43,0.83,1,Washer-1,2766.01,433.93,1.76,6429.61,69.98,0,0,Cancelled,56.69,2,67.74,9.84,1016.1,Good,Low,Quality Re-inspection Required
BATCH-00617,2020-03-18,Night,Onion,Root Vegetables,SUP-019,1881.87,15.88,56.09,1341.7,339.0,59.0,Yes,Zone-A,6.12,,1,Sorter-X,926.44,2124.89,7.52,3341.84,62.68,0,0,Delayed,95.54,1,197.78,10.51,4351.16,Good,Medium,Reduce Storage Temperature
BATCH-00618,2022-03-03,Night,Banana,Fruits,SUP-003,1386.58,,47.88,1401.5,410.4,68.9,Yes,Zone-C,3.81,0.03,5,Washer-1,3828.34,585.66,4.5,6527.31,93.84,0,0,Delayed,63.87,1,155.57,11.22,3111.4,Good,Medium,Quality Re-inspection Required
BATCH-00619,2021-01-14,Afternoon,Pineapple,Fruits,SUP-012,326.14,5.69,69.17,731.9,472.1,27.2,Yes,Zone-B,2.93,0.02,5,Sorter-X,768.35,2470.4,8.87,5592.9,59.18,0,0,Delayed,89.95,1,18.39,5.64,827.55,Good,Low,Monitor & Maintain
BATCH-00620,2022-05-08,Afternoon,Potato,Root Vegetables,SUP-019,230.96,14.35,83.07,959.3,329.4,94.0,Yes,Zone-B,7.35,0.49,6,Packer-Z,1749.61,1464.07,7.31,7395.9,75.75,0,0,Delayed,57.96,2,33.86,14.66,609.48,Good,Medium,Reduce Storage Temperature
BATCH-00621,2021-01-16,Night,Mango,Fruits,SUP-019,1018.74,12.08,63.3,951.0,238.0,82.6,Yes,Zone-B,3.62,0.94,4,Sorter-X,929.44,1742.21,5.84,6451.57,89.79,0,1,Delayed,69.39,0,177.97,17.47,10678.2,Bad,Medium,Prioritize Dispatch
BATCH-00622,2023-12-09,Afternoon,Strawberry,Berries,SUP-013,518.17,5.67,80.24,1594.3,158.9,72.1,Yes,Zone-A,1.79,0.72,2,Packer-Z,2888.45,641.1,9.41,2830.72,92.45,0,0,Delayed,82.88,1,47.62,9.19,3809.6,Good,Low,Prioritize Dispatch
BATCH-00623,2021-03-28,Night,Tomato,Vegetables,SUP-007,582.57,18.25,,1539.0,180.1,4.5,Yes,Zone-D,5.08,3.48,5,Sorter-X,3403.54,525.4,9.17,4268.71,90.94,1,0,Delayed,,0,80.98,13.9,2024.5,Good,Medium,Reduce Storage Temperature
BATCH-00624,2020-12-19,Afternoon,Potato,Root Vegetables,SUP-015,1767.62,6.97,65.45,1118.2,167.2,57.5,Yes,Zone-C,8.37,2.34,6,Packer-Z,4508.85,1930.75,1.0,2261.38,94.83,0,0,Fulfilled,85.75,0,123.56,6.99,2224.08,Good,Low,Monitor & Maintain
BATCH-00625,2021-02-10,Morning,Tomato,Vegetables,SUP-007,270.18,9.58,71.59,565.6,162.2,68.4,Yes,Zone-A,8.57,3.64,1,Sorter-X,3802.42,840.84,2.33,2064.79,57.12,0,0,Fulfilled,70.44,2,23.34,8.64,583.5,Good,Low,Monitor & Maintain
BATCH-00626,2023-08-01,Morning,Pineapple,Fruits,SUP-008,1459.19,5.64,69.03,710.3,347.3,82.3,No,Zone-A,8.57,0.97,6,Packer-Z,4824.97,1219.18,6.92,5762.18,97.02,1,0,Partial,,2,237.26,16.26,10676.7,Bad,Medium,Restore Cold Chain Immediately
BATCH-00627,2022-07-17,Night,Mango,Fruits,SUP-005,615.17,8.98,87.26,836.5,293.9,90.9,Yes,Zone-B,4.5,,6,Conveyor-B,3924.27,1490.4,9.26,6964.13,50.54,0,0,Fulfilled,73.85,1,68.22,11.09,4093.2,Good,Medium,Prioritize Dispatch
BATCH-00628,2022-12-02,Night,Orange,Fruits,SUP-014,1544.62,10.85,77.65,1447.9,101.0,88.1,Yes,Zone-D,8.01,1.45,3,Conveyor-A,1841.33,765.94,4.59,7316.47,62.8,0,0,Fulfilled,79.9,3,154.62,10.01,5411.7,Good,Medium,Prioritize Dispatch
BATCH-00629,2023-09-02,Morning,Strawberry,Berries,SUP-004,1472.58,7.31,86.64,604.8,484.8,40.2,Yes,Zone-C,8.58,1.29,5,Conveyor-B,2964.13,2406.73,0.86,3231.41,54.2,0,0,Partial,79.08,3,109.41,7.43,8752.8,Good,Low,Monitor & Maintain
BATCH-00630,2023-08-24,Morning,Banana,Fruits,SUP-010,114.04,15.84,54.9,663.7,213.9,86.3,Yes,Zone-C,4.87,0.68,6,Washer-1,2560.73,2824.33,6.61,2832.29,97.28,0,0,Partial,62.4,3,13.8,12.1,276.0,Good,Medium,Reduce Storage Temperature
BATCH-00631,2022-12-14,Afternoon,Orange,Fruits,SUP-020,1067.36,9.09,58.96,819.3,283.0,2.1,Yes,Zone-B,3.53,2.47,6,Sorter-X,,1352.49,2.35,4914.88,71.2,0,0,Partial,92.25,1,74.18,6.95,2596.3,Good,Low,Monitor & Maintain
BATCH-00632,2020-10-15,Night,Pineapple,Fruits,SUP-015,364.71,15.13,48.19,1512.3,351.3,35.0,No,Zone-C,7.17,1.48,3,Packer-Z,3074.4,2760.89,5.75,2827.0,65.76,1,0,Cancelled,93.15,3,63.97,17.54,2878.65,Bad,Medium,Restore Cold Chain Immediately
BATCH-00633,2023-05-16,Morning,Potato,Root Vegetables,SUP-018,1745.83,,67.5,1004.6,306.8,12.7,Yes,Zone-D,9.09,0.16,2,Conveyor-B,3659.45,2659.78,4.15,3379.22,58.35,0,0,Partial,63.96,3,119.24,6.83,2146.32,Good,Low,Quality Re-inspection Required
BATCH-00634,2020-10-24,Morning,Banana,Fruits,SUP-020,1756.01,8.79,84.33,1176.2,155.5,85.0,Yes,Zone-B,9.74,0.0,1,Conveyor-B,873.7,581.54,5.8,6524.28,57.79,0,0,Fulfilled,,2,207.03,11.79,4140.6,Good,Medium,Prioritize Dispatch
BATCH-00635,2022-12-20,Night,Onion,Root Vegetables,SUP-013,894.86,2.15,59.71,864.7,398.9,89.2,Yes,Zone-B,3.26,0.04,5,Packer-Z,3860.35,602.81,9.36,6368.79,80.7,0,0,Fulfilled,75.45,2,53.6,5.99,1179.2,Good,Low,Prioritize Dispatch
BATCH-00636,2022-09-27,Afternoon,Leafy Greens,Vegetables,SUP-008,944.35,15.66,50.77,626.2,55.1,26.1,No,Zone-D,9.58,0.16,2,Sorter-X,1146.85,1484.47,5.12,6860.38,52.35,0,0,Fulfilled,79.15,1,122.86,13.01,1842.9,Good,Medium,Restore Cold Chain Immediately
BATCH-00637,2023-01-12,Afternoon,Banana,Fruits,SUP-009,676.24,13.27,48.08,667.4,284.5,36.5,Yes,Zone-C,5.24,0.93,4,Washer-1,617.93,1624.99,0.83,4461.83,79.72,1,0,Fulfilled,55.98,3,92.04,13.61,1840.8,Good,Medium,Activate Backup Supplier
BATCH-00638,2022-02-16,Afternoon,Pineapple,Fruits,SUP-016,1461.55,16.72,65.14,1363.2,136.7,94.5,Yes,Zone-D,3.41,0.73,2,Washer-1,2835.07,1089.28,6.02,4937.34,88.73,0,0,Fulfilled,88.39,1,209.59,14.34,9431.55,Good,Medium,Reduce Storage Temperature
BATCH-00639,2022-07-21,Afternoon,Lemon,Citrus,SUP-019,781.46,10.2,52.38,1472.2,307.9,55.2,Yes,Zone-C,9.89,0.34,4,Washer-1,,1007.47,3.59,6137.13,80.05,0,0,Fulfilled,92.93,3,62.99,8.06,1889.7,Good,Low,Monitor & Maintain
BATCH-00640,2023-10-23,Morning,Leafy Greens,Vegetables,SUP-016,608.81,16.4,60.57,991.7,109.0,48.7,Yes,Zone-C,8.84,1.45,4,Packer-Z,656.83,1350.97,7.89,3050.13,91.33,0,0,Delayed,61.26,0,92.66,15.22,1389.9,Bad,Medium,Reduce Storage Temperature
BATCH-00641,2020-05-27,Night,Tomato,Vegetables,SUP-007,921.24,13.66,,828.4,386.1,49.0,Yes,Zone-C,7.08,7.03,5,Conveyor-B,2819.17,2102.39,4.96,6442.17,63.26,0,1,Partial,94.45,1,130.26,14.14,3256.5,Good,Medium,Expedite Processing
BATCH-00642,2021-03-26,Night,Strawberry,Berries,SUP-014,273.83,2.07,62.28,1369.4,113.8,67.4,Yes,Zone-D,9.0,0.35,3,Washer-1,2905.57,344.74,7.54,1762.01,53.86,1,0,Partial,92.44,2,23.96,8.75,1916.8,Good,Low,Activate Backup Supplier
BATCH-00643,2022-06-11,Morning,Tomato,Vegetables,SUP-014,1518.55,6.57,72.44,1207.7,445.2,91.7,Yes,Zone-D,6.97,0.58,4,Conveyor-B,736.23,2160.69,9.13,6294.4,86.05,0,0,Delayed,78.86,3,131.51,8.66,3287.75,Good,Low,Prioritize Dispatch
BATCH-00644,2023-11-08,Morning,Banana,Fruits,SUP-004,123.93,10.89,67.6,449.0,430.8,36.5,Yes,Zone-A,4.68,1.24,1,Washer-1,3702.13,2786.1,3.94,6168.03,91.41,0,0,Fulfilled,67.09,3,11.49,9.27,229.8,Good,Low,Quality Re-inspection Required
BATCH-00645,2020-05-19,Morning,Tomato,Vegetables,SUP-015,1324.52,13.14,77.33,820.9,181.2,18.2,Yes,Zone-D,9.51,2.05,5,Washer-1,1446.3,2314.17,9.9,3413.34,75.08,1,0,Partial,64.13,0,168.88,12.75,4222.0,Good,Medium,Activate Backup Supplier
BATCH-00646,2020-02-02,Night,Pineapple,Fruits,SUP-003,447.44,3.18,52.03,1218.6,192.9,19.4,Yes,Zone-B,9.65,1.83,6,Sorter-X,4075.07,655.86,1.92,5889.17,,0,0,Fulfilled,76.52,0,24.52,5.48,1103.4,Good,Low,Monitor & Maintain
BATCH-00647,2020-03-22,Night,Onion,Root Vegetables,SUP-005,541.57,14.69,86.42,1088.4,350.8,3.9,Yes,Zone-B,3.48,1.47,6,Packer-Z,1898.7,353.7,6.62,2903.3,72.9,1,0,Delayed,77.32,0,68.35,12.62,1503.7,Good,Medium,Reduce Storage Temperature
BATCH-00648,2020-03-17,Night,Potato,Root Vegetables,SUP-001,1307.7,11.78,73.96,1573.7,45.2,54.2,Yes,Zone-B,3.87,2.67,4,Sorter-X,2650.52,1522.1,0.83,5007.91,59.93,0,0,Fulfilled,83.68,0,129.46,9.9,2330.28,Good,Low,Monitor & Maintain
BATCH-00649,2023-08-18,Afternoon,Strawberry,Berries,SUP-003,1986.59,11.46,,1439.3,40.5,89.3,No,Zone-B,4.14,3.74,5,Conveyor-B,4513.33,2873.58,2.52,5730.41,73.72,0,0,Fulfilled,90.27,0,354.61,17.85,28368.8,Bad,Medium,Restore Cold Chain Immediately
BATCH-00650,2022-11-19,Morning,Tomato,Vegetables,SUP-015,1577.66,7.26,50.55,,68.2,69.0,No,Zone-A,8.31,13.75,1,Conveyor-B,4127.81,2475.27,6.52,5812.4,60.8,1,0,Fulfilled,96.12,0,347.4,22.02,8685.0,Bad,High,Restore Cold Chain Immediately
BATCH-00651,2022-09-15,Morning,Tomato,Vegetables,SUP-008,529.1,12.71,51.74,1270.9,281.2,95.3,Yes,Zone-D,8.02,1.25,5,Packer-Z,4018.39,1731.93,0.94,7370.85,73.6,1,0,Delayed,90.04,3,95.24,18.0,2381.0,Bad,High,Prioritize Dispatch
BATCH-00652,2022-02-01,Morning,Banana,Fruits,SUP-004,434.45,,80.22,803.6,74.5,87.5,Yes,Zone-D,9.84,10.58,5,Washer-1,1221.95,514.65,1.47,2717.45,,0,0,Fulfilled,,2,33.67,7.75,673.4,Good,Low,Expedite Processing
BATCH-00653,2023-02-15,Night,Potato,Root Vegetables,SUP-002,1745.84,3.16,71.46,1218.5,138.8,48.2,Yes,Zone-C,4.92,2.62,6,Packer-Z,716.64,2170.13,3.26,4453.44,59.28,0,0,Delayed,76.97,2,91.48,5.24,1646.64,Good,Low,Monitor & Maintain
BATCH-00654,2020-08-15,Morning,Orange,Fruits,SUP-010,943.95,15.21,62.13,1140.7,323.5,47.7,Yes,Zone-D,7.5,2.14,4,Washer-1,3225.92,2457.69,5.97,6773.41,94.15,0,0,Fulfilled,56.71,1,115.45,12.23,4040.75,Good,Medium,Reduce Storage Temperature
BATCH-00655,2021-07-26,Morning,Tomato,Vegetables,SUP-004,360.4,7.79,59.98,1003.7,7.8,61.1,Yes,Zone-C,8.64,2.04,2,Conveyor-A,2348.11,2811.7,0.65,4922.39,55.79,0,0,Fulfilled,57.28,3,32.54,9.03,813.5,Good,Low,Quality Re-inspection Required
BATCH-00656,2021-12-16,Afternoon,Pineapple,Fruits,SUP-003,1738.2,8.25,83.51,1423.5,90.1,12.4,Yes,Zone-C,2.6,4.83,5,Conveyor-A,4590.85,1875.14,5.08,6751.82,61.21,0,0,Fulfilled,66.81,3,125.85,7.24,5663.25,Good,Low,Quality Re-inspection Required
BATCH-00657,2020-06-10,Night,Lemon,Citrus,SUP-002,1650.58,5.75,84.36,1250.4,465.0,59.1,Yes,Zone-B,6.4,5.91,4,Packer-Z,2073.17,1591.95,6.44,4181.88,99.78,0,0,Fulfilled,82.02,2,163.24,9.89,4897.2,Good,Low,Expedite Processing
BATCH-00658,2021-09-04,Morning,Strawberry,Berries,SUP-017,1969.42,10.02,71.16,1467.5,331.8,45.6,Yes,Zone-A,5.7,0.39,6,Conveyor-A,2347.47,1895.63,4.32,6280.99,78.8,1,0,Fulfilled,,2,269.42,13.68,21553.6,Good,Medium,Activate Backup Supplier
BATCH-00659,2021-04-07,Night,Tomato,Vegetables,SUP-020,1828.51,2.94,68.6,737.9,152.8,62.4,Yes,Zone-A,7.56,1.36,1,Conveyor-A,,2835.43,1.14,6714.99,79.29,0,1,Partial,62.31,1,193.09,10.56,4827.25,Good,Medium,Quality Re-inspection Required
BATCH-00660,2020-02-21,Night,Pineapple,Fruits,SUP-013,1718.4,,81.74,817.8,22.7,55.1,Yes,Zone-D,7.11,5.68,1,Conveyor-B,4083.8,1921.57,6.3,6577.81,92.25,1,0,Fulfilled,92.42,0,208.1,12.11,9364.5,Good,Medium,Expedite Processing
BATCH-00661,2020-07-18,Night,Pineapple,Fruits,SUP-005,199.89,11.49,78.72,1146.3,293.0,31.2,Yes,Zone-C,8.22,0.96,2,Washer-1,1707.35,847.02,6.26,6722.63,76.22,0,1,Fulfilled,98.34,3,14.63,7.32,658.35,Good,Low,Monitor & Maintain
BATCH-00662,2023-01-20,Afternoon,Strawberry,Berries,SUP-009,298.39,10.38,63.01,1559.8,111.4,59.1,Yes,Zone-B,3.46,0.53,1,Conveyor-A,4738.19,1944.84,5.31,2935.61,61.09,0,0,Fulfilled,55.73,2,22.59,7.57,1807.2,Good,Low,Quality Re-inspection Required
BATCH-00663,2020-01-27,Night,Orange,Fruits,SUP-006,1181.07,19.99,48.72,845.9,480.1,36.4,Yes,Zone-C,2.56,0.22,4,Sorter-X,2929.65,2651.26,7.08,4210.5,71.12,0,0,Fulfilled,58.93,3,172.08,14.57,6022.8,Good,Medium,Reduce Storage Temperature
BATCH-00664,2023-09-26,Night,Pineapple,Fruits,SUP-005,1109.81,9.0,79.58,438.8,343.5,20.3,No,Zone-B,8.15,1.82,2,Conveyor-B,4284.4,1744.31,2.47,2674.26,87.75,0,0,Fulfilled,76.97,2,168.25,15.16,7571.25,Bad,Medium,Restore Cold Chain Immediately
BATCH-00665,2020-05-06,Night,Lemon,Citrus,SUP-010,970.13,8.97,52.59,935.1,487.1,65.5,No,Zone-C,3.93,2.41,6,Washer-1,2865.28,1557.83,6.95,2708.94,93.62,1,0,Partial,69.86,0,206.35,21.27,6190.5,Bad,High,Restore Cold Chain Immediately
BATCH-00666,2023-03-12,Morning,Pineapple,Fruits,SUP-008,853.9,11.06,45.74,1052.7,424.4,30.8,Yes,Zone-D,3.23,,4,Conveyor-B,3973.97,2226.77,2.03,4494.28,63.66,1,0,Fulfilled,89.41,0,84.79,9.93,3815.55,Good,Low,Activate Backup Supplier
BATCH-00667,2023-08-04,Afternoon,Pineapple,Fruits,SUP-007,919.3,5.43,82.95,1361.2,241.5,85.6,No,Zone-D,3.7,2.24,6,Sorter-X,731.39,2016.87,4.23,7238.11,63.1,0,0,Partial,83.79,3,140.93,15.33,6341.85,Bad,Medium,Restore Cold Chain Immediately
BATCH-00668,2023-10-06,Morning,Pineapple,Fruits,SUP-007,1181.67,17.77,71.02,1274.3,334.8,20.7,Yes,Zone-C,1.13,4.6,6,Washer-1,4096.46,264.39,1.14,5099.0,66.38,0,0,Partial,58.01,2,188.83,15.98,8497.35,Bad,Medium,Reduce Storage Temperature
BATCH-00669,2023-06-20,Afternoon,Onion,Root Vegetables,SUP-006,103.95,12.3,85.12,1557.6,406.1,58.4,Yes,Zone-A,7.84,0.56,2,Packer-Z,,2203.4,8.28,6620.84,79.81,0,0,Fulfilled,78.97,3,9.65,9.28,212.3,Good,Low,Monitor & Maintain
BATCH-00670,2021-02-23,Afternoon,Onion,Root Vegetables,SUP-020,595.35,5.46,66.81,1339.2,289.1,55.7,Yes,Zone-B,7.29,0.26,2,Packer-Z,2522.37,1281.89,5.61,7105.04,63.93,0,0,Fulfilled,69.81,0,42.45,7.13,933.9,Good,Low,Quality Re-inspection Required
BATCH-00671,2021-05-01,Night,Orange,Fruits,SUP-003,1084.73,16.28,86.69,758.4,30.7,20.6,No,Zone-A,5.75,3.61,4,Conveyor-B,,2828.61,9.72,2163.0,94.66,0,0,Delayed,97.46,3,136.68,12.6,4783.8,Good,Medium,Restore Cold Chain Immediately
BATCH-00672,2021-09-14,Night,Tomato,Vegetables,SUP-019,1472.21,2.62,60.93,1169.7,235.2,43.3,Yes,Zone-A,7.3,4.96,2,Packer-Z,3837.03,2915.33,9.45,2601.59,98.9,0,0,Fulfilled,75.91,2,114.83,7.8,2870.75,Good,Low,Monitor & Maintain
BATCH-00673,2020-07-22,Morning,Pineapple,Fruits,SUP-015,430.9,19.69,77.6,1206.7,65.3,65.5,Yes,Zone-C,4.04,0.48,4,Washer-1,1090.24,1401.34,9.99,3349.79,83.96,0,0,Delayed,95.82,0,50.72,11.77,2282.4,Good,Medium,Reduce Storage Temperature
BATCH-00674,2020-02-02,Afternoon,Potato,Root Vegetables,SUP-004,1139.07,17.57,58.54,1597.6,357.4,31.9,Yes,Zone-B,3.31,2.56,1,Sorter-X,1365.43,2909.51,1.46,5243.47,98.51,0,0,Fulfilled,56.33,3,152.29,13.37,2741.22,Good,Medium,Reduce Storage Temperature
BATCH-00675,2023-06-22,Night,Tomato,Vegetables,SUP-012,1457.47,12.43,45.05,566.5,340.3,12.7,No,Zone-B,8.69,1.79,1,Sorter-X,1068.9,1001.38,6.26,2018.65,64.39,0,0,Partial,59.54,1,244.27,16.76,6106.75,Bad,Medium,Restore Cold Chain Immediately
BATCH-00676,2022-03-20,Night,Orange,Fruits,SUP-006,944.79,4.0,62.09,629.6,496.5,59.8,Yes,Zone-D,4.51,0.55,5,Packer-Z,529.59,2079.67,4.37,6230.46,90.76,0,0,Partial,72.0,3,58.67,6.21,2053.45,Good,Low,Monitor & Maintain
BATCH-00677,2022-06-07,Night,Mango,Fruits,SUP-019,151.45,5.87,78.2,586.6,314.4,23.1,Yes,Zone-C,2.36,3.47,3,Conveyor-A,3478.61,317.66,5.56,2030.61,83.92,0,1,Fulfilled,94.03,3,11.86,7.83,711.6,Good,Low,Monitor & Maintain
BATCH-00678,2023-09-15,Night,Tomato,Vegetables,SUP-004,953.61,7.03,51.75,1106.9,400.1,66.1,Yes,Zone-C,7.62,1.27,3,Conveyor-A,1718.8,520.47,3.43,2580.49,63.16,0,1,Fulfilled,78.96,2,110.33,11.57,2758.25,Good,Medium,Monitor & Maintain
BATCH-00679,2022-08-29,Morning,Tomato,Vegetables,SUP-015,663.25,6.34,67.72,562.4,134.1,80.9,No,Zone-C,3.69,2.41,1,Conveyor-A,,2607.13,0.96,3877.72,,0,0,Delayed,91.26,0,94.05,14.18,2351.25,Good,Medium,Restore Cold Chain Immediately
BATCH-00680,2022-10-05,Morning,Leafy Greens,Vegetables,SUP-009,1866.33,10.96,,1187.2,170.0,13.6,Yes,Zone-D,2.51,0.72,5,Packer-Z,1939.88,2691.97,7.22,4900.35,74.43,1,0,Partial,67.48,0,229.0,12.27,3435.0,Good,Medium,Activate Backup Supplier
BATCH-00681,2023-02-22,Night,Banana,Fruits,SUP-005,336.77,19.0,48.36,1364.5,458.5,43.1,Yes,Zone-D,0.76,3.38,3,Packer-Z,2745.88,1644.57,9.68,6781.54,,0,0,Partial,59.91,1,50.55,15.01,1011.0,Bad,Medium,Reduce Storage Temperature
BATCH-00682,2020-06-18,Night,Leafy Greens,Vegetables,SUP-013,1339.7,10.0,72.79,919.4,377.6,43.8,Yes,Zone-B,9.72,0.61,4,Packer-Z,2765.36,1085.34,5.56,7259.27,93.61,0,0,Fulfilled,65.83,3,142.68,10.65,2140.2,Good,Medium,Quality Re-inspection Required
BATCH-00683,2021-06-09,Night,Lemon,Citrus,SUP-018,200.17,13.91,87.84,,327.6,61.5,Yes,Zone-D,4.94,0.91,4,Washer-1,2152.38,1407.97,3.63,6799.77,81.7,1,0,Fulfilled,83.39,3,26.12,13.05,783.6,Good,Medium,Activate Backup Supplier
BATCH-00684,2023-11-14,Night,Onion,Root Vegetables,SUP-005,947.72,,58.98,1495.3,127.0,33.4,Yes,Zone-C,2.04,0.99,2,Conveyor-A,2727.2,2621.91,9.41,2281.93,86.08,0,0,Delayed,93.34,3,89.65,9.46,1972.3,Good,Low,Reduce Storage Temperature
BATCH-00685,2023-09-09,Night,Onion,Root Vegetables,SUP-016,1152.56,17.69,71.13,,349.3,41.3,Yes,Zone-C,7.7,,3,Conveyor-B,2423.04,711.88,3.96,5327.44,63.19,1,0,Fulfilled,75.02,0,166.31,14.43,3658.82,Good,Medium,Reduce Storage Temperature
BATCH-00686,2023-07-14,Afternoon,Banana,Fruits,SUP-019,666.11,2.61,,650.3,443.4,3.1,No,Zone-A,8.93,4.15,6,Washer-1,4201.99,955.12,9.19,4226.36,87.05,0,0,Delayed,63.52,0,79.07,11.87,1581.4,Good,Medium,Restore Cold Chain Immediately
BATCH-00687,2021-10-22,Afternoon,Strawberry,Berries,SUP-014,964.64,9.28,74.27,811.8,115.4,13.5,Yes,Zone-D,5.52,0.24,4,Washer-1,633.26,2377.78,8.63,2390.85,,0,0,Fulfilled,83.05,3,59.9,6.21,4792.0,Good,Low,Monitor & Maintain
BATCH-00688,2023-06-05,Afternoon,Strawberry,Berries,SUP-016,410.75,,75.29,1035.8,353.1,55.6,No,Zone-C,0.77,1.66,3,Packer-Z,4406.14,2812.28,5.52,4885.2,61.15,0,0,Partial,63.67,3,78.25,19.05,6260.0,Bad,High,Restore Cold Chain Immediately
BATCH-00689,2020-03-11,Afternoon,Orange,Fruits,SUP-015,677.84,16.67,53.05,585.9,196.8,22.3,No,Zone-C,3.97,3.37,2,Packer-Z,1597.62,369.49,6.93,3732.18,97.51,1,0,Fulfilled,80.09,0,131.43,19.39,4600.05,Bad,High,Restore Cold Chain Immediately
BATCH-00690,2020-08-04,Night,Banana,Fruits,SUP-004,1280.1,18.69,67.17,1135.0,59.4,15.6,Yes,Zone-B,2.81,1.74,1,Washer-1,3748.02,2430.94,7.15,3669.03,75.64,0,0,Partial,59.5,2,158.35,12.37,3167.0,Good,Medium,Reduce Storage Temperature
BATCH-00691,2021-08-27,Afternoon,Tomato,Vegetables,SUP-007,673.42,,61.52,1599.1,381.7,32.5,Yes,Zone-D,6.55,0.79,5,Packer-Z,2322.68,1970.7,6.59,2208.73,89.72,0,0,Fulfilled,90.69,1,59.93,8.9,1498.25,Good,Low,Reduce Storage Temperature
BATCH-00692,2021-12-06,Afternoon,Strawberry,Berries,SUP-016,1809.51,,66.19,1183.0,83.6,17.4,No,Zone-C,5.43,3.04,6,Conveyor-A,1824.5,769.24,2.03,7347.14,76.28,0,0,Partial,90.43,1,216.6,11.97,17328.0,Good,Medium,Restore Cold Chain Immediately
BATCH-00693,2021-01-19,Morning,Pineapple,Fruits,SUP-008,1293.97,11.1,81.04,846.9,126.4,7.6,Yes,Zone-B,3.88,1.38,2,Washer-1,3269.06,2291.87,7.08,5877.83,96.65,0,0,Delayed,78.82,1,94.59,7.31,4256.55,Good,Low,Monitor & Maintain
BATCH-00694,2021-06-04,Afternoon,Potato,Root Vegetables,SUP-017,933.43,2.58,65.73,798.1,391.5,28.7,Yes,Zone-A,6.66,0.36,2,Washer-1,3959.98,2210.96,0.53,3288.74,57.06,0,0,Fulfilled,56.68,2,14.47,1.55,260.46,Good,Low,Quality Re-inspection Required
BATCH-00695,2020-08-25,Afternoon,Tomato,Vegetables,SUP-016,173.64,13.64,47.83,,371.1,17.4,Yes,Zone-A,6.05,,2,Washer-1,2524.71,511.89,7.25,6990.53,77.31,0,0,Fulfilled,67.33,3,18.67,10.75,466.75,Good,Medium,Quality Re-inspection Required
BATCH-00696,2021-12-15,Night,Lemon,Citrus,SUP-010,1049.14,11.98,85.75,1445.8,127.1,77.1,Yes,Zone-B,9.11,,5,Packer-Z,2599.49,1556.53,5.77,7168.39,51.26,1,0,Fulfilled,61.08,0,178.67,17.03,5360.1,Bad,Medium,Prioritize Dispatch
BATCH-00697,2023-03-05,Afternoon,Pineapple,Fruits,SUP-010,1553.07,14.0,69.52,966.8,470.5,7.9,Yes,Zone-D,6.17,2.15,4,Washer-1,764.85,2299.04,2.97,6368.28,,0,0,Partial,78.03,2,161.67,10.41,7275.15,Good,Medium,Monitor & Maintain
BATCH-00698,2022-08-23,Afternoon,Pineapple,Fruits,SUP-002,604.56,18.74,86.6,,107.6,72.3,No,Zone-C,5.32,,3,Conveyor-B,4657.98,655.48,8.14,5490.62,64.05,0,0,Fulfilled,59.48,1,141.89,23.47,6385.05,Bad,High,Restore Cold Chain Immediately
BATCH-00699,2020-06-06,Night,Banana,Fruits,SUP-009,1632.87,14.37,70.76,1252.6,496.8,38.0,No,Zone-D,8.32,0.63,1,Conveyor-B,4311.04,1442.02,4.35,3846.75,73.63,0,0,Fulfilled,,3,230.07,14.09,4601.4,Good,Medium,Restore Cold Chain Immediately
BATCH-00700,2021-12-12,Afternoon,Orange,Fruits,SUP-017,578.43,7.77,48.13,777.4,368.9,65.5,Yes,Zone-B,2.42,1.8,1,Conveyor-A,2290.97,450.15,5.11,4183.55,,0,0,Fulfilled,92.41,1,36.44,6.3,1275.4,Good,Low,Monitor & Maintain
BATCH-00701,2022-10-15,Night,Lemon,Citrus,SUP-011,1665.12,,69.88,543.3,196.3,7.0,Yes,Zone-C,2.81,0.81,6,Washer-1,3942.28,989.82,0.76,4303.62,73.33,0,0,Fulfilled,61.87,1,140.7,8.45,4221.0,Good,Low,Quality Re-inspection Required
BATCH-00702,2022-02-12,Afternoon,Strawberry,Berries,SUP-010,262.01,17.38,70.91,,65.2,88.5,Yes,Zone-C,7.94,0.51,5,Washer-1,1909.76,732.04,4.31,7172.31,78.06,0,0,Fulfilled,85.58,2,41.35,15.78,3308.0,Bad,Medium,Reduce Storage Temperature
BATCH-00703,2021-07-25,Morning,Banana,Fruits,SUP-017,1745.75,5.5,,921.2,160.3,74.1,Yes,Zone-C,4.7,5.82,1,Packer-Z,3786.9,1564.71,2.09,6076.38,96.2,0,0,Fulfilled,85.65,3,190.46,10.91,3809.2,Good,Medium,Expedite Processing
BATCH-00704,2022-06-26,Morning,Strawberry,Berries,SUP-004,1048.45,4.91,66.2,706.5,96.9,15.2,Yes,Zone-D,4.39,0.76,6,Sorter-X,2825.11,509.52,3.12,3356.6,87.83,1,0,Fulfilled,72.46,2,71.29,6.8,5703.2,Good,Low,Activate Backup Supplier
BATCH-00705,2023-11-15,Afternoon,Banana,Fruits,SUP-016,663.42,5.72,65.67,660.2,310.9,22.6,No,Zone-D,8.93,0.82,6,Sorter-X,2573.45,1211.14,2.9,5289.16,52.51,0,0,Fulfilled,61.73,0,71.91,10.84,1438.2,Good,Medium,Restore Cold Chain Immediately
BATCH-00706,2020-05-18,Morning,Banana,Fruits,SUP-020,603.72,11.16,73.03,407.4,178.4,62.5,No,Zone-B,6.3,4.54,5,Washer-1,,897.97,0.94,5110.56,58.82,1,0,Fulfilled,60.81,2,130.58,21.63,2611.6,Bad,High,Restore Cold Chain Immediately
BATCH-00707,2021-07-23,Night,Banana,Fruits,SUP-015,920.82,4.24,56.68,1157.0,147.5,88.6,Yes,Zone-A,8.13,0.31,5,Conveyor-A,4844.4,2263.54,4.87,6378.46,51.91,0,0,Fulfilled,87.54,0,83.33,9.05,1666.6,Good,Low,Prioritize Dispatch
BATCH-00708,2021-08-16,Afternoon,Orange,Fruits,SUP-005,1998.19,18.89,71.18,1137.3,378.6,43.9,Yes,Zone-B,8.19,1.76,3,Conveyor-B,4268.34,2129.04,5.46,2213.74,53.45,0,0,Fulfilled,64.69,0,1169.954190553489,10.48,7329.35,Good,Medium,Reduce Storage Temperature
BATCH-00709,2022-04-22,Night,Banana,Fruits,SUP-006,518.62,19.39,55.84,625.6,115.3,47.6,Yes,Zone-C,1.64,3.06,3,Washer-1,4070.25,375.3,5.93,5734.39,66.94,0,0,Partial,81.55,0,64.72,12.48,1294.4,Good,Medium,Reduce Storage Temperature
BATCH-00710,2020-08-10,Morning,Mango,Fruits,SUP-017,296.11,19.53,65.09,1532.4,293.4,24.4,Yes,Zone-B,6.71,0.64,5,Washer-1,1872.12,2865.1,4.89,3584.1,86.39,1,0,Partial,93.1,3,50.93,17.2,3055.8,Bad,Medium,Reduce Storage Temperature
BATCH-00711,2020-09-14,Night,Potato,Root Vegetables,SUP-001,1211.57,2.7,50.52,891.5,97.3,38.0,Yes,Zone-A,9.55,3.72,3,Conveyor-A,1803.16,2259.58,8.76,2413.16,62.22,0,0,Fulfilled,81.1,3,64.46,5.32,1160.28,Good,Low,Monitor & Maintain
BATCH-00712,2021-02-20,Morning,Strawberry,Berries,SUP-019,1028.23,19.03,46.68,430.6,357.4,28.9,No,Zone-B,5.06,2.94,4,Conveyor-A,3079.37,1886.28,0.86,5911.6,69.61,0,0,Partial,97.85,1,172.74,16.8,13819.2,Bad,Medium,Restore Cold Chain Immediately
BATCH-00713,2023-10-27,Morning,Tomato,Vegetables,SUP-004,1095.97,19.95,,663.7,312.6,35.0,No,Zone-A,7.46,1.33,2,Sorter-X,4308.0,1485.33,6.33,3586.86,69.69,0,0,Cancelled,83.4,0,198.7,18.13,4967.5,Bad,High,Restore Cold Chain Immediately
BATCH-00714,2022-12-07,Morning,Leafy Greens,Vegetables,SUP-017,1367.18,18.96,57.36,1230.5,399.1,3.9,No,Zone-A,5.88,0.25,1,Washer-1,4705.83,615.98,8.73,5902.02,79.52,0,0,Cancelled,68.84,3,263.05,19.24,3945.75,Bad,High,Restore Cold Chain Immediately
BATCH-00715,2022-08-24,Night,Lemon,Citrus,SUP-009,607.57,14.08,63.31,641.9,34.2,5.9,No,Zone-C,2.45,7.02,1,Washer-1,1710.18,2889.85,0.89,2603.76,94.65,0,0,Fulfilled,92.51,2,89.5,14.73,2685.0,Good,Medium,Restore Cold Chain Immediately
BATCH-00716,2023-04-07,Morning,Onion,Root Vegetables,SUP-002,1830.26,14.62,88.29,464.7,105.1,66.0,No,Zone-A,2.35,1.96,1,Packer-Z,3233.37,122.79,5.21,7388.24,99.16,1,1,Fulfilled,68.68,2,395.52,21.61,8701.44,Bad,High,Restore Cold Chain Immediately
BATCH-00717,2020-07-05,Afternoon,Orange,Fruits,SUP-008,927.78,4.2,68.5,1141.2,77.2,66.1,No,Zone-D,4.62,,1,Conveyor-B,3757.56,2108.2,6.1,6327.8,80.23,0,0,Fulfilled,97.75,3,124.69,13.44,4364.15,Good,Medium,Restore Cold Chain Immediately
BATCH-00718,2023-06-08,Morning,Tomato,Vegetables,SUP-015,345.26,17.74,69.89,1022.0,95.3,33.0,Yes,Zone-B,5.09,4.33,4,Packer-Z,,1571.59,2.31,3339.97,75.25,0,0,Fulfilled,,3,39.08,11.32,977.0,Good,Medium,Reduce Storage Temperature
BATCH-00719,2022-05-18,Afternoon,Pineapple,Fruits,SUP-007,1510.37,3.07,87.37,1313.5,51.5,85.2,Yes,Zone-B,5.28,1.09,4,Packer-Z,2333.61,2717.49,2.9,5962.45,,0,0,Fulfilled,96.94,1,64.49,4.27,2902.05,Good,Low,Prioritize Dispatch
BATCH-00720,2021-05-04,Afternoon,Mango,Fruits,SUP-006,1321.9,7.72,86.45,1327.2,281.0,27.0,Yes,Zone-D,9.57,,2,Conveyor-B,1343.63,1204.02,7.96,2449.0,83.4,1,0,Delayed,63.08,1,177.93,13.46,10675.8,Good,Medium,Activate Backup Supplier
BATCH-00721,2023-04-06,Afternoon,Onion,Root Vegetables,SUP-001,699.91,19.84,84.79,1551.9,296.7,39.2,Yes,Zone-D,1.45,3.91,5,Washer-1,3645.07,1604.07,5.89,5456.47,76.2,0,0,Fulfilled,55.5,1,119.05,17.01,2619.1,Bad,Medium,Reduce Storage Temperature
BATCH-00722,2023-03-17,Afternoon,Leafy Greens,Vegetables,SUP-015,1280.89,9.6,49.41,468.4,421.7,70.7,Yes,Zone-C,4.12,1.0,3,Sorter-X,4387.03,2252.78,3.5,2006.49,86.85,0,0,Partial,63.63,2,139.36,10.88,2090.4,Good,Medium,Quality Re-inspection Required
BATCH-00723,2023-05-19,Night,Tomato,Vegetables,SUP-007,517.74,4.36,73.54,,208.9,71.9,No,Zone-B,5.39,,2,Conveyor-B,4448.9,237.94,7.77,3596.98,74.56,0,0,Fulfilled,59.33,2,93.56,18.07,2339.0,Bad,High,Restore Cold Chain Immediately
BATCH-00724,2020-06-17,Afternoon,Onion,Root Vegetables,SUP-017,945.19,,81.36,1584.6,266.2,82.9,Yes,Zone-D,9.65,0.59,1,Conveyor-A,3515.4,257.98,7.59,7344.87,99.82,0,0,Fulfilled,87.29,0,149.06,15.77,3279.32,Bad,Medium,Reduce Storage Temperature
BATCH-00725,2023-11-16,Morning,Tomato,Vegetables,SUP-002,1808.88,19.71,82.6,1173.8,495.7,4.7,Yes,Zone-C,5.29,2.42,3,Washer-1,2062.19,713.85,3.78,2362.55,52.45,0,0,Cancelled,66.64,2,200.24,11.07,5006.0,Good,Medium,Reduce Storage Temperature
BATCH-00726,2023-11-02,Afternoon,Mango,Fruits,SUP-009,353.72,5.37,71.01,1258.4,265.9,19.3,Yes,Zone-B,7.87,1.43,2,Conveyor-B,3474.68,524.63,5.14,5131.03,72.16,0,0,Fulfilled,83.14,3,17.9,5.06,1074.0,Good,Low,Monitor & Maintain
BATCH-00727,2021-06-05,Morning,Leafy Greens,Vegetables,SUP-009,834.72,17.57,45.79,515.8,286.8,62.2,Yes,Zone-B,7.62,0.36,1,Conveyor-B,4389.2,118.69,6.81,2070.22,69.85,0,0,Fulfilled,84.42,1,101.67,12.18,1525.05,Good,Medium,Reduce Storage Temperature
BATCH-00728,2020-04-06,Night,Pineapple,Fruits,SUP-013,1660.17,,88.82,483.8,498.0,33.8,Yes,Zone-D,5.88,0.29,2,Conveyor-B,3316.35,1906.67,3.76,5549.22,88.52,1,0,Partial,85.28,0,143.77,8.66,6469.65,Good,Low,Activate Backup Supplier
BATCH-00729,2020-08-31,Afternoon,Banana,Fruits,SUP-006,1942.03,8.86,66.25,592.3,497.1,6.1,Yes,Zone-A,1.74,1.22,1,Sorter-X,2358.01,2408.22,6.48,3279.03,59.54,0,0,Partial,91.63,0,91.86,4.73,1837.2,Good,Low,Monitor & Maintain
BATCH-00730,2023-12-20,Morning,Strawberry,Berries,SUP-006,962.46,6.73,,912.6,212.0,57.1,Yes,Zone-A,2.58,2.48,6,Packer-Z,4639.11,2875.63,2.89,3460.96,71.7,0,0,Fulfilled,61.55,3,108.08,11.23,8646.4,Good,Medium,Quality Re-inspection Required
BATCH-00731,2022-04-01,Night,Pineapple,Fruits,SUP-020,1063.3,2.8,62.77,532.2,317.5,38.9,Yes,Zone-D,2.78,1.85,1,Packer-Z,4258.47,1378.61,3.27,3622.63,84.9,1,1,Fulfilled,57.22,1,116.22,10.93,5229.9,Good,Medium,Activate Backup Supplier
BATCH-00732,2021-06-04,Night,Banana,Fruits,SUP-020,1187.13,6.82,64.09,935.6,240.4,36.2,Yes,Zone-A,0.87,27.737763844048946,6,Conveyor-B,4470.96,911.19,3.45,2851.96,80.16,0,0,Fulfilled,56.31,0,131.42,11.07,2628.4,Good,Medium,Quality Re-inspection Required
BATCH-00733,2021-02-24,Morning,Orange,Fruits,SUP-003,1871.46,2.97,55.9,1073.8,360.4,26.9,Yes,Zone-B,4.1,0.99,4,Conveyor-B,4564.36,2605.32,9.39,7131.03,77.26,0,0,Fulfilled,59.57,1,62.13,3.32,2174.55,Good,Low,Quality Re-inspection Required
BATCH-00734,2021-01-10,Afternoon,Potato,Root Vegetables,SUP-017,1730.59,18.64,59.73,400.4,469.2,2.6,Yes,Zone-C,6.3,,1,Packer-Z,2272.16,2548.75,8.42,6922.88,71.75,0,0,Fulfilled,71.68,1,205.77,11.89,3703.86,Good,Medium,Reduce Storage Temperature
BATCH-00735,2022-08-27,Night,Lemon,Citrus,SUP-017,424.14,,89.34,537.1,154.8,19.1,Yes,Zone-C,1.87,0.08,2,Sorter-X,4368.38,1912.05,5.87,6714.79,87.6,1,0,Fulfilled,97.56,1,36.6,8.63,1098.0,Good,Low,Activate Backup Supplier
BATCH-00736,2021-09-04,Morning,Lemon,Citrus,SUP-012,929.84,17.96,61.57,850.2,409.4,46.6,Yes,Zone-D,2.16,0.91,3,Washer-1,3066.57,892.13,5.86,2278.45,82.32,0,0,Fulfilled,70.54,2,142.82,15.36,4284.6,Bad,Medium,Reduce Storage Temperature
BATCH-00737,2023-11-10,Afternoon,Strawberry,Berries,SUP-016,981.6,14.91,68.7,464.0,327.4,27.9,Yes,Zone-C,7.22,0.15,4,Packer-Z,671.72,2734.7,1.03,3016.31,93.74,0,0,Delayed,74.93,1,72.15,7.35,5772.0,Good,Low,Reduce Storage Temperature
BATCH-00738,2022-09-25,Night,Leafy Greens,Vegetables,SUP-015,1599.28,4.36,83.17,560.2,140.1,84.2,Yes,Zone-D,2.11,5.03,6,Conveyor-B,3361.26,617.36,6.67,5217.03,86.65,0,0,Partial,90.83,1,140.42,8.78,2106.3,Good,Low,Expedite Processing
BATCH-00739,2023-03-02,Morning,Mango,Fruits,SUP-013,1245.5,,68.73,678.2,398.6,15.4,Yes,Zone-A,1.79,,3,Sorter-X,2617.79,226.57,3.62,7297.86,57.02,0,0,Delayed,95.42,3,101.63,8.16,6097.8,Good,Low,Reduce Storage Temperature
BATCH-00740,2021-03-03,Night,Leafy Greens,Vegetables,SUP-001,1343.02,18.2,59.6,915.5,213.6,84.3,No,Zone-B,9.79,0.76,6,Sorter-X,1738.2,2410.19,6.32,5173.99,80.98,1,1,Partial,97.74,3,310.51,23.12,4657.65,Bad,High,Restore Cold Chain Immediately
BATCH-00741,2020-04-25,Night,Mango,Fruits,SUP-017,1996.58,8.27,68.57,1257.8,60.2,40.1,Yes,Zone-A,0.64,1.36,5,Conveyor-B,4866.72,1734.61,8.48,3560.46,52.23,0,0,Fulfilled,91.36,0,97.83,4.9,5869.8,Good,Low,Monitor & Maintain
BATCH-00742,2021-12-13,Morning,Leafy Greens,Vegetables,SUP-003,242.42,4.01,50.13,559.2,496.7,27.9,Yes,Zone-D,3.59,1.52,3,Conveyor-A,747.82,814.76,0.93,6409.12,69.37,0,0,Fulfilled,77.11,0,13.43,5.54,201.45,Good,Low,Monitor & Maintain
BATCH-00743,2021-04-04,Night,Potato,Root Vegetables,SUP-015,523.72,14.67,50.85,1285.6,212.8,30.6,No,Zone-B,0.83,3.74,5,Sorter-X,4756.45,2045.6,6.27,2446.85,70.6,0,1,Partial,65.1,1,107.26,20.48,1930.68,Bad,High,Restore Cold Chain Immediately
BATCH-00744,2020-10-22,Morning,Orange,Fruits,SUP-004,875.0,15.11,76.23,1426.1,270.8,33.0,No,Zone-B,8.46,1.56,5,Packer-Z,1216.7,2323.48,5.86,6782.92,92.74,0,0,Fulfilled,81.33,3,118.82,13.58,4158.7,Good,Medium,Restore Cold Chain Immediately
BATCH-00745,2023-10-22,Afternoon,Orange,Fruits,SUP-004,760.79,18.14,86.29,1181.8,404.0,49.6,Yes,Zone-B,6.04,1.13,4,Conveyor-A,2196.45,2549.18,2.46,7322.87,59.02,0,0,Partial,63.66,0,113.28,14.89,3964.8,Good,Medium,Reduce Storage Temperature
BATCH-00746,2021-10-10,Morning,Banana,Fruits,SUP-018,141.13,2.95,77.66,452.5,480.4,35.3,No,Zone-A,0.96,6.51,3,Washer-1,2377.56,918.17,6.64,7282.06,,0,0,Fulfilled,57.45,2,17.84,12.64,356.8,Good,Medium,Restore Cold Chain Immediately
BATCH-00747,2020-09-12,Afternoon,Onion,Root Vegetables,SUP-017,274.38,4.55,48.36,928.8,436.4,62.8,No,Zone-B,6.35,6.92,6,Packer-Z,3789.59,174.2,5.77,2518.12,59.62,0,0,Partial,95.45,3,39.15,14.27,861.3,Good,Medium,Restore Cold Chain Immediately
BATCH-00748,2020-10-17,Night,Orange,Fruits,SUP-019,1393.81,12.77,63.13,1192.1,262.5,42.0,Yes,Zone-A,1.67,0.08,1,Conveyor-B,1470.24,1579.11,7.79,4853.22,97.43,0,1,Delayed,76.33,3,197.78,14.19,6922.3,Good,Medium,Monitor & Maintain
BATCH-00749,2021-02-13,Morning,Orange,Fruits,SUP-011,1770.72,13.14,45.11,1574.2,272.8,65.1,Yes,Zone-A,5.21,,4,Conveyor-A,4937.46,2582.63,1.55,5058.38,76.47,0,0,Fulfilled,77.36,3,189.82,10.72,6643.7,Good,Medium,Monitor & Maintain
BATCH-00750,2023-12-30,Morning,Pineapple,Fruits,SUP-020,1077.03,2.6,68.0,1542.2,140.4,58.8,Yes,Zone-B,6.86,0.93,4,Packer-Z,3870.55,702.68,4.71,2792.48,85.41,1,0,Partial,81.81,2,91.33,8.48,4109.85,Good,Low,Activate Backup Supplier
BATCH-00751,2021-01-26,Morning,Pineapple,Fruits,SUP-003,1124.46,9.14,53.69,874.8,231.4,25.0,Yes,Zone-D,1.91,2.25,1,Sorter-X,4054.79,1321.26,9.98,4836.78,82.33,0,0,Fulfilled,74.86,0,75.23,6.69,3385.35,Good,Low,Monitor & Maintain
BATCH-00752,2021-04-25,Morning,Banana,Fruits,SUP-008,584.68,12.51,84.07,1139.1,473.4,78.4,Yes,Zone-B,5.22,2.03,3,Conveyor-B,978.93,843.62,7.05,5416.38,65.18,0,0,Fulfilled,74.55,0,68.06,11.64,1361.2,Good,Medium,Prioritize Dispatch
BATCH-00753,2022-08-20,Afternoon,Onion,Root Vegetables,SUP-014,1558.97,,49.7,1469.0,363.5,77.1,Yes,Zone-B,4.85,0.8,6,Conveyor-A,2643.4,138.75,7.0,3571.27,95.06,0,0,Fulfilled,95.27,0,185.99,11.93,4091.78,Good,Medium,Reduce Storage Temperature
BATCH-00754,2021-03-05,Afternoon,Strawberry,Berries,SUP-001,1528.41,7.69,45.06,1397.3,5.9,95.0,No,Zone-A,9.2,8.63,4,Sorter-X,4755.24,2705.72,3.52,3494.11,81.36,0,0,Fulfilled,90.93,0,323.11,21.14,25848.8,Bad,High,Restore Cold Chain Immediately
BATCH-00755,2020-11-11,Night,Pineapple,Fruits,SUP-014,1217.89,10.71,65.3,975.3,58.3,18.5,No,Zone-B,9.96,0.88,5,Conveyor-B,,491.65,1.39,2009.99,75.52,0,0,Partial,64.35,0,176.59,14.5,7946.55,Good,Medium,Restore Cold Chain Immediately
BATCH-00756,2020-08-19,Night,Strawberry,Berries,SUP-002,504.06,16.65,51.99,713.5,461.9,81.7,No,Zone-D,6.72,2.0,1,Conveyor-B,1154.23,2323.62,9.52,7219.16,76.42,0,0,Partial,67.84,3,116.29,23.07,9303.2,Bad,High,Restore Cold Chain Immediately
BATCH-00757,2021-04-01,Night,Tomato,Vegetables,SUP-004,284.33,19.17,78.21,564.5,424.4,84.0,Yes,Zone-B,8.62,3.36,6,Conveyor-A,2684.28,1105.15,1.5,6329.01,94.53,0,0,Fulfilled,84.07,2,41.37,14.55,1034.25,Good,Medium,Reduce Storage Temperature
BATCH-00758,2020-06-03,Night,Pineapple,Fruits,SUP-019,222.05,6.15,86.4,985.6,243.1,62.4,Yes,Zone-D,6.65,0.31,2,Conveyor-A,4686.77,905.28,9.93,6072.4,52.96,0,0,Fulfilled,80.13,1,20.65,9.3,929.25,Good,Low,Monitor & Maintain
BATCH-00759,2020-01-28,Morning,Potato,Root Vegetables,SUP-006,1226.12,6.55,46.89,1267.4,308.5,49.6,No,Zone-C,8.82,0.71,4,Conveyor-A,2690.56,2828.98,1.69,1786.54,69.45,1,0,Fulfilled,88.71,0,219.48,17.9,3950.64,Bad,Medium,Restore Cold Chain Immediately
BATCH-00760,2023-03-20,Afternoon,Onion,Root Vegetables,SUP-001,1667.57,18.92,62.8,1563.7,144.8,92.0,Yes,Zone-C,4.62,0.44,6,Packer-Z,2321.75,2005.88,2.12,5287.24,92.08,0,1,Cancelled,87.02,1,307.33,18.43,6761.26,Bad,High,Reduce Storage Temperature
BATCH-00761,2020-07-20,Afternoon,Banana,Fruits,SUP-017,1730.83,9.13,89.86,1434.2,396.4,93.4,Yes,Zone-C,6.28,3.04,5,Conveyor-B,3426.23,2092.08,3.43,2709.45,51.88,0,0,Partial,86.18,0,217.22,12.55,4344.4,Good,Medium,Prioritize Dispatch
BATCH-00762,2023-02-06,Afternoon,Tomato,Vegetables,SUP-008,980.88,14.93,77.97,645.1,301.7,62.3,No,Zone-B,8.53,3.23,3,Washer-1,4715.98,2302.99,5.37,5504.58,81.96,0,0,Delayed,93.73,3,180.87,18.44,4521.75,Bad,High,Restore Cold Chain Immediately
BATCH-00763,2023-03-10,Afternoon,Onion,Root Vegetables,SUP-019,1590.12,13.02,87.89,,347.4,35.8,Yes,Zone-A,9.22,0.59,3,Sorter-X,720.76,1088.71,8.01,5268.91,70.16,0,0,Fulfilled,88.73,3,115.12,7.24,2532.64,Good,Low,Monitor & Maintain
BATCH-00764,2022-02-24,Night,Potato,Root Vegetables,SUP-001,1899.07,7.14,52.38,746.9,187.5,78.8,Yes,Zone-D,0.73,0.01,1,Conveyor-A,,1734.63,9.72,6609.69,,0,0,Fulfilled,65.69,1,152.88,8.05,2751.84,Good,Low,Prioritize Dispatch
BATCH-00765,2021-03-28,Morning,Onion,Root Vegetables,SUP-005,622.82,13.76,54.96,1220.2,215.2,10.4,Yes,Zone-C,1.49,1.1,5,Conveyor-B,1097.39,883.65,3.91,3144.07,80.57,0,0,Partial,93.4,0,49.2,7.9,1082.4,Good,Low,Monitor & Maintain
BATCH-00766,2020-07-30,Afternoon,Potato,Root Vegetables,SUP-016,856.12,13.8,,1199.0,103.8,29.3,Yes,Zone-D,9.35,2.32,1,Sorter-X,884.0,2520.17,0.69,1819.55,91.55,0,0,Fulfilled,69.76,0,81.42,9.51,1465.56,Good,Low,Quality Re-inspection Required
BATCH-00767,2022-12-11,Morning,Potato,Root Vegetables,SUP-006,1869.81,12.66,58.61,726.9,474.0,94.6,Yes,Zone-A,5.9,1.95,4,Washer-1,1859.48,1837.99,6.36,6970.98,73.37,0,0,Fulfilled,95.08,2,202.13,10.81,3638.34,Good,Medium,Prioritize Dispatch
BATCH-00768,2022-05-28,Morning,Strawberry,Berries,SUP-008,742.64,3.79,77.6,681.3,473.3,78.5,Yes,Zone-D,9.91,1.18,1,Sorter-X,,805.88,7.25,6939.18,57.34,0,0,Fulfilled,91.27,2,35.05,4.72,2804.0,Good,Low,Prioritize Dispatch
BATCH-00769,2022-08-14,Morning,Leafy Greens,Vegetables,SUP-013,1836.36,19.91,52.42,524.7,408.9,90.3,Yes,Zone-D,8.03,0.72,2,Washer-1,2969.11,2709.3,4.28,4308.54,65.31,0,0,Partial,58.26,3,307.41,16.74,4611.15,Bad,Medium,Reduce Storage Temperature
BATCH-00770,2020-01-13,Morning,Tomato,Vegetables,SUP-016,1963.99,9.21,68.59,,467.8,57.9,No,Zone-C,8.27,1.29,1,Conveyor-A,1972.8,1784.44,2.24,2113.69,99.07,0,0,Partial,88.94,2,313.26,15.95,7831.5,Bad,Medium,Restore Cold Chain Immediately
BATCH-00771,2023-09-16,Afternoon,Onion,Root Vegetables,SUP-003,1357.44,,57.11,1430.1,332.7,40.3,Yes,Zone-D,4.17,0.03,1,Packer-Z,2323.44,1535.59,3.41,4553.2,,0,0,Fulfilled,77.01,2,150.95,11.12,3320.9,Good,Medium,Monitor & Maintain
BATCH-00772,2020-04-06,Afternoon,Mango,Fruits,SUP-019,1652.09,17.94,82.31,459.8,117.3,94.1,Yes,Zone-C,2.95,0.15,4,Washer-1,4738.39,200.01,6.73,4704.52,58.04,0,0,Delayed,97.99,3,185.53,11.23,11131.8,Good,Medium,Reduce Storage Temperature
BATCH-00773,2021-06-19,Afternoon,Tomato,Vegetables,SUP-012,1524.14,9.62,45.3,506.5,380.1,31.1,Yes,Zone-A,6.18,0.36,5,Conveyor-A,1200.45,2738.43,5.19,6434.22,,0,0,Partial,75.17,0,94.95,6.23,2373.75,Good,Low,Monitor & Maintain
BATCH-00774,2021-08-10,Night,Leafy Greens,Vegetables,SUP-016,1429.12,15.93,55.04,686.6,162.6,73.2,Yes,Zone-C,8.85,1.96,6,Sorter-X,2248.06,2861.59,7.56,5826.36,94.11,0,0,Fulfilled,57.95,2,179.93,12.59,2698.95,Good,Medium,Reduce Storage Temperature
BATCH-00775,2020-01-02,Afternoon,Tomato,Vegetables,SUP-011,683.17,19.49,72.24,1465.2,220.2,54.5,No,Zone-D,7.39,0.49,6,Sorter-X,1656.87,1731.54,2.57,2071.37,85.36,1,0,Partial,,1,162.46,23.78,4061.5,Bad,High,Restore Cold Chain Immediately
BATCH-00776,2021-12-26,Night,Orange,Fruits,SUP-010,208.48,8.46,49.35,,137.2,23.5,Yes,Zone-A,4.99,1.1,2,Sorter-X,,1383.29,8.5,5758.01,57.55,0,0,Fulfilled,73.93,2,15.39,7.38,538.65,Good,Low,Monitor & Maintain
BATCH-00777,2023-01-04,Night,Mango,Fruits,SUP-020,751.8,9.29,65.98,630.2,211.8,3.6,Yes,Zone-B,7.66,1.94,1,Packer-Z,3813.51,1142.74,1.98,2448.65,62.03,1,0,Delayed,81.04,3,70.22,9.34,4213.2,Good,Low,Activate Backup Supplier
BATCH-00778,2023-04-16,Night,Leafy Greens,Vegetables,SUP-004,1367.18,18.3,64.63,1258.7,339.7,38.1,Yes,Zone-B,7.06,3.55,4,Conveyor-B,4176.45,877.34,3.63,2179.83,59.01,0,0,Fulfilled,,1,188.53,13.79,2827.95,Good,Medium,Reduce Storage Temperature
BATCH-00779,2023-07-07,Afternoon,Strawberry,Berries,SUP-012,294.81,,83.36,782.9,55.3,53.5,Yes,Zone-A,9.17,1.6,4,Washer-1,2818.84,1766.14,6.12,3975.91,81.55,0,0,Fulfilled,77.66,3,24.26,8.23,1940.8,Good,Low,Monitor & Maintain
BATCH-00780,2021-12-13,Afternoon,Onion,Root Vegetables,SUP-002,122.64,2.51,73.14,800.0,52.6,19.2,No,Zone-A,3.0,0.39,6,Conveyor-B,4347.12,471.48,7.5,2109.48,69.94,0,0,Delayed,76.27,1,11.36,9.26,249.92,Good,Low,Restore Cold Chain Immediately
BATCH-00781,2022-07-09,Afternoon,Lemon,Citrus,SUP-019,365.42,,73.79,1286.8,341.9,41.0,No,Zone-D,1.63,6.06,4,Sorter-X,4032.84,2765.6,3.03,6478.05,52.39,0,0,Fulfilled,,0,74.62,20.42,2238.6,Bad,High,Restore Cold Chain Immediately
BATCH-00782,2020-04-26,Night,Leafy Greens,Vegetables,SUP-005,1459.9,16.79,87.83,702.0,389.8,59.8,Yes,Zone-B,4.97,0.19,5,Packer-Z,1206.52,610.28,9.51,4350.78,64.56,0,1,Delayed,68.31,2,197.96,13.56,2969.4,Good,Medium,Reduce Storage Temperature
BATCH-00783,2021-12-13,Night,Banana,Fruits,SUP-008,1948.31,19.51,89.21,1476.1,275.7,69.2,No,Zone-A,3.93,0.91,1,Conveyor-A,1604.43,2261.99,7.21,5070.49,93.03,0,0,Fulfilled,74.78,2,429.02,22.02,8580.4,Bad,High,Restore Cold Chain Immediately
BATCH-00784,2020-08-14,Morning,Onion,Root Vegetables,SUP-007,1967.82,3.05,74.4,1073.7,90.8,7.0,Yes,Zone-B,9.76,5.08,3,Packer-Z,3522.74,989.97,2.57,5011.58,89.8,0,0,Partial,72.1,1,119.45,6.07,2627.9,Good,Low,Expedite Processing
BATCH-00785,2021-06-23,Night,Leafy Greens,Vegetables,SUP-014,1038.56,4.81,68.49,,215.4,64.4,Yes,Zone-B,0.57,1.84,6,Conveyor-B,4886.57,755.61,7.39,7342.82,82.15,0,0,Fulfilled,,3,88.59,8.53,1328.85,Good,Low,Monitor & Maintain
BATCH-00786,2021-04-25,Night,Orange,Fruits,SUP-003,1751.77,,72.36,717.7,379.1,7.3,Yes,Zone-D,9.37,2.17,6,Sorter-X,2192.58,1717.82,7.12,6980.7,54.28,1,0,Partial,91.79,3,94.77,5.41,3316.95,Good,Low,Activate Backup Supplier
BATCH-00787,2021-09-10,Afternoon,Lemon,Citrus,SUP-018,1499.97,,62.21,1402.1,342.9,4.6,Yes,Zone-A,9.57,0.72,2,Washer-1,1534.14,2318.86,7.65,6593.43,94.14,0,0,Fulfilled,84.73,1,150.45,10.03,4513.5,Good,Medium,Reduce Storage Temperature
BATCH-00788,2022-04-14,Morning,Orange,Fruits,SUP-016,1051.98,12.91,89.44,1087.3,54.9,16.3,Yes,Zone-C,0.98,0.16,3,Packer-Z,4411.08,2207.54,9.2,3886.79,76.73,0,0,Delayed,75.46,2,74.06,7.04,2592.1,Good,Low,Monitor & Maintain
BATCH-00789,2023-08-11,Morning,Lemon,Citrus,SUP-019,1188.25,8.47,,586.6,484.6,63.4,No,Zone-A,8.95,0.91,5,Conveyor-B,1398.25,777.89,7.26,2503.03,74.73,1,0,Fulfilled,83.06,1,251.08,21.13,7532.4,Bad,High,Restore Cold Chain Immediately
BATCH-00790,2021-07-29,Morning,Banana,Fruits,SUP-019,360.73,3.03,58.1,647.6,111.7,7.0,No,Zone-B,4.97,1.03,6,Conveyor-B,3638.34,1058.46,3.84,5098.75,96.7,0,0,Fulfilled,69.18,0,38.67,10.72,773.4,Good,Medium,Restore Cold Chain Immediately
BATCH-00791,2023-12-03,Afternoon,Onion,Root Vegetables,SUP-018,1881.56,13.51,,961.9,110.2,4.0,Yes,Zone-C,7.78,0.63,1,Conveyor-A,654.12,2619.61,8.01,4218.24,50.44,0,0,Fulfilled,61.34,2,202.64,10.77,4458.08,Good,Medium,Quality Re-inspection Required
BATCH-00792,2023-01-13,Morning,Strawberry,Berries,SUP-020,768.67,12.26,47.01,1335.6,229.9,13.1,Yes,Zone-C,1.25,0.49,3,Washer-1,585.41,2197.41,7.11,2970.31,77.79,0,0,Cancelled,69.07,3,80.79,10.51,6463.2,Good,Medium,Quality Re-inspection Required
BATCH-00793,2022-01-16,Morning,Orange,Fruits,SUP-016,947.68,4.03,54.22,1527.2,163.6,91.3,No,Zone-B,9.57,0.88,3,Conveyor-B,,2166.81,5.96,2227.59,89.56,0,0,Delayed,74.52,0,155.32,16.39,5436.2,Bad,Medium,Restore Cold Chain Immediately
BATCH-00794,2022-07-29,Afternoon,Orange,Fruits,SUP-008,1376.15,18.36,55.48,1196.2,492.0,87.3,Yes,Zone-C,6.27,2.04,6,Washer-1,3454.43,879.82,3.86,4193.7,,0,0,Fulfilled,74.33,0,256.51,18.64,8977.85,Bad,High,Reduce Storage Temperature
BATCH-00795,2020-05-29,Morning,Potato,Root Vegetables,SUP-001,734.41,5.58,63.68,,38.2,10.1,Yes,Zone-C,9.04,5.95,3,Sorter-X,1140.96,2396.81,9.25,5441.54,67.86,0,0,Delayed,87.45,2,52.44,7.14,943.92,Good,Low,Expedite Processing
BATCH-00796,2023-05-18,Night,Lemon,Citrus,SUP-017,583.09,15.38,,700.9,153.2,30.6,Yes,Zone-A,6.89,2.43,2,Packer-Z,3937.47,1139.41,5.37,5293.51,98.87,0,0,Delayed,96.2,3,59.88,10.27,1796.4,Good,Medium,Reduce Storage Temperature
BATCH-00797,2022-04-30,Night,Pineapple,Fruits,SUP-012,1298.99,17.93,,1207.4,191.4,91.0,Yes,Zone-B,5.6,3.02,1,Conveyor-B,1079.31,1264.03,6.47,6156.48,60.59,0,0,Fulfilled,72.11,2,222.91,17.16,10030.95,Bad,Medium,Reduce Storage Temperature
BATCH-00798,2023-12-10,Night,Onion,Root Vegetables,SUP-011,147.47,12.43,54.51,1578.7,246.7,11.2,Yes,Zone-D,2.14,0.73,4,Sorter-X,2901.69,933.93,4.45,4370.68,76.56,0,0,Fulfilled,58.8,1,14.56,9.87,320.32,Good,Low,Quality Re-inspection Required
BATCH-00799,2022-07-18,Night,Lemon,Citrus,SUP-005,1469.38,6.44,53.45,971.5,8.2,10.9,Yes,Zone-C,2.19,0.22,1,Conveyor-A,,452.03,7.92,3528.73,87.3,0,0,Fulfilled,,0,121.81,8.29,3654.3,Good,Low,Quality Re-inspection Required
BATCH-00800,2023-05-02,Night,Potato,Root Vegetables,SUP-012,1076.64,,66.21,594.6,41.2,10.1,Yes,Zone-B,4.99,0.69,6,Washer-1,3885.14,1319.14,3.74,4789.85,69.52,0,1,Fulfilled,55.17,2,87.32,8.11,1571.76,Good,Low,Quality Re-inspection Required
BATCH-00801,2023-03-13,Night,Tomato,Vegetables,SUP-017,1250.93,17.94,,524.0,128.9,93.8,Yes,Zone-A,8.77,1.03,3,Sorter-X,4118.53,149.12,8.2,7324.79,70.39,0,0,Fulfilled,96.28,2,168.38,13.46,4209.5,Good,Medium,Reduce Storage Temperature
BATCH-00802,2021-05-19,Night,Lemon,Citrus,SUP-006,1300.57,7.37,66.07,723.1,277.0,71.9,No,Zone-A,1.59,2.34,1,Washer-1,797.41,1422.14,1.53,1921.98,53.16,0,0,Delayed,98.81,0,191.05,14.69,5731.5,Good,Medium,Restore Cold Chain Immediately
BATCH-00803,2021-01-14,Night,Strawberry,Berries,SUP-001,1101.4,15.43,63.62,1083.3,383.9,22.2,No,Zone-A,9.98,5.61,4,Washer-1,1366.72,2202.52,7.24,4731.55,59.5,0,0,Fulfilled,57.26,1,201.67,18.31,16133.6,Bad,High,Restore Cold Chain Immediately
BATCH-00804,2021-09-20,Night,Onion,Root Vegetables,SUP-005,1206.81,19.82,71.01,1536.2,343.2,6.3,Yes,Zone-C,8.82,3.31,2,Conveyor-B,4516.9,2886.16,5.03,3573.03,94.03,0,0,Delayed,70.76,3,165.21,13.69,3634.62,Good,Medium,Reduce Storage Temperature
BATCH-00805,2021-11-13,Afternoon,Potato,Root Vegetables,SUP-014,1399.2,20.0,56.57,759.0,283.5,92.7,Yes,Zone-D,4.23,0.62,1,Washer-1,2370.26,327.98,7.14,2272.08,90.92,0,0,Delayed,84.45,2,211.42,15.11,3805.56,Bad,Medium,Reduce Storage Temperature
BATCH-00806,2020-12-16,Afternoon,Tomato,Vegetables,SUP-005,1530.93,11.6,60.9,766.5,198.6,42.0,Yes,Zone-A,2.9,3.43,1,Sorter-X,2645.31,915.74,5.55,4185.44,65.23,0,0,Delayed,62.87,0,147.73,9.65,3693.25,Good,Low,Quality Re-inspection Required
BATCH-00807,2023-07-30,Night,Mango,Fruits,SUP-001,1482.16,16.88,,977.4,435.3,58.2,Yes,Zone-D,9.26,1.06,2,Conveyor-A,,1532.98,1.78,5385.16,69.09,0,0,Fulfilled,81.16,0,169.56,11.44,10173.6,Good,Medium,Reduce Storage Temperature
BATCH-00808,2022-03-03,Afternoon,Potato,Root Vegetables,SUP-018,1752.27,19.82,70.73,1502.3,229.9,28.2,Yes,Zone-B,1.67,0.39,2,Conveyor-B,4977.03,594.13,5.03,4728.64,72.02,0,0,Partial,90.8,1,212.02,12.1,3816.36,Good,Medium,Reduce Storage Temperature
BATCH-00809,2023-11-29,Afternoon,Mango,Fruits,SUP-016,459.94,8.74,76.38,902.9,149.6,73.3,Yes,Zone-A,3.8,1.24,6,Packer-Z,4653.71,438.8,9.66,1829.52,67.3,0,0,Delayed,,2,32.89,7.15,1973.4,Good,Low,Prioritize Dispatch
BATCH-00810,2023-03-28,Night,Onion,Root Vegetables,SUP-009,862.18,6.54,75.32,667.9,314.7,20.5,Yes,Zone-C,1.3,1.66,3,Conveyor-A,509.11,1411.72,7.67,5024.67,82.7,1,0,Fulfilled,86.08,0,58.28,6.76,1282.16,Good,Low,Activate Backup Supplier
BATCH-00811,2022-03-22,Night,Orange,Fruits,SUP-019,1900.81,4.06,56.47,595.8,346.1,76.0,No,Zone-A,9.56,2.88,3,Sorter-X,2978.31,1784.12,3.35,3007.94,50.64,0,0,Partial,58.6,1,328.46,17.28,11496.1,Bad,Medium,Restore Cold Chain Immediately
BATCH-00812,2023-10-14,Afternoon,Potato,Root Vegetables,SUP-005,853.52,4.54,80.08,948.4,199.2,23.7,Yes,Zone-C,6.37,0.86,6,Conveyor-B,4425.2,2478.6,9.47,3643.98,94.01,0,0,Fulfilled,70.33,2,30.9,3.62,556.2,Good,Low,Monitor & Maintain
BATCH-00813,2022-01-07,Night,Banana,Fruits,SUP-002,337.25,,56.52,1360.8,14.1,11.2,No,Zone-B,3.69,0.32,2,Washer-1,2437.4,2993.63,7.9,3473.91,65.03,0,0,Fulfilled,97.56,3,49.64,14.72,992.8,Good,Medium,Restore Cold Chain Immediately
BATCH-00814,2023-07-19,Night,Mango,Fruits,SUP-015,1098.35,12.6,51.76,749.6,47.1,47.0,No,Zone-D,3.12,0.2,4,Conveyor-A,2465.66,2345.39,3.96,6647.96,93.62,0,0,Partial,63.48,3,152.56,13.89,9153.6,Good,Medium,Restore Cold Chain Immediately
BATCH-00815,2021-06-06,Night,Strawberry,Berries,SUP-007,308.03,17.73,60.74,1015.0,422.8,78.4,Yes,Zone-D,4.72,0.24,3,Conveyor-B,,741.89,6.23,1936.4,72.72,0,0,Fulfilled,74.97,2,45.96,14.92,3676.8,Good,Medium,Reduce Storage Temperature
BATCH-00816,2021-07-06,Night,Banana,Fruits,SUP-004,485.42,16.21,71.9,1123.6,28.3,38.2,No,Zone-D,1.37,5.99,4,Packer-Z,,2269.14,4.55,3681.86,88.82,0,0,Delayed,69.7,2,95.39,19.65,1907.8,Bad,High,Restore Cold Chain Immediately
BATCH-00817,2021-09-02,Afternoon,Leafy Greens,Vegetables,SUP-001,1996.81,,51.39,940.6,296.0,4.7,Yes,Zone-A,8.95,6.06,2,Packer-Z,4056.28,1657.75,1.42,3953.88,91.29,0,0,Partial,64.04,2,274.76,13.76,4121.4,Good,Medium,Reduce Storage Temperature
BATCH-00818,2022-03-09,Morning,Leafy Greens,Vegetables,SUP-013,1128.59,12.97,74.16,630.0,91.9,54.0,No,Zone-A,5.35,6.93,1,Packer-Z,2555.53,1407.35,8.16,5255.43,,0,0,Partial,69.24,2,189.94,16.83,2849.1,Bad,Medium,Restore Cold Chain Immediately
BATCH-00819,2022-03-19,Afternoon,Tomato,Vegetables,SUP-020,639.71,2.87,83.84,1506.1,114.5,66.0,Yes,Zone-B,7.39,0.72,6,Conveyor-B,2889.8,2813.61,2.32,6243.89,82.02,0,0,Fulfilled,63.34,1,45.36,7.09,1134.0,Good,Low,Quality Re-inspection Required
BATCH-00820,2021-12-25,Morning,Orange,Fruits,SUP-007,1990.07,17.7,58.19,1078.5,136.7,71.6,No,Zone-D,2.72,0.43,2,Conveyor-A,1650.58,2136.07,4.85,5887.73,80.37,0,0,Fulfilled,93.6,0,377.52,18.97,13213.2,Bad,High,Restore Cold Chain Immediately
BATCH-00821,2021-03-22,Morning,Onion,Root Vegetables,SUP-015,1936.46,9.52,65.26,1275.0,19.1,39.8,Yes,Zone-B,5.29,7.92,2,Washer-1,4028.53,2076.91,7.18,6032.73,73.8,0,0,Partial,62.68,1,237.02,12.24,5214.44,Good,Medium,Expedite Processing
BATCH-00822,2023-09-15,Morning,Potato,Root Vegetables,SUP-014,937.4,,55.27,1163.3,88.6,11.1,Yes,Zone-C,2.51,8.89,5,Conveyor-A,4071.87,134.09,9.36,2777.77,73.48,0,0,Partial,82.44,0,89.43,9.54,1609.74,Good,Low,Expedite Processing
BATCH-00823,2022-05-09,Afternoon,Pineapple,Fruits,SUP-019,594.77,2.4,61.26,1597.7,325.2,56.9,Yes,Zone-A,8.25,0.16,2,Washer-1,2988.14,2608.71,1.1,6957.19,65.26,0,0,Fulfilled,,1,8.68,1.46,390.6,Good,Low,Monitor & Maintain
BATCH-00824,2021-08-18,Afternoon,Strawberry,Berries,SUP-020,1692.96,18.85,,947.6,249.4,33.0,No,Zone-D,7.87,2.79,3,Conveyor-A,4570.83,2400.57,4.24,4066.2,65.51,1,1,Fulfilled,96.92,2,382.1,22.57,30568.0,Bad,High,Restore Cold Chain Immediately
BATCH-00825,2022-08-08,Afternoon,Mango,Fruits,SUP-018,1459.68,18.25,87.92,910.0,398.7,91.0,No,Zone-A,1.91,0.68,1,Conveyor-A,1021.48,966.93,6.34,1724.54,77.41,1,1,Delayed,81.42,1,426.66,29.23,25599.6,Bad,High,Restore Cold Chain Immediately
BATCH-00826,2023-01-26,Afternoon,Onion,Root Vegetables,SUP-010,1405.19,,63.72,832.2,30.6,49.3,Yes,Zone-D,1.21,4.8,4,Conveyor-B,4039.82,947.13,7.9,5541.64,51.61,0,0,Partial,66.92,0,157.1,11.18,3456.2,Good,Medium,Quality Re-inspection Required
BATCH-00827,2023-11-03,Afternoon,Banana,Fruits,SUP-009,1796.92,12.39,80.5,834.0,444.4,46.4,Yes,Zone-D,8.33,0.19,5,Packer-Z,3013.63,255.09,9.25,5169.26,96.68,0,0,Partial,65.91,3,192.99,10.74,3859.8,Good,Medium,Quality Re-inspection Required
BATCH-00828,2021-12-30,Morning,Leafy Greens,Vegetables,SUP-008,1409.89,14.69,51.42,730.9,498.2,31.1,Yes,Zone-A,1.54,4.39,6,Packer-Z,1539.56,247.48,0.5,2391.81,82.5,1,0,Fulfilled,,2,196.54,13.94,2948.1,Good,Medium,Reduce Storage Temperature
BATCH-00829,2020-06-12,Afternoon,Strawberry,Berries,SUP-010,639.22,6.76,81.56,,7.9,33.8,No,Zone-A,5.71,0.01,3,Packer-Z,1095.37,2038.92,6.46,7236.83,72.17,0,1,Partial,98.15,3,75.43,11.8,6034.4,Good,Medium,Restore Cold Chain Immediately
BATCH-00830,2021-10-05,Morning,Pineapple,Fruits,SUP-017,1418.34,5.99,83.71,1444.9,483.8,50.2,Yes,Zone-B,5.58,1.48,1,Packer-Z,1854.53,640.09,0.57,4922.69,53.09,0,0,Partial,58.41,0,129.64,9.14,5833.8,Good,Low,Quality Re-inspection Required
BATCH-00831,2021-11-30,Afternoon,Potato,Root Vegetables,SUP-002,681.05,14.13,77.2,780.0,117.9,30.8,No,Zone-A,2.43,0.82,4,Conveyor-A,4353.42,2778.29,7.98,4386.42,81.5,1,0,Fulfilled,89.74,2,108.97,16.0,1961.46,Bad,Medium,Restore Cold Chain Immediately
BATCH-00832,2023-08-02,Afternoon,Tomato,Vegetables,SUP-006,1542.55,3.88,85.64,,346.3,85.9,Yes,Zone-A,6.12,1.11,1,Packer-Z,4044.29,2542.97,1.92,3973.09,50.89,0,0,Fulfilled,60.41,2,124.79,8.09,3119.75,Good,Low,Prioritize Dispatch
BATCH-00833,2021-07-30,Night,Pineapple,Fruits,SUP-005,1277.52,10.17,52.52,524.2,146.2,43.3,Yes,Zone-A,5.28,1.14,3,Conveyor-A,3403.1,1111.77,9.0,2879.24,83.99,0,0,Fulfilled,68.12,2,151.77,11.88,6829.65,Good,Medium,Quality Re-inspection Required
BATCH-00834,2023-10-23,Morning,Strawberry,Berries,SUP-009,247.08,10.87,66.44,1452.4,260.9,29.5,Yes,Zone-C,5.34,2.12,6,Washer-1,906.47,1202.2,1.97,7195.84,53.63,0,0,Fulfilled,79.93,3,20.33,8.23,1626.4,Good,Low,Monitor & Maintain
BATCH-00835,2021-12-09,Afternoon,Pineapple,Fruits,SUP-005,1074.39,8.86,72.9,846.1,255.2,16.6,Yes,Zone-C,3.92,0.05,6,Sorter-X,4796.74,1049.1,7.76,5739.54,82.81,0,0,Partial,68.08,3,83.48,7.77,3756.6,Good,Low,Quality Re-inspection Required
BATCH-00836,2023-11-22,Afternoon,Strawberry,Berries,SUP-018,752.27,5.33,71.83,1087.1,180.6,65.2,Yes,Zone-C,8.47,2.35,1,Sorter-X,1874.48,367.95,3.25,4957.78,70.29,0,0,Fulfilled,83.61,0,64.77,8.61,5181.6,Good,Low,Monitor & Maintain
BATCH-00837,2020-01-12,Afternoon,Strawberry,Berries,SUP-020,724.28,8.4,,1480.5,358.8,4.4,Yes,Zone-B,1.3,,2,Washer-1,3231.5,191.15,5.79,5327.27,83.13,0,0,Fulfilled,73.36,0,29.48,4.07,2358.4,Good,Low,Monitor & Maintain
BATCH-00838,2023-08-05,Night,Lemon,Citrus,SUP-009,1244.29,8.08,54.71,889.7,299.8,44.3,Yes,Zone-B,4.67,0.41,1,Conveyor-A,4113.96,1411.19,6.28,6542.84,56.92,0,0,Partial,64.64,1,84.86,6.82,2545.8,Good,Low,Quality Re-inspection Required
BATCH-00839,2023-09-21,Morning,Mango,Fruits,SUP-017,712.42,,52.9,1368.2,254.1,53.7,Yes,Zone-D,2.97,1.87,2,Packer-Z,1097.85,2834.82,2.46,5353.53,55.87,1,0,Fulfilled,78.36,0,86.2,12.1,5172.0,Good,Medium,Activate Backup Supplier
BATCH-00840,2023-11-04,Afternoon,Leafy Greens,Vegetables,SUP-017,1576.1,14.14,56.4,916.3,491.4,33.9,Yes,Zone-B,8.56,0.18,6,Conveyor-B,3434.89,2760.02,3.34,2325.77,62.37,0,0,Fulfilled,56.06,1,186.45,11.83,2796.75,Good,Medium,Reduce Storage Temperature
BATCH-00841,2020-01-20,Afternoon,Lemon,Citrus,SUP-012,234.5,19.43,85.12,,470.0,72.5,Yes,Zone-A,2.64,9.4,3,Conveyor-A,645.33,2448.53,1.52,5711.28,70.58,1,0,Partial,87.61,3,44.32,18.9,1329.6,Bad,High,Reduce Storage Temperature
BATCH-00842,2020-09-07,Afternoon,Potato,Root Vegetables,SUP-007,1354.74,4.59,87.35,917.4,477.7,65.5,Yes,Zone-D,7.79,3.07,5,Conveyor-A,958.05,1922.93,0.55,4941.89,62.65,0,0,Partial,77.98,0,104.72,7.73,1884.96,Good,Low,Monitor & Maintain
BATCH-00843,2022-08-12,Night,Lemon,Citrus,SUP-003,1637.47,17.71,,871.3,440.7,93.3,Yes,Zone-A,6.31,2.45,2,Washer-1,3754.15,2583.04,2.77,7274.46,54.1,0,0,Partial,96.65,2,181.43,11.08,5442.9,Good,Medium,Reduce Storage Temperature
BATCH-00844,2020-02-07,Afternoon,Orange,Fruits,SUP-010,1378.38,7.12,67.56,1588.9,127.6,49.8,Yes,Zone-D,8.81,0.62,6,Washer-1,1197.87,1593.7,5.4,5922.91,66.25,0,0,Partial,59.52,1,126.54,9.18,4428.9,Good,Low,Quality Re-inspection Required
BATCH-00845,2020-04-02,Morning,Orange,Fruits,SUP-002,1044.74,12.64,72.24,1134.8,175.0,52.6,Yes,Zone-B,6.14,0.1,1,Conveyor-B,2495.78,622.46,7.28,3658.66,85.29,0,1,Partial,87.22,1,118.16,11.31,4135.6,Good,Medium,Monitor & Maintain
BATCH-00846,2020-11-18,Morning,Leafy Greens,Vegetables,SUP-003,1905.58,11.84,72.73,840.9,115.5,25.1,Yes,Zone-C,5.79,7.71,6,Packer-Z,1617.5,2084.09,8.04,2446.66,79.15,0,0,Delayed,68.24,1,225.62,11.84,3384.3,Good,Medium,Expedite Processing
BATCH-00847,2022-01-18,Morning,Pineapple,Fruits,SUP-016,669.88,12.03,,,493.1,38.2,No,Zone-A,8.11,0.32,1,Sorter-X,2395.53,2769.87,1.16,4462.05,98.17,0,0,Delayed,71.42,3,93.78,14.0,4220.1,Good,Medium,Restore Cold Chain Immediately
BATCH-00848,2022-03-08,Morning,Mango,Fruits,SUP-002,136.42,15.02,75.89,447.7,76.3,4.5,Yes,Zone-D,5.84,3.55,1,Packer-Z,847.49,156.85,3.09,5607.05,71.8,0,1,Partial,70.33,1,14.53,10.65,871.8,Good,Medium,Reduce Storage Temperature
BATCH-00849,2020-02-20,Afternoon,Leafy Greens,Vegetables,SUP-010,920.78,8.87,65.36,1247.9,183.3,66.8,No,Zone-C,8.52,0.44,6,Packer-Z,3897.05,829.19,7.82,2689.97,66.64,0,0,Partial,70.75,0,132.32,14.37,1984.8,Good,Medium,Restore Cold Chain Immediately
BATCH-00850,2020-09-05,Night,Strawberry,Berries,SUP-006,162.72,7.74,68.28,846.6,99.5,31.3,No,Zone-A,0.97,0.94,3,Conveyor-A,855.69,869.77,5.07,5433.27,84.68,0,0,Cancelled,73.96,1,20.44,12.56,1635.2,Good,Medium,Restore Cold Chain Immediately
BATCH-00851,2021-12-30,Night,Banana,Fruits,SUP-011,1912.48,17.35,46.36,1385.5,111.7,52.8,Yes,Zone-A,5.2,2.37,4,Conveyor-B,4270.62,387.21,2.23,6456.8,70.6,1,0,Fulfilled,55.92,2,323.59,16.92,6471.8,Bad,Medium,Reduce Storage Temperature
BATCH-00852,2022-05-17,Night,Mango,Fruits,SUP-007,498.84,5.96,79.41,,123.5,26.0,Yes,Zone-C,8.22,5.81,1,Conveyor-A,3481.74,753.93,4.23,2572.46,80.92,0,0,Fulfilled,92.26,3,42.45,8.51,2547.0,Good,Low,Expedite Processing
BATCH-00853,2020-08-04,Afternoon,Mango,Fruits,SUP-015,1598.96,5.24,82.59,848.0,319.8,60.4,Yes,Zone-B,8.56,0.04,1,Washer-1,2374.64,1213.55,3.07,5760.61,97.31,0,0,Delayed,93.8,3,135.75,8.49,8145.0,Good,Low,Monitor & Maintain
BATCH-00854,2021-08-05,Night,Strawberry,Berries,SUP-006,1571.69,2.28,72.87,1335.0,38.0,44.1,Yes,Zone-C,8.42,0.6,2,Sorter-X,,2825.52,0.98,2056.58,74.96,0,1,Delayed,56.74,0,162.2,10.32,12976.0,Good,Medium,Quality Re-inspection Required
BATCH-00855,2023-08-13,Morning,Strawberry,Berries,SUP-020,513.68,5.79,78.69,987.4,286.3,47.3,Yes,Zone-B,6.24,2.9,5,Conveyor-B,1337.59,2594.77,7.75,1706.19,74.91,0,0,Delayed,89.14,2,35.5,6.91,2840.0,Good,Low,Monitor & Maintain
BATCH-00856,2023-12-29,Afternoon,Tomato,Vegetables,SUP-009,1280.33,11.33,68.52,1461.9,409.6,90.6,Yes,Zone-D,9.94,0.38,6,Conveyor-B,1690.54,2843.42,3.27,1849.61,88.76,1,0,Delayed,58.18,3,207.41,16.2,5185.25,Bad,Medium,Prioritize Dispatch
BATCH-00857,2023-12-12,Night,Leafy Greens,Vegetables,SUP-020,191.35,11.69,72.83,1108.2,383.3,68.4,Yes,Zone-B,2.22,0.24,1,Packer-Z,1117.06,449.66,9.48,5329.04,87.8,0,0,Fulfilled,90.54,3,15.81,8.26,237.15,Good,Low,Monitor & Maintain
BATCH-00858,2023-07-11,Morning,Strawberry,Berries,SUP-012,1018.79,6.58,62.76,688.8,75.6,26.6,No,Zone-D,2.16,0.09,3,Conveyor-A,2217.06,181.34,8.94,7315.23,75.81,0,0,Delayed,,3,116.55,11.44,9324.0,Good,Medium,Restore Cold Chain Immediately
BATCH-00859,2021-07-30,Morning,Orange,Fruits,SUP-019,127.83,3.3,80.63,1081.9,457.4,49.4,Yes,Zone-D,0.81,1.4,4,Packer-Z,4940.3,418.66,7.3,6141.67,53.24,0,0,Fulfilled,68.48,0,8.67,6.78,303.45,Good,Low,Quality Re-inspection Required
BATCH-00860,2022-09-29,Afternoon,Potato,Root Vegetables,SUP-020,1850.17,,,404.8,385.0,45.9,Yes,Zone-D,9.9,2.92,4,Packer-Z,1224.62,2751.46,3.6,3138.12,,0,0,Delayed,82.01,0,185.76,10.04,3343.68,Good,Medium,Reduce Storage Temperature
BATCH-00861,2021-08-31,Afternoon,Banana,Fruits,SUP-003,1954.56,15.64,75.61,774.9,2.7,76.7,Yes,Zone-D,3.81,6.53,4,Conveyor-B,4239.39,556.72,3.16,2076.51,68.87,0,0,Partial,77.29,3,279.5,14.3,5590.0,Good,Medium,Reduce Storage Temperature
BATCH-00862,2022-08-04,Night,Leafy Greens,Vegetables,SUP-015,522.34,19.96,72.96,649.5,368.7,80.3,Yes,Zone-A,7.74,,3,Sorter-X,3433.46,1760.65,5.02,5242.76,65.84,0,0,Fulfilled,82.97,1,61.85,11.84,927.75,Good,Medium,Reduce Storage Temperature
BATCH-00863,2021-03-27,Night,Onion,Root Vegetables,SUP-002,495.4,18.2,,1185.0,368.7,28.6,Yes,Zone-D,1.07,0.26,4,Washer-1,571.16,759.99,3.87,1678.76,99.08,0,0,Partial,75.92,3,48.1,9.71,1058.2,Good,Low,Reduce Storage Temperature
BATCH-00864,2022-06-04,Night,Orange,Fruits,SUP-002,1532.07,18.67,80.33,563.2,248.4,79.2,Yes,Zone-A,3.34,1.03,6,Packer-Z,4752.01,159.84,9.06,6264.92,,0,0,Fulfilled,89.01,2,219.85,14.35,7694.75,Good,Medium,Reduce Storage Temperature
BATCH-00865,2022-02-03,Afternoon,Pineapple,Fruits,SUP-003,581.42,16.37,68.07,748.1,23.0,18.9,Yes,Zone-A,6.43,0.11,4,Sorter-X,,345.4,1.67,3072.53,66.51,0,0,Fulfilled,56.99,2,75.47,12.98,3396.15,Good,Medium,Reduce Storage Temperature
BATCH-00866,2020-02-05,Night,Strawberry,Berries,SUP-006,1800.65,,81.59,797.6,290.0,73.7,Yes,Zone-D,5.49,0.81,2,Packer-Z,4662.05,2158.41,7.38,3398.45,65.42,1,0,Fulfilled,,3,293.51,16.3,23480.8,Bad,Medium,Prioritize Dispatch
BATCH-00867,2023-02-28,Night,Onion,Root Vegetables,SUP-015,1190.47,,67.38,404.0,382.9,25.4,Yes,Zone-B,2.47,2.06,4,Sorter-X,2757.83,628.86,6.3,3658.52,86.05,0,0,Fulfilled,79.61,3,53.57,4.5,1178.54,Good,Low,Monitor & Maintain
BATCH-00868,2020-01-18,Morning,Strawberry,Berries,SUP-010,766.48,13.2,88.05,456.1,135.4,30.0,Yes,Zone-B,4.89,0.37,2,Conveyor-A,1491.69,764.5,8.16,6096.24,66.72,0,0,Partial,80.88,3,47.52,6.2,3801.6,Good,Low,Monitor & Maintain
BATCH-00869,2021-03-04,Morning,Mango,Fruits,SUP-009,1682.12,,78.87,773.4,333.5,82.1,No,Zone-C,1.53,2.0,2,Washer-1,2260.69,1194.04,5.65,3203.96,62.57,0,0,Fulfilled,62.46,2,234.15,13.92,14049.0,Good,Medium,Restore Cold Chain Immediately
BATCH-00870,2020-01-09,Morning,Orange,Fruits,SUP-001,1037.47,17.94,52.7,666.8,177.0,41.5,Yes,Zone-A,5.66,7.15,2,Conveyor-B,3263.86,2006.0,6.48,3312.78,98.98,1,0,Cancelled,58.28,0,206.56,19.91,7229.6,Bad,High,Reduce Storage Temperature
BATCH-00871,2021-07-03,Night,Mango,Fruits,SUP-016,1832.1,10.67,82.33,540.3,286.9,95.1,Yes,Zone-A,1.42,3.99,3,Conveyor-A,2204.76,1461.18,9.65,4803.16,78.29,1,0,Fulfilled,,1,346.63,18.92,20797.8,Bad,High,Prioritize Dispatch
BATCH-00872,2020-04-02,Afternoon,Tomato,Vegetables,SUP-006,1863.23,14.55,,585.0,192.3,16.3,Yes,Zone-B,6.54,0.88,1,Packer-Z,,2839.37,1.37,4350.03,88.12,0,0,Delayed,73.17,0,155.77,8.36,3894.25,Good,Low,Reduce Storage Temperature
BATCH-00873,2023-08-26,Morning,Mango,Fruits,SUP-009,414.3,2.94,89.3,1402.6,151.9,45.6,Yes,Zone-A,1.98,1.09,5,Packer-Z,4080.09,1359.13,1.5,7211.86,85.65,0,1,Cancelled,69.54,1,32.32,7.8,1939.2,Good,Low,Quality Re-inspection Required
BATCH-00874,2021-08-29,Afternoon,Tomato,Vegetables,SUP-004,104.41,11.62,77.35,1220.0,428.0,70.9,Yes,Zone-B,5.7,1.09,6,Washer-1,1442.27,677.48,4.24,3190.33,87.78,0,0,Fulfilled,79.98,2,14.42,13.81,360.5,Good,Medium,Monitor & Maintain
BATCH-00875,2021-11-01,Night,Tomato,Vegetables,SUP-002,1969.47,7.42,48.8,980.9,376.9,2.5,Yes,Zone-C,1.73,3.93,6,Washer-1,2322.24,1654.81,4.99,2193.89,95.17,0,0,Fulfilled,74.78,2,73.66,3.74,1841.5,Good,Low,Monitor & Maintain
BATCH-00876,2021-05-25,Night,Onion,Root Vegetables,SUP-004,1821.66,7.13,62.77,1490.6,172.7,16.3,No,Zone-D,4.31,10.18,4,Washer-1,4809.85,1407.58,2.4,4803.1,75.04,0,0,Fulfilled,72.34,2,288.55,15.84,6348.1,Bad,Medium,Restore Cold Chain Immediately
BATCH-00877,2022-07-05,Morning,Strawberry,Berries,SUP-001,205.35,9.01,68.28,435.5,217.3,3.9,Yes,Zone-D,3.84,3.5,5,Packer-Z,1624.13,2382.7,1.29,2732.06,87.67,1,0,Delayed,92.11,2,13.64,6.64,1091.2,Good,Low,Activate Backup Supplier
BATCH-00878,2023-02-19,Afternoon,Pineapple,Fruits,SUP-019,1682.77,,82.76,813.9,345.9,95.3,Yes,Zone-D,7.69,1.63,1,Packer-Z,2059.01,2811.85,0.71,4063.17,89.84,0,1,Delayed,82.35,0,142.19,8.45,6398.55,Good,Low,Prioritize Dispatch
BATCH-00879,2022-08-04,Morning,Mango,Fruits,SUP-010,969.83,10.4,77.82,1388.1,405.5,73.5,Yes,Zone-C,6.59,0.2,2,Conveyor-B,660.47,2525.26,7.76,2747.62,97.32,1,1,Fulfilled,83.43,1,150.42,15.51,9025.2,Bad,Medium,Prioritize Dispatch
BATCH-00880,2022-12-28,Night,Orange,Fruits,SUP-015,592.03,10.76,61.62,1153.9,342.2,37.1,Yes,Zone-A,9.4,6.18,2,Washer-1,1995.65,1228.22,5.11,6778.44,85.65,0,0,Fulfilled,71.8,2,81.34,13.74,2846.9,Good,Medium,Expedite Processing
BATCH-00881,2023-08-15,Afternoon,Tomato,Vegetables,SUP-019,1769.62,17.54,74.4,1578.0,270.5,16.7,Yes,Zone-C,9.26,3.93,2,Sorter-X,2169.19,726.74,8.51,3562.48,94.63,1,0,Delayed,89.18,1,255.0,14.41,6375.0,Good,Medium,Reduce Storage Temperature
BATCH-00882,2023-06-14,Morning,Strawberry,Berries,SUP-016,473.67,10.07,70.96,1533.4,477.2,10.5,Yes,Zone-A,7.39,3.68,2,Conveyor-B,949.26,2752.02,3.93,6161.98,54.75,0,0,Partial,61.69,1,54.28,11.46,4342.4,Good,Medium,Quality Re-inspection Required
BATCH-00883,2022-09-11,Night,Banana,Fruits,SUP-004,1899.87,8.54,50.67,,387.1,52.0,Yes,Zone-A,7.82,0.99,4,Sorter-X,506.49,1219.22,7.18,7171.39,56.3,0,0,Fulfilled,72.69,3,115.51,6.08,2310.2,Good,Low,Monitor & Maintain
BATCH-00884,2020-11-09,Morning,Leafy Greens,Vegetables,SUP-002,490.68,,55.57,1566.4,57.8,93.7,Yes,Zone-D,6.44,1.19,1,Conveyor-A,3089.32,2333.6,5.14,7124.6,57.92,1,0,Delayed,57.08,0,107.16,21.84,1607.4,Bad,High,Reduce Storage Temperature
BATCH-00885,2022-07-20,Afternoon,Onion,Root Vegetables,SUP-013,1266.0,12.28,60.35,1534.6,279.1,65.4,Yes,Zone-B,7.07,0.25,1,Washer-1,1856.87,2969.63,6.31,4709.09,57.24,0,0,Cancelled,60.08,0,172.94,13.66,3804.68,Good,Medium,Quality Re-inspection Required
BATCH-00886,2022-01-08,Afternoon,Pineapple,Fruits,SUP-001,523.86,10.51,53.8,848.3,204.8,36.3,Yes,Zone-B,6.36,5.56,1,Conveyor-B,580.21,1774.58,4.02,7372.71,54.38,0,0,Fulfilled,58.59,0,60.72,11.59,2732.4,Good,Medium,Expedite Processing
BATCH-00887,2022-11-13,Afternoon,Lemon,Citrus,SUP-017,1136.77,10.93,51.76,1579.5,397.5,49.1,Yes,Zone-D,3.46,5.74,5,Conveyor-B,4369.75,1491.65,1.27,5471.0,56.13,1,0,Fulfilled,74.42,0,180.18,15.85,5405.4,Bad,Medium,Expedite Processing
BATCH-00888,2023-05-01,Afternoon,Onion,Root Vegetables,SUP-013,1399.55,16.57,47.62,443.0,22.3,95.9,Yes,Zone-A,3.83,0.59,6,Conveyor-A,3129.84,2129.63,9.5,2406.52,99.8,0,0,Delayed,85.68,1,249.82,17.85,5496.04,Bad,Medium,Reduce Storage Temperature
BATCH-00889,2022-12-20,Afternoon,Banana,Fruits,SUP-004,461.43,8.13,84.29,1192.9,205.4,50.8,Yes,Zone-C,5.96,2.38,2,Conveyor-A,1270.26,662.4,8.44,6821.47,63.61,0,0,Partial,68.76,2,45.45,9.85,909.0,Good,Low,Quality Re-inspection Required
BATCH-00890,2023-05-20,Morning,Leafy Greens,Vegetables,SUP-007,1089.68,9.0,58.0,719.4,159.1,92.6,No,Zone-D,7.34,0.46,3,Conveyor-A,4393.61,1515.9,3.46,4383.08,73.9,0,0,Cancelled,56.17,2,200.39,18.39,3005.85,Bad,High,Restore Cold Chain Immediately
BATCH-00891,2020-04-03,Morning,Banana,Fruits,SUP-017,991.21,15.61,58.06,555.4,70.6,3.5,No,Zone-D,4.36,1.0,6,Conveyor-B,1641.14,1005.76,9.61,2547.15,91.08,0,0,Delayed,86.12,1,154.73,15.61,3094.6,Bad,Medium,Restore Cold Chain Immediately
BATCH-00892,2020-02-16,Morning,Mango,Fruits,SUP-009,234.97,3.31,54.28,1093.0,189.4,69.8,Yes,Zone-C,1.86,0.72,1,Packer-Z,1523.51,576.26,3.35,6258.16,55.92,0,0,Fulfilled,64.13,2,23.68,10.08,1420.8,Good,Medium,Quality Re-inspection Required
BATCH-00893,2021-01-12,Morning,Tomato,Vegetables,SUP-004,1654.78,17.57,66.39,767.6,336.4,61.0,Yes,Zone-A,4.86,0.99,5,Sorter-X,4525.85,1869.4,4.71,5287.78,65.87,0,0,Partial,86.8,3,196.92,11.9,4923.0,Good,Medium,Reduce Storage Temperature
BATCH-00894,2023-08-07,Night,Pineapple,Fruits,SUP-019,737.8,9.74,,1200.2,180.8,66.4,Yes,Zone-D,9.65,0.74,4,Sorter-X,1307.56,1769.55,7.67,6785.12,57.96,1,0,Partial,55.32,1,103.51,14.03,4657.95,Good,Medium,Activate Backup Supplier
BATCH-00895,2023-04-17,Night,Potato,Root Vegetables,SUP-001,1191.71,12.46,54.37,1048.0,290.0,55.6,No,Zone-D,2.53,0.85,2,Conveyor-A,4455.44,2307.49,3.44,6466.74,53.13,0,0,Fulfilled,68.74,1,225.23,18.9,4054.14,Bad,High,Restore Cold Chain Immediately
BATCH-00896,2022-09-23,Morning,Tomato,Vegetables,SUP-010,1078.09,15.63,72.39,871.1,296.4,6.2,No,Zone-A,6.67,3.13,5,Packer-Z,4113.38,2631.61,3.58,3519.84,98.04,0,1,Fulfilled,,3,179.07,16.61,4476.75,Bad,Medium,Restore Cold Chain Immediately
BATCH-00897,2022-10-20,Night,Potato,Root Vegetables,SUP-004,1075.19,6.79,77.53,618.2,293.6,16.1,Yes,Zone-C,9.83,0.71,6,Packer-Z,1894.0,739.09,4.4,3149.19,92.92,1,0,Partial,93.33,3,74.51,6.93,1341.18,Good,Low,Activate Backup Supplier
BATCH-00898,2022-11-26,Night,Leafy Greens,Vegetables,SUP-009,303.72,18.03,61.82,1121.5,264.8,88.7,Yes,Zone-C,4.07,3.37,3,Conveyor-A,654.79,2361.14,4.95,5923.54,,1,0,Fulfilled,88.18,2,56.25,18.52,843.75,Bad,High,Reduce Storage Temperature
BATCH-00899,2023-10-08,Afternoon,Strawberry,Berries,SUP-013,904.62,19.63,71.35,1395.1,58.5,23.9,Yes,Zone-B,8.93,,3,Washer-1,871.58,1165.42,1.67,4990.95,93.43,0,1,Fulfilled,74.78,0,126.28,13.96,10102.4,Good,Medium,Reduce Storage Temperature
BATCH-00900,2023-04-29,Morning,Lemon,Citrus,SUP-014,959.5,10.9,67.6,1120.0,109.2,95.3,Yes,Zone-B,8.71,3.03,4,Conveyor-B,992.88,1923.54,0.67,2065.97,57.73,0,0,Fulfilled,86.61,0,118.4,12.34,3552.0,Good,Medium,Prioritize Dispatch
BATCH-00901,2022-06-29,Night,Orange,Fruits,SUP-010,1493.92,18.86,53.8,1132.6,400.0,65.9,No,Zone-C,3.72,5.02,1,Washer-1,,2565.7,9.23,2715.32,89.25,0,0,Partial,78.65,3,302.97,20.28,10603.95,Bad,High,Restore Cold Chain Immediately
BATCH-00902,2022-08-29,Night,Tomato,Vegetables,SUP-006,1696.04,2.02,77.85,1014.2,251.2,43.8,Yes,Zone-B,1.44,0.3,1,Packer-Z,2318.16,842.94,3.86,2539.36,86.39,0,0,Fulfilled,90.79,2,76.83,4.53,1920.75,Good,Low,Monitor & Maintain
BATCH-00903,2020-11-08,Morning,Pineapple,Fruits,SUP-016,1135.47,18.1,81.07,865.9,353.0,88.5,No,Zone-B,2.2,0.84,5,Conveyor-A,646.38,1842.79,1.47,5086.72,96.27,0,0,Delayed,88.97,0,220.28,19.4,9912.6,Bad,High,Restore Cold Chain Immediately
BATCH-00904,2022-08-17,Afternoon,Banana,Fruits,SUP-006,264.89,7.6,74.2,948.9,285.0,76.7,Yes,Zone-A,3.97,0.11,6,Conveyor-B,3004.47,1492.92,7.71,2158.28,60.97,0,0,Fulfilled,97.94,3,25.99,9.81,519.8,Good,Low,Prioritize Dispatch
BATCH-00905,2021-09-12,Morning,Pineapple,Fruits,SUP-017,550.01,7.61,59.58,1587.5,19.3,42.3,Yes,Zone-D,9.61,1.04,5,Sorter-X,1435.97,2392.67,3.3,2866.74,70.7,0,0,Delayed,59.62,2,51.26,9.32,2306.7,Good,Low,Quality Re-inspection Required
BATCH-00906,2020-08-11,Afternoon,Leafy Greens,Vegetables,SUP-010,413.37,6.11,86.71,1299.6,398.1,8.4,Yes,Zone-B,3.11,0.54,6,Packer-Z,1558.07,2122.0,2.23,4828.64,,0,1,Fulfilled,69.99,2,36.29,8.78,544.35,Good,Low,Quality Re-inspection Required
BATCH-00907,2023-03-23,Night,Potato,Root Vegetables,SUP-018,336.77,7.71,65.49,916.7,32.2,83.6,Yes,Zone-B,9.31,1.7,1,Conveyor-B,1223.79,2331.93,9.64,2433.06,62.9,1,0,Partial,,2,52.64,15.63,947.52,Bad,Medium,Prioritize Dispatch
BATCH-00908,2022-01-14,Afternoon,Banana,Fruits,SUP-018,795.21,5.84,56.96,948.8,471.6,73.9,Yes,Zone-A,2.22,3.06,1,Conveyor-B,3929.1,935.04,9.25,3102.46,,0,0,Fulfilled,82.75,0,85.56,10.76,1711.2,Good,Medium,Prioritize Dispatch
BATCH-00909,2023-11-28,Afternoon,Orange,Fruits,SUP-003,535.85,18.31,63.37,999.6,107.7,76.3,Yes,Zone-C,9.71,1.33,5,Washer-1,502.76,2142.63,1.5,6928.46,58.2,0,0,Delayed,84.22,1,71.16,13.28,2490.6,Good,Medium,Reduce Storage Temperature
BATCH-00910,2021-02-15,Morning,Orange,Fruits,SUP-020,514.78,18.18,76.14,1191.2,256.2,72.0,No,Zone-B,3.29,0.81,2,Sorter-X,2475.43,1856.84,9.04,5710.25,73.24,0,0,Delayed,,3,100.07,19.44,3502.45,Bad,High,Restore Cold Chain Immediately
BATCH-00911,2021-12-02,Night,Tomato,Vegetables,SUP-015,203.92,3.84,83.07,959.1,31.8,27.9,No,Zone-D,6.51,0.33,6,Washer-1,890.92,1424.37,8.96,3442.98,82.33,1,0,Delayed,73.55,3,25.9,12.7,647.5,Good,Medium,Restore Cold Chain Immediately
BATCH-00912,2021-10-16,Morning,Leafy Greens,Vegetables,SUP-015,133.57,4.57,61.05,1223.4,447.5,82.7,Yes,Zone-B,1.16,0.05,6,Washer-1,2985.69,1197.2,6.53,6757.43,56.52,0,0,Partial,81.49,1,8.71,6.52,130.65,Good,Low,Prioritize Dispatch
BATCH-00913,2020-06-25,Morning,Strawberry,Berries,SUP-004,295.26,17.52,55.47,795.0,490.0,2.2,Yes,Zone-D,3.35,,3,Washer-1,2056.97,1061.64,5.53,3114.15,62.85,0,0,Fulfilled,83.99,0,24.03,8.14,1922.4,Good,Low,Reduce Storage Temperature
BATCH-00914,2021-09-14,Night,Leafy Greens,Vegetables,SUP-009,427.18,,,892.8,73.1,24.3,No,Zone-C,2.5,0.06,3,Washer-1,627.58,128.06,2.57,5082.57,98.37,0,0,Partial,59.52,0,53.7,12.57,805.5,Good,Medium,Restore Cold Chain Immediately
BATCH-00915,2021-02-23,Morning,Potato,Root Vegetables,SUP-019,918.87,5.05,86.45,1436.9,147.9,6.4,Yes,Zone-B,0.53,,4,Packer-Z,2574.38,591.72,1.65,3800.95,89.77,0,0,Cancelled,,3,36.85,4.01,663.3,Good,Low,Expedite Processing
BATCH-00916,2020-08-22,Morning,Pineapple,Fruits,SUP-017,1069.99,11.19,53.25,794.7,7.9,12.4,No,Zone-D,1.99,1.8,3,Sorter-X,3067.63,271.04,6.26,6029.99,83.85,0,0,Partial,56.5,1,177.3,16.57,7978.5,Bad,Medium,Restore Cold Chain Immediately
BATCH-00917,2021-02-15,Afternoon,Orange,Fruits,SUP-011,367.12,9.5,81.14,1557.3,393.5,52.0,Yes,Zone-D,6.13,0.87,6,Washer-1,,2560.24,8.31,3818.92,92.8,0,0,Cancelled,97.81,1,19.05,5.19,666.75,Good,Low,Monitor & Maintain
BATCH-00918,2020-12-06,Morning,Pineapple,Fruits,SUP-009,907.09,5.94,66.45,607.0,155.7,5.5,No,Zone-D,4.2,0.09,5,Packer-Z,3944.8,2594.26,7.04,3105.89,,0,1,Fulfilled,68.92,1,107.76,11.88,4849.2,Good,Medium,Restore Cold Chain Immediately
BATCH-00919,2022-12-07,Night,Pineapple,Fruits,SUP-010,749.32,14.97,80.98,690.0,294.4,19.0,Yes,Zone-C,7.36,1.07,2,Packer-Z,2169.72,2553.96,2.22,5190.76,50.3,0,0,Delayed,68.92,1,87.52,11.68,3938.4,Good,Medium,Reduce Storage Temperature
BATCH-00920,2020-02-14,Morning,Pineapple,Fruits,SUP-018,448.5,13.36,67.75,956.4,19.6,23.9,Yes,Zone-D,6.88,4.04,5,Conveyor-B,3872.06,2471.97,3.26,5990.43,,0,0,Partial,74.63,2,36.28,8.09,1632.6,Good,Low,Monitor & Maintain
BATCH-00921,2022-06-20,Afternoon,Orange,Fruits,SUP-020,113.0,3.79,61.98,1356.9,357.7,63.6,Yes,Zone-A,8.09,7.0,1,Conveyor-B,3105.57,741.86,5.69,4776.27,74.76,0,0,Delayed,85.58,2,10.0,8.85,350.0,Good,Low,Expedite Processing
BATCH-00922,2023-01-15,Morning,Onion,Root Vegetables,SUP-013,987.33,18.66,76.35,1277.9,264.7,46.1,No,Zone-C,8.74,0.18,6,Conveyor-A,4411.64,1526.18,6.44,5821.63,78.5,0,0,Partial,62.02,3,203.59,20.62,4478.98,Bad,High,Restore Cold Chain Immediately
BATCH-00923,2021-12-02,Morning,Mango,Fruits,SUP-008,1402.74,12.05,85.53,609.4,362.5,45.1,Yes,Zone-D,8.29,3.0,1,Packer-Z,2961.16,2732.75,1.19,4111.91,55.68,1,1,Fulfilled,66.22,1,275.22,19.62,16513.2,Bad,High,Activate Backup Supplier
BATCH-00924,2023-09-22,Morning,Potato,Root Vegetables,SUP-007,529.93,6.5,59.41,684.0,394.8,74.2,No,Zone-C,4.76,0.6,6,Conveyor-A,1335.32,2303.37,6.33,6281.54,53.61,0,0,Partial,97.31,2,50.77,9.58,913.86,Good,Low,Restore Cold Chain Immediately
BATCH-00925,2022-10-30,Afternoon,Onion,Root Vegetables,SUP-017,350.43,5.71,65.73,,44.6,44.9,Yes,Zone-C,3.43,0.95,3,Packer-Z,4201.66,105.28,7.5,5058.99,,0,0,Delayed,93.58,1,12.02,3.43,264.44,Good,Low,Monitor & Maintain
BATCH-00926,2022-12-27,Night,Potato,Root Vegetables,SUP-015,1785.38,4.45,55.32,754.2,289.0,34.8,Yes,Zone-A,5.27,,2,Washer-1,4023.66,1432.34,2.22,2800.21,73.22,0,0,Fulfilled,64.35,0,134.08,7.51,2413.44,Good,Low,Quality Re-inspection Required
BATCH-00927,2020-10-14,Night,Banana,Fruits,SUP-020,622.55,9.64,53.25,906.8,325.0,92.5,Yes,Zone-D,5.58,10.49,6,Washer-1,4875.6,130.94,2.84,6835.27,99.62,0,0,Cancelled,80.21,3,90.71,14.57,1814.2,Good,Medium,Expedite Processing
BATCH-00928,2023-02-08,Afternoon,Leafy Greens,Vegetables,SUP-015,524.86,4.44,80.01,983.9,258.4,2.8,Yes,Zone-C,3.48,,4,Conveyor-A,921.12,913.92,2.96,6521.95,61.47,0,0,Fulfilled,63.96,2,5.25,1.0,78.75,Good,Low,Quality Re-inspection Required
BATCH-00929,2023-04-29,Afternoon,Leafy Greens,Vegetables,SUP-001,1728.48,9.48,54.03,1113.1,91.2,30.7,Yes,Zone-C,5.63,0.28,5,Washer-1,3160.54,1363.71,9.43,7260.33,82.36,0,0,Fulfilled,79.2,2,113.04,6.54,1695.6,Good,Low,Monitor & Maintain
BATCH-00930,2021-06-11,Morning,Lemon,Citrus,SUP-014,1652.5,4.68,80.7,701.3,397.8,59.3,Yes,Zone-D,1.5,,4,Washer-1,2712.51,2689.41,4.37,4965.94,90.22,0,0,Fulfilled,71.09,0,112.87,6.83,3386.1,Good,Low,Monitor & Maintain
BATCH-00931,2020-11-07,Night,Leafy Greens,Vegetables,SUP-005,951.86,13.82,64.31,595.8,498.7,75.6,Yes,Zone-A,2.69,,4,Conveyor-B,3518.92,1997.71,5.54,5586.06,93.63,0,0,Delayed,70.95,3,110.61,11.62,1659.15,Good,Medium,Prioritize Dispatch
BATCH-00932,2021-07-16,Afternoon,Orange,Fruits,SUP-011,1029.55,16.13,89.78,878.3,484.6,78.7,Yes,Zone-B,7.59,2.09,4,Washer-1,4910.81,1151.21,7.38,6677.4,65.32,0,0,Fulfilled,82.94,1,133.64,12.98,4677.4,Good,Medium,Reduce Storage Temperature
BATCH-00933,2022-12-15,Night,Strawberry,Berries,SUP-016,513.72,11.89,53.88,498.4,388.8,6.3,Yes,Zone-D,2.24,0.85,4,Conveyor-B,2895.22,1522.9,4.03,1965.56,59.66,0,0,Partial,66.08,2,31.65,6.16,2532.0,Good,Low,Quality Re-inspection Required
BATCH-00934,2021-09-01,Morning,Tomato,Vegetables,SUP-002,248.77,14.24,49.18,1032.1,209.1,68.7,Yes,Zone-B,1.82,7.54,5,Sorter-X,3585.82,2470.43,1.5,6959.91,61.3,1,0,Fulfilled,72.79,2,41.97,16.87,1049.25,Bad,Medium,Reduce Storage Temperature
BATCH-00935,2022-12-11,Afternoon,Lemon,Citrus,SUP-008,1189.52,18.89,48.39,,168.7,69.7,Yes,Zone-D,3.23,,1,Packer-Z,2062.46,969.0,6.72,3235.46,83.34,0,0,Fulfilled,95.71,2,219.35,18.44,6580.5,Bad,High,Reduce Storage Temperature
BATCH-00936,2020-06-14,Night,Tomato,Vegetables,SUP-011,286.86,,82.59,542.8,34.3,22.1,No,Zone-D,4.02,2.95,5,Conveyor-B,,1883.6,6.84,1991.42,76.12,0,1,Fulfilled,,1,55.97,19.51,1399.25,Bad,High,Restore Cold Chain Immediately
BATCH-00937,2023-03-22,Night,Potato,Root Vegetables,SUP-018,953.62,8.55,,535.3,208.1,12.6,Yes,Zone-C,3.62,3.24,1,Conveyor-B,2008.83,860.52,2.98,3040.5,79.95,1,0,Fulfilled,71.86,2,87.16,9.14,1568.88,Good,Low,Activate Backup Supplier
BATCH-00938,2021-01-04,Morning,Tomato,Vegetables,SUP-003,1886.94,10.09,,496.3,78.0,72.5,Yes,Zone-D,4.06,2.86,1,Conveyor-B,673.74,1491.89,0.83,5066.75,51.03,0,0,Fulfilled,65.13,0,236.62,12.54,5915.5,Good,Medium,Prioritize Dispatch
BATCH-00939,2020-12-29,Afternoon,Tomato,Vegetables,SUP-001,1910.39,17.49,84.36,1417.4,127.2,25.5,Yes,Zone-A,1.83,0.6,5,Packer-Z,1781.33,171.51,6.82,1937.99,69.55,0,0,Fulfilled,84.0,3,211.67,11.08,5291.75,Good,Medium,Reduce Storage Temperature
BATCH-00940,2022-05-11,Night,Lemon,Citrus,SUP-011,554.73,4.35,84.46,496.8,445.9,2.2,Yes,Zone-A,2.07,0.33,5,Packer-Z,1278.26,2571.6,7.18,1664.44,65.51,0,1,Fulfilled,90.54,2,16.03,2.89,480.9,Good,Low,Monitor & Maintain
BATCH-00941,2020-04-12,Morning,Banana,Fruits,SUP-016,1285.82,7.86,81.29,1580.2,484.3,23.0,Yes,Zone-D,2.74,1.62,5,Packer-Z,2558.43,240.21,0.75,5374.7,93.19,0,0,Cancelled,92.87,3,49.76,3.87,995.2,Good,Low,Monitor & Maintain
BATCH-00942,2020-02-08,Night,Pineapple,Fruits,SUP-018,1000.74,12.39,,830.0,474.3,4.9,No,Zone-C,4.32,6.16,6,Washer-1,2573.71,750.65,7.09,4294.18,88.81,1,0,Delayed,,0,191.54,19.14,8619.3,Bad,High,Restore Cold Chain Immediately
BATCH-00943,2021-01-16,Morning,Leafy Greens,Vegetables,SUP-016,1763.8,14.18,61.77,794.5,96.7,25.4,Yes,Zone-C,3.69,4.21,1,Conveyor-B,3943.53,1067.18,9.42,6565.56,71.48,1,0,Fulfilled,77.74,3,234.94,13.32,3524.1,Good,Medium,Reduce Storage Temperature
BATCH-00944,2022-02-24,Night,Leafy Greens,Vegetables,SUP-010,615.72,15.74,78.52,510.0,450.4,33.5,Yes,Zone-B,8.02,0.23,5,Packer-Z,2760.31,1912.97,2.2,3156.35,81.53,0,0,Fulfilled,86.66,0,56.34,9.15,845.1,Good,Low,Reduce Storage Temperature
BATCH-00945,2023-08-18,Night,Orange,Fruits,SUP-018,107.03,7.73,67.02,1102.8,70.8,27.5,No,Zone-D,5.49,0.12,2,Sorter-X,2583.87,2188.1,5.45,3290.91,52.38,0,1,Fulfilled,62.73,3,14.85,13.87,519.75,Good,Medium,Restore Cold Chain Immediately
BATCH-00946,2023-05-20,Morning,Lemon,Citrus,SUP-006,408.87,4.63,51.92,1103.1,253.8,88.5,Yes,Zone-B,5.97,4.14,3,Packer-Z,1542.32,333.31,7.12,2110.54,81.86,0,0,Partial,92.49,1,30.62,7.49,918.6,Good,Low,Prioritize Dispatch
BATCH-00947,2021-12-17,Afternoon,Orange,Fruits,SUP-019,764.09,19.19,55.93,,321.8,23.9,Yes,Zone-C,5.83,1.9,3,Conveyor-A,4336.16,226.05,2.69,4788.75,54.86,1,0,Cancelled,58.25,1,127.6,16.7,4466.0,Bad,Medium,Reduce Storage Temperature
BATCH-00948,2020-02-24,Morning,Strawberry,Berries,SUP-004,699.87,3.38,88.77,773.2,231.2,45.9,Yes,Zone-A,4.29,0.73,2,Conveyor-A,909.5,2417.07,7.64,3785.9,85.7,1,0,Delayed,81.53,3,54.31,7.76,4344.8,Good,Low,Activate Backup Supplier
BATCH-00949,2022-02-20,Afternoon,Strawberry,Berries,SUP-013,1603.59,3.72,51.8,842.3,475.9,92.0,Yes,Zone-C,9.81,1.65,3,Conveyor-B,,2165.28,8.75,3633.7,78.69,0,0,Fulfilled,80.95,2,144.48,9.01,11558.4,Good,Low,Prioritize Dispatch
BATCH-00950,2022-10-26,Night,Orange,Fruits,SUP-014,1393.07,,77.67,784.6,166.6,84.6,No,Zone-A,0.85,0.5,1,Conveyor-B,2642.34,2511.5,8.24,4318.85,65.02,0,1,Fulfilled,68.67,3,301.46,21.64,10551.1,Bad,High,Restore Cold Chain Immediately
BATCH-00951,2021-05-10,Night,Lemon,Citrus,SUP-003,669.16,16.75,,911.4,263.7,31.1,Yes,Zone-B,2.55,5.87,5,Conveyor-B,1336.94,2061.96,2.96,6596.68,68.54,0,0,Cancelled,56.56,0,99.91,14.93,2997.3,Good,Medium,Reduce Storage Temperature
BATCH-00952,2020-06-11,Morning,Orange,Fruits,SUP-010,969.71,15.94,78.69,810.1,37.7,32.7,Yes,Zone-C,3.2,3.51,5,Washer-1,2094.48,2277.94,8.14,2271.15,54.5,0,0,Fulfilled,86.59,3,95.61,9.86,3346.35,Good,Low,Reduce Storage Temperature
BATCH-00953,2021-02-10,Morning,Leafy Greens,Vegetables,SUP-006,281.56,18.88,74.75,1210.6,426.1,57.8,No,Zone-A,8.87,6.55,6,Conveyor-A,569.17,1199.21,4.43,4702.08,66.14,0,0,Partial,56.06,0,70.39,25.0,1055.85,Bad,High,Restore Cold Chain Immediately
BATCH-00954,2023-01-31,Afternoon,Onion,Root Vegetables,SUP-001,1806.48,,64.76,754.9,206.7,88.3,No,Zone-B,9.23,0.41,5,Conveyor-A,1249.35,1811.53,3.03,2801.29,98.34,0,0,Fulfilled,62.9,1,290.12,16.06,6382.64,Bad,Medium,Restore Cold Chain Immediately
BATCH-00955,2021-05-27,Afternoon,Mango,Fruits,SUP-014,1877.31,8.76,60.93,,350.3,2.9,Yes,Zone-C,8.54,,2,Conveyor-B,2009.03,2435.64,2.1,2893.99,,1,0,Delayed,78.95,2,216.08,11.51,12964.8,Good,Medium,Activate Backup Supplier
BATCH-00956,2023-03-31,Afternoon,Tomato,Vegetables,SUP-008,1961.63,7.08,78.95,922.6,341.1,39.0,No,Zone-D,4.46,1.64,2,Conveyor-A,2994.87,599.14,9.14,3151.63,73.71,0,0,Fulfilled,96.36,2,208.13,10.61,5203.25,Good,Medium,Restore Cold Chain Immediately
BATCH-00957,2021-04-11,Morning,Mango,Fruits,SUP-019,1750.25,17.5,59.54,404.8,338.1,81.9,Yes,Zone-C,9.19,0.79,1,Conveyor-A,1082.66,1326.19,4.56,4329.12,81.46,1,1,Partial,57.9,0,365.63,20.89,21937.8,Bad,High,Reduce Storage Temperature
BATCH-00958,2020-08-26,Night,Lemon,Citrus,SUP-014,430.53,10.79,80.45,990.5,253.5,40.6,No,Zone-B,1.44,1.31,2,Washer-1,3541.83,2247.42,8.72,4532.46,74.22,1,0,Fulfilled,80.47,2,74.01,17.19,2220.3,Bad,Medium,Restore Cold Chain Immediately
BATCH-00959,2021-09-28,Morning,Mango,Fruits,SUP-010,187.77,2.48,75.59,707.0,138.8,69.7,Yes,Zone-C,6.7,,6,Sorter-X,4299.24,1644.65,2.02,6723.48,67.78,0,0,Fulfilled,69.47,3,18.31,9.75,1098.6,Good,Low,Expedite Processing
BATCH-00960,2021-10-22,Night,Strawberry,Berries,SUP-017,1201.23,14.74,71.0,467.4,312.5,67.0,Yes,Zone-B,9.4,2.35,5,Conveyor-B,3075.53,2076.81,7.79,6843.17,56.98,0,0,Fulfilled,84.45,2,150.39,12.52,12031.2,Good,Medium,Reduce Storage Temperature
BATCH-00961,2020-01-24,Morning,Potato,Root Vegetables,SUP-009,1833.95,33.42071432084073,61.6,1493.2,480.9,21.3,Yes,Zone-A,7.67,0.89,6,Sorter-X,1836.06,949.32,1.55,5068.52,81.52,0,0,Fulfilled,96.93,3,92.8,5.06,1670.4,Good,Low,Monitor & Maintain
BATCH-00962,2020-06-19,Morning,Tomato,Vegetables,SUP-006,436.97,11.56,,786.9,417.0,44.3,No,Zone-C,3.14,,1,Sorter-X,1046.27,193.79,0.67,3294.96,87.45,1,0,Fulfilled,,0,120.34,27.54,3008.5,Bad,High,Restore Cold Chain Immediately
BATCH-00963,2020-09-26,Afternoon,Pineapple,Fruits,SUP-011,113.38,,76.97,911.3,54.4,55.2,Yes,Zone-B,7.32,0.85,1,Washer-1,569.91,184.52,9.95,6415.12,96.16,0,0,Fulfilled,97.06,3,13.4,11.82,603.0,Good,Medium,Reduce Storage Temperature
BATCH-00964,2020-06-14,Night,Lemon,Citrus,SUP-007,1630.44,6.62,49.11,1392.8,11.6,69.3,Yes,Zone-B,3.3,3.36,5,Conveyor-A,3793.11,2834.07,1.2,6266.64,50.15,0,1,Fulfilled,93.31,1,228.1,13.99,6843.0,Good,Medium,Monitor & Maintain
BATCH-00965,2021-05-13,Morning,Tomato,Vegetables,SUP-017,245.91,6.32,88.67,600.1,249.5,79.3,Yes,Zone-D,1.56,3.07,4,Conveyor-B,3328.16,2839.17,4.88,6296.11,53.33,1,0,Cancelled,81.71,3,40.92,16.64,1023.0,Bad,Medium,Prioritize Dispatch
BATCH-00966,2023-11-09,Morning,Mango,Fruits,SUP-001,886.04,6.74,89.04,1420.4,387.9,73.4,Yes,Zone-A,7.31,2.57,5,Packer-Z,2643.28,712.72,8.84,1755.1,94.97,0,0,Fulfilled,88.36,2,68.23,7.7,4093.8,Good,Low,Prioritize Dispatch
BATCH-00967,2022-01-13,Night,Strawberry,Berries,SUP-005,1389.89,,50.86,690.0,157.0,4.7,Yes,Zone-D,2.2,2.21,1,Sorter-X,958.98,527.65,8.28,6039.95,81.56,0,1,Delayed,93.06,1,79.36,5.71,6348.8,Good,Low,Monitor & Maintain
BATCH-00968,2022-07-05,Morning,Banana,Fruits,SUP-009,549.92,3.93,49.68,1106.8,350.6,65.0,Yes,Zone-D,1.56,0.23,4,Sorter-X,,152.61,4.98,6614.3,97.9,1,1,Fulfilled,90.35,2,49.16,8.94,983.2,Good,Low,Activate Backup Supplier
BATCH-00969,2021-06-04,Night,Onion,Root Vegetables,SUP-018,259.53,14.55,63.57,1222.8,466.0,48.7,No,Zone-C,5.74,10.58,5,Washer-1,4168.28,770.64,6.3,5175.24,71.54,0,0,Fulfilled,69.38,1,62.29,24.0,1370.38,Bad,High,Restore Cold Chain Immediately
BATCH-00970,2021-04-17,Afternoon,Pineapple,Fruits,SUP-002,1563.04,5.73,88.37,1486.0,229.5,55.9,Yes,Zone-B,6.4,0.35,5,Sorter-X,2659.33,1069.62,6.48,6024.73,70.83,1,0,Partial,90.75,2,132.08,8.45,5943.6,Good,Low,Activate Backup Supplier
BATCH-00971,2020-02-03,Afternoon,Onion,Root Vegetables,SUP-011,1297.33,18.67,63.01,1129.2,122.1,37.1,Yes,Zone-B,0.99,1.81,4,Sorter-X,4832.75,799.6,1.54,6169.55,67.21,0,0,Fulfilled,68.79,2,176.44,13.6,3881.68,Good,Medium,Reduce Storage Temperature
BATCH-00972,2021-12-31,Night,Tomato,Vegetables,SUP-006,1978.13,5.88,61.37,943.9,458.9,69.1,Yes,Zone-B,0.54,0.57,4,Sorter-X,4999.87,2412.41,3.21,4603.25,57.14,0,0,Partial,93.15,2,100.29,5.07,2507.25,Good,Low,Monitor & Maintain
BATCH-00973,2021-12-07,Afternoon,Strawberry,Berries,SUP-008,754.19,6.6,76.66,1086.7,236.1,65.3,No,Zone-C,8.88,0.37,3,Washer-1,4103.18,2273.35,3.36,6387.14,68.93,0,0,Fulfilled,66.24,2,116.6,15.46,9328.0,Bad,Medium,Restore Cold Chain Immediately
BATCH-00974,2020-08-18,Night,Strawberry,Berries,SUP-004,217.35,7.35,,642.5,203.9,56.5,Yes,Zone-C,1.59,1.64,6,Conveyor-A,,334.94,4.09,6263.21,,0,1,Partial,80.18,3,16.69,7.68,1335.2,Good,Low,Monitor & Maintain
BATCH-00975,2023-01-20,Morning,Mango,Fruits,SUP-018,1495.27,15.83,61.35,1226.9,176.7,83.0,Yes,Zone-A,6.05,3.62,4,Sorter-X,1540.02,2122.23,3.1,6982.57,75.47,0,1,Delayed,85.49,3,267.06,17.86,16023.6,Bad,Medium,Reduce Storage Temperature
BATCH-00976,2021-12-20,Morning,Leafy Greens,Vegetables,SUP-011,1091.29,9.7,58.11,624.3,211.5,11.6,Yes,Zone-D,9.56,0.95,2,Conveyor-B,1641.35,1609.7,2.89,7013.18,92.36,0,1,Cancelled,73.73,2,126.7,11.61,1900.5,Good,Medium,Monitor & Maintain
BATCH-00977,2021-05-09,Night,Mango,Fruits,SUP-005,505.09,16.75,72.07,1068.7,336.8,30.3,Yes,Zone-A,5.36,0.16,4,Sorter-X,4940.53,483.28,3.87,4737.64,66.06,1,0,Fulfilled,89.45,0,68.19,13.5,4091.4,Good,Medium,Reduce Storage Temperature
BATCH-00978,2020-08-02,Morning,Leafy Greens,Vegetables,SUP-015,1585.29,16.13,52.32,1177.1,216.9,48.5,Yes,Zone-A,1.83,,1,Sorter-X,2009.03,2244.65,4.1,1842.98,54.73,0,0,Fulfilled,95.72,2,143.47,9.05,2152.05,Good,Low,Reduce Storage Temperature
BATCH-00979,2022-03-17,Afternoon,Leafy Greens,Vegetables,SUP-018,487.14,18.73,69.69,1478.3,162.1,92.1,Yes,Zone-C,4.24,2.91,4,Conveyor-B,3679.01,349.53,5.13,1771.01,98.69,0,0,Fulfilled,63.2,0,89.93,18.46,1348.95,Bad,High,Reduce Storage Temperature
BATCH-00980,2023-01-04,Morning,Pineapple,Fruits,SUP-002,595.26,15.62,83.59,940.2,371.8,8.8,Yes,Zone-B,6.43,0.7,5,Washer-1,4815.58,613.74,2.15,7115.16,56.45,0,0,Partial,56.47,2,65.78,11.05,2960.1,Good,Medium,Reduce Storage Temperature
BATCH-00981,2021-02-15,Morning,Mango,Fruits,SUP-011,275.8,2.93,68.14,1330.4,101.5,33.7,Yes,Zone-C,7.75,2.35,2,Packer-Z,4188.18,532.76,7.99,3620.07,76.43,0,0,Cancelled,82.57,1,19.55,7.09,1173.0,Good,Low,Monitor & Maintain
BATCH-00982,2020-11-15,Night,Banana,Fruits,SUP-013,858.92,17.07,75.76,601.0,101.0,89.0,Yes,Zone-C,6.27,0.16,4,Conveyor-B,3189.22,2823.2,8.68,3853.47,90.46,1,0,Fulfilled,,3,156.67,18.24,3133.4,Bad,High,Reduce Storage Temperature
BATCH-00983,2022-02-01,Afternoon,Orange,Fruits,SUP-004,895.97,18.89,48.39,,348.2,86.4,Yes,Zone-C,0.83,0.9,2,Packer-Z,,2124.65,2.86,4390.17,62.62,0,0,Partial,70.02,1,128.3,14.32,4490.5,Good,Medium,Reduce Storage Temperature
BATCH-00984,2020-08-14,Morning,Orange,Fruits,SUP-007,1077.67,19.89,65.21,1029.8,433.4,83.3,No,Zone-A,1.86,1.29,6,Conveyor-A,1287.22,1292.73,1.67,3204.29,92.07,0,1,Partial,89.56,1,262.3,24.34,9180.5,Bad,High,Restore Cold Chain Immediately
BATCH-00985,2022-08-31,Morning,Mango,Fruits,SUP-011,1447.03,4.25,,1115.6,120.6,31.0,Yes,Zone-B,4.03,3.05,3,Conveyor-A,,2484.39,7.36,5090.31,77.85,0,0,Partial,91.35,3,69.6,4.81,4176.0,Good,Low,Monitor & Maintain
BATCH-00986,2022-06-02,Night,Mango,Fruits,SUP-004,1821.59,13.04,71.98,1158.8,95.6,81.6,Yes,Zone-C,7.2,0.83,2,Sorter-X,4783.75,726.28,9.28,6218.64,,0,0,Partial,69.61,3,273.42,15.01,16405.2,Bad,Medium,Prioritize Dispatch
BATCH-00987,2020-05-07,Night,Onion,Root Vegetables,SUP-015,361.69,5.59,57.65,1294.8,335.2,49.5,No,Zone-A,6.05,1.21,5,Sorter-X,4570.22,2800.17,0.83,3155.15,93.28,0,1,Fulfilled,85.02,0,43.98,12.16,967.56,Good,Medium,Restore Cold Chain Immediately
BATCH-00988,2020-02-23,Afternoon,Pineapple,Fruits,SUP-001,203.26,,57.93,753.9,310.4,60.3,Yes,Zone-C,0.92,1.98,3,Washer-1,1247.86,2121.29,0.64,5977.19,81.1,1,1,Partial,83.25,0,28.33,13.94,1274.85,Good,Medium,Activate Backup Supplier
BATCH-00989,2022-06-24,Morning,Mango,Fruits,SUP-003,135.21,15.42,48.45,1147.1,223.6,24.4,Yes,Zone-D,8.07,1.96,4,Packer-Z,1794.74,1722.78,2.24,5564.43,80.77,0,0,Fulfilled,70.08,1,14.18,10.49,850.8,Good,Medium,Reduce Storage Temperature
BATCH-00990,2021-03-05,Night,Onion,Root Vegetables,SUP-014,372.88,37.00410342739934,58.96,625.8,47.9,68.4,Yes,Zone-B,6.25,1.46,6,Conveyor-A,,2404.48,7.01,4713.64,75.2,0,0,Partial,97.64,0,48.59,13.03,1068.98,Good,Medium,Reduce Storage Temperature
BATCH-00991,2020-05-06,Night,Leafy Greens,Vegetables,SUP-006,1350.1,12.71,67.8,662.8,45.9,32.8,Yes,Zone-A,8.93,0.8,6,Conveyor-A,2648.44,1969.86,9.67,3550.82,63.74,1,1,Fulfilled,70.24,1,185.77,13.76,2786.55,Good,Medium,Activate Backup Supplier
BATCH-00992,2023-01-13,Night,Strawberry,Berries,SUP-018,1482.21,17.31,71.31,480.8,388.7,34.3,Yes,Zone-D,4.47,2.22,6,Sorter-X,1037.13,2672.62,7.63,6730.82,65.24,0,1,Delayed,82.29,2,209.88,14.16,16790.4,Good,Medium,Reduce Storage Temperature
BATCH-00993,2021-04-03,Afternoon,Strawberry,Berries,SUP-001,1594.36,2.16,48.0,1296.4,225.9,61.9,Yes,Zone-C,5.16,,2,Sorter-X,2161.88,2504.54,5.94,4000.25,54.4,0,0,Delayed,71.73,2,103.63,6.5,8290.4,Good,Low,Monitor & Maintain
BATCH-00994,2021-11-02,Night,Leafy Greens,Vegetables,SUP-006,563.05,2.66,74.32,1008.4,429.0,24.5,Yes,Zone-D,4.35,0.33,3,Washer-1,4796.21,673.71,7.16,3836.79,62.19,1,0,Partial,55.52,2,36.94,6.56,554.1,Good,Low,Activate Backup Supplier
BATCH-00995,2020-12-11,Afternoon,Lemon,Citrus,SUP-006,681.2,12.74,67.0,685.8,287.4,23.1,Yes,Zone-D,7.36,0.83,4,Sorter-X,4781.49,795.03,2.69,5386.36,63.89,1,0,Fulfilled,59.03,3,82.22,12.07,2466.6,Good,Medium,Activate Backup Supplier
BATCH-00996,2022-07-04,Afternoon,Onion,Root Vegetables,SUP-016,1017.96,9.0,69.16,1067.5,309.4,36.7,Yes,Zone-A,7.65,2.21,6,Sorter-X,3017.42,288.78,7.04,7007.13,52.94,0,0,Delayed,65.22,2,84.19,8.27,1852.18,Good,Low,Quality Re-inspection Required
BATCH-00997,2021-03-16,Morning,Onion,Root Vegetables,SUP-005,220.05,18.02,82.48,825.1,467.1,75.1,Yes,Zone-B,7.37,2.82,6,Washer-1,3358.68,738.58,3.55,4611.58,55.52,0,0,Delayed,90.74,0,29.24,13.29,643.28,Good,Medium,Reduce Storage Temperature
BATCH-00998,2023-11-14,Morning,Leafy Greens,Vegetables,SUP-017,1261.17,,60.4,1404.7,82.3,23.1,Yes,Zone-B,3.27,3.04,6,Sorter-X,1498.58,1096.12,2.61,5858.83,63.51,0,0,Partial,74.45,1,106.19,8.42,1592.85,Good,Low,Monitor & Maintain
BATCH-00999,2022-10-23,Afternoon,Banana,Fruits,SUP-010,1969.1,9.78,52.83,1033.8,271.5,76.0,Yes,Zone-A,6.54,2.12,6,Sorter-X,3838.79,183.6,2.75,4314.49,83.86,1,0,Cancelled,80.9,0,243.18,12.35,4863.6,Good,Medium,Prioritize Dispatch
BATCH-01000,2020-07-18,Morning,Potato,Root Vegetables,SUP-018,785.53,11.5,69.83,435.8,29.1,67.4,No,Zone-C,3.72,1.3,4,Sorter-X,736.23,1013.39,6.84,2931.27,59.21,0,0,Fulfilled,96.53,1,129.22,16.45,2325.96,Bad,Medium,Restore Cold Chain Immediately
BATCH-01001,2021-08-31,Morning,Tomato,Vegetables,SUP-007,1530.41,6.91,87.53,1582.1,179.5,65.8,Yes,Zone-D,8.42,2.08,2,Packer-Z,1493.07,2337.48,7.79,2380.16,76.09,0,0,Partial,61.47,2,174.77,11.42,4369.25,Good,Medium,Quality Re-inspection Required
BATCH-01002,2021-07-16,Night,Leafy Greens,Vegetables,SUP-003,1050.06,18.35,68.3,489.2,74.0,46.6,Yes,Zone-B,1.02,,6,Conveyor-A,526.48,2536.95,6.03,2452.06,75.4,0,0,Fulfilled,92.92,3,130.63,12.44,1959.45,Good,Medium,Reduce Storage Temperature
BATCH-01003,2022-02-19,Morning,Mango,Fruits,SUP-013,342.84,10.36,82.44,1235.1,93.9,72.1,Yes,Zone-B,0.86,0.47,6,Conveyor-B,2235.66,125.73,1.11,1783.9,91.7,0,0,Fulfilled,71.69,1,35.55,10.37,2133.0,Good,Medium,Prioritize Dispatch
BATCH-01004,2023-05-14,Afternoon,Mango,Fruits,SUP-015,1206.25,9.63,79.07,924.7,467.4,3.3,No,Zone-D,1.47,5.25,2,Conveyor-A,4326.18,120.73,0.86,4872.36,80.46,1,0,Partial,69.85,0,237.87,19.72,14272.2,Bad,High,Restore Cold Chain Immediately
BATCH-01005,2022-05-01,Morning,Pineapple,Fruits,SUP-020,669.76,17.3,,699.2,305.3,30.7,No,Zone-C,2.42,5.11,3,Packer-Z,4921.28,524.29,2.56,2421.73,,0,0,Partial,82.52,1,119.69,17.87,5386.05,Bad,Medium,Restore Cold Chain Immediately
BATCH-01006,2020-03-30,Night,Leafy Greens,Vegetables,SUP-019,165.37,7.62,74.14,1211.7,446.1,65.8,No,Zone-D,0.86,2.57,2,Conveyor-B,3504.9,2630.47,3.22,6689.71,81.41,0,0,Fulfilled,94.54,2,25.58,15.47,383.7,Bad,Medium,Restore Cold Chain Immediately
BATCH-01007,2022-08-14,Afternoon,Pineapple,Fruits,SUP-003,1306.37,,63.3,551.1,221.8,94.8,Yes,Zone-A,1.18,0.79,4,Conveyor-A,3851.9,1460.91,4.35,7370.63,51.28,0,0,Partial,70.34,3,234.23,17.93,10540.35,Bad,Medium,Reduce Storage Temperature
BATCH-01008,2020-01-13,Morning,Leafy Greens,Vegetables,SUP-004,1731.97,4.2,68.88,1429.9,298.8,2.2,Yes,Zone-A,3.41,2.09,5,Washer-1,1682.37,2950.42,1.22,4541.0,69.07,0,1,Fulfilled,88.5,0,117.43,6.78,1761.45,Good,Low,Monitor & Maintain
BATCH-01009,2023-02-12,Afternoon,Onion,Root Vegetables,SUP-005,755.06,5.29,67.83,700.7,16.0,49.9,Yes,Zone-C,1.45,2.33,3,Packer-Z,2841.5,2673.26,7.39,4272.61,84.95,0,1,Partial,55.85,0,85.02,11.26,1870.44,Good,Medium,Quality Re-inspection Required
BATCH-01010,2022-08-31,Morning,Tomato,Vegetables,SUP-001,841.56,19.12,,833.7,234.8,88.8,Yes,Zone-B,8.12,1.45,5,Washer-1,3814.6,2681.37,7.26,3682.3,73.76,0,0,Partial,82.42,1,114.79,13.64,2869.75,Good,Medium,Reduce Storage Temperature
BATCH-01011,2021-03-26,Night,Onion,Root Vegetables,SUP-004,1792.94,17.16,63.45,1159.2,282.0,83.2,Yes,Zone-B,1.01,2.76,6,Washer-1,2737.74,472.58,3.79,5366.94,70.97,0,0,Fulfilled,82.74,2,235.59,13.14,5182.98,Good,Medium,Reduce Storage Temperature
BATCH-01012,2021-03-02,Morning,Potato,Root Vegetables,SUP-012,1645.86,8.98,49.49,401.2,8.4,4.2,Yes,Zone-C,9.13,0.06,5,Conveyor-A,898.46,1478.17,5.85,5192.64,,1,0,Partial,79.47,1,110.77,6.73,1993.86,Good,Low,Activate Backup Supplier
BATCH-01013,2023-03-11,Afternoon,Strawberry,Berries,SUP-010,1458.41,13.49,80.49,967.3,394.7,51.8,Yes,Zone-C,8.77,0.59,4,Conveyor-B,3833.89,2981.41,1.46,3655.05,64.29,0,0,Fulfilled,,0,114.92,7.88,9193.6,Good,Low,Monitor & Maintain
BATCH-01014,2023-02-17,Afternoon,Orange,Fruits,SUP-020,572.71,,,1473.1,147.7,2.4,No,Zone-A,2.48,3.16,5,Sorter-X,,532.23,4.44,3653.8,,1,0,Partial,96.3,1,104.41,18.23,3654.35,Bad,High,Restore Cold Chain Immediately
BATCH-01015,2021-05-29,Afternoon,Leafy Greens,Vegetables,SUP-013,1829.41,5.81,87.76,1216.5,226.2,76.2,Yes,Zone-A,1.18,5.58,1,Sorter-X,939.64,1765.28,8.65,5406.31,70.66,0,0,Fulfilled,70.05,1,225.38,12.32,3380.7,Good,Medium,Expedite Processing
BATCH-01016,2021-03-12,Morning,Potato,Root Vegetables,SUP-014,393.39,3.06,64.29,865.5,267.8,31.0,Yes,Zone-C,1.5,,3,Packer-Z,2651.26,1098.41,6.78,4881.91,81.56,0,0,Fulfilled,75.08,2,29.35,7.46,528.3,Good,Low,Monitor & Maintain
BATCH-01017,2022-03-28,Morning,Strawberry,Berries,SUP-005,1290.86,11.67,48.52,1192.5,496.1,74.0,Yes,Zone-B,5.81,2.52,4,Washer-1,,1224.79,1.49,5834.81,99.12,0,0,Fulfilled,89.86,1,158.39,12.27,12671.2,Good,Medium,Prioritize Dispatch
BATCH-01018,2020-01-13,Morning,Lemon,Citrus,SUP-004,154.72,4.57,50.47,1523.9,49.6,90.8,Yes,Zone-D,6.21,0.36,2,Packer-Z,3332.5,2683.3,8.55,7129.49,89.27,0,0,Delayed,92.13,3,13.94,9.01,418.2,Good,Low,Prioritize Dispatch
BATCH-01019,2020-04-30,Night,Tomato,Vegetables,SUP-014,1323.07,5.37,79.8,625.4,277.6,93.8,Yes,Zone-D,3.5,,4,Conveyor-A,3382.13,1804.92,6.97,6189.43,76.58,0,0,Fulfilled,73.39,2,131.12,9.91,3278.0,Good,Low,Prioritize Dispatch
BATCH-01020,2020-07-03,Night,Pineapple,Fruits,SUP-010,626.57,18.05,48.05,1038.2,265.3,86.0,Yes,Zone-D,3.32,,2,Washer-1,1655.16,2300.45,4.8,3428.25,92.97,1,0,Fulfilled,70.36,1,120.05,19.16,5402.25,Bad,High,Reduce Storage Temperature
BATCH-01021,2020-09-27,Night,Pineapple,Fruits,SUP-017,954.39,2.13,85.85,681.7,34.5,21.2,Yes,Zone-A,5.55,,4,Sorter-X,4840.4,2052.38,7.07,6070.5,78.02,0,0,Fulfilled,91.11,2,24.72,2.59,1112.4,Good,Low,Monitor & Maintain
BATCH-01022,2022-01-17,Afternoon,Onion,Root Vegetables,SUP-010,756.0,16.7,,1425.1,317.0,20.3,Yes,Zone-C,3.4,1.2,1,Conveyor-A,4210.03,1634.15,2.14,4274.64,72.08,0,1,Fulfilled,71.58,0,100.25,13.26,2205.5,Good,Medium,Reduce Storage Temperature
BATCH-01023,2023-12-19,Afternoon,Mango,Fruits,SUP-007,428.24,11.31,85.45,1265.3,143.4,60.8,No,Zone-B,9.38,1.7,3,Conveyor-A,993.14,2395.96,5.73,6178.18,93.67,0,0,Fulfilled,72.83,2,71.47,16.69,4288.2,Bad,Medium,Restore Cold Chain Immediately
BATCH-01024,2022-08-10,Afternoon,Strawberry,Berries,SUP-016,1281.76,12.07,79.81,1361.3,51.9,53.1,Yes,Zone-A,4.14,7.76,6,Packer-Z,3868.3,2915.13,6.37,6810.98,51.36,0,0,Fulfilled,60.96,2,183.68,14.33,14694.4,Good,Medium,Expedite Processing
BATCH-01025,2020-03-30,Afternoon,Lemon,Citrus,SUP-001,1775.75,14.09,84.2,1531.6,89.3,2.9,No,Zone-C,2.59,1.03,6,Packer-Z,2088.84,2903.78,9.31,3112.15,70.37,1,0,Fulfilled,78.89,3,289.98,16.33,8699.4,Bad,Medium,Restore Cold Chain Immediately
BATCH-01026,2022-02-06,Afternoon,Potato,Root Vegetables,SUP-017,1922.26,9.77,54.63,678.8,411.8,38.8,No,Zone-C,1.89,0.73,5,Conveyor-B,3876.3,2389.41,1.14,3046.53,67.15,0,0,Fulfilled,69.36,3,234.9,12.22,4228.2,Good,Medium,Restore Cold Chain Immediately
BATCH-01027,2021-12-26,Morning,Tomato,Vegetables,SUP-009,465.46,4.08,71.81,458.5,52.1,87.2,Yes,Zone-D,6.5,0.33,4,Sorter-X,4103.58,1513.26,4.06,4173.55,85.7,0,0,Fulfilled,80.99,1,36.26,7.79,906.5,Good,Low,Prioritize Dispatch
BATCH-01028,2020-07-29,Afternoon,Strawberry,Berries,SUP-006,1463.01,,49.21,749.1,233.5,86.4,Yes,Zone-D,3.6,0.31,3,Sorter-X,1181.2,573.16,9.4,1959.41,50.63,0,0,Fulfilled,74.72,3,138.99,9.5,11119.2,Good,Low,Prioritize Dispatch
BATCH-01029,2023-09-05,Morning,Lemon,Citrus,SUP-019,1362.24,15.58,54.1,879.0,97.6,21.2,Yes,Zone-B,2.29,1.46,3,Packer-Z,3478.29,228.96,2.56,5643.84,83.04,0,0,Fulfilled,87.92,1,142.22,10.44,4266.6,Good,Medium,Reduce Storage Temperature
BATCH-01030,2021-10-05,Night,Orange,Fruits,SUP-013,752.42,5.98,58.95,1150.2,81.2,37.9,Yes,Zone-B,3.12,2.77,3,Sorter-X,4382.28,771.19,8.23,6015.76,67.32,0,1,Partial,67.22,0,81.94,10.89,2867.9,Good,Medium,Quality Re-inspection Required
BATCH-01031,2023-12-23,Night,Leafy Greens,Vegetables,SUP-003,136.29,2.51,78.34,1357.2,102.9,54.7,No,Zone-D,3.42,1.66,3,Sorter-X,1955.18,1086.75,0.52,3666.95,54.89,0,0,Partial,62.57,3,16.63,12.2,249.45,Good,Medium,Restore Cold Chain Immediately
BATCH-01032,2021-09-05,Night,Pineapple,Fruits,SUP-007,1410.6,19.63,46.11,819.8,246.4,82.2,Yes,Zone-D,6.45,4.13,3,Conveyor-A,861.48,476.56,0.75,4363.31,99.02,0,0,Partial,85.93,2,213.28,15.12,9597.6,Bad,Medium,Reduce Storage Temperature
BATCH-01033,2022-06-06,Night,Potato,Root Vegetables,SUP-009,1896.44,19.65,85.64,968.2,118.9,52.0,Yes,Zone-C,2.16,0.76,5,Washer-1,622.7,751.82,3.61,5089.97,60.61,0,1,Fulfilled,71.9,0,255.83,13.49,4604.94,Good,Medium,Reduce Storage Temperature
BATCH-01034,2020-06-01,Night,Pineapple,Fruits,SUP-005,1301.03,8.81,48.19,1342.6,48.4,93.0,Yes,Zone-B,7.46,1.81,6,Washer-1,995.0,342.28,7.8,2087.6,67.46,0,0,Partial,79.8,1,161.07,12.38,7248.15,Good,Medium,Prioritize Dispatch
BATCH-01035,2021-10-25,Afternoon,Potato,Root Vegetables,SUP-010,927.06,2.46,61.94,670.4,400.7,77.1,Yes,Zone-C,3.4,2.16,5,Conveyor-B,518.93,1618.66,1.49,5792.64,60.35,0,0,Delayed,96.41,2,45.15,4.87,812.7,Good,Low,Prioritize Dispatch
BATCH-01036,2020-12-14,Afternoon,Onion,Root Vegetables,SUP-017,1097.79,15.09,,660.6,269.9,91.6,Yes,Zone-B,5.14,0.66,4,Washer-1,1971.26,466.32,4.14,4720.14,,0,0,Partial,76.3,3,158.85,14.47,3494.7,Good,Medium,Reduce Storage Temperature
BATCH-01037,2023-05-04,Afternoon,Mango,Fruits,SUP-012,479.29,16.96,79.6,,78.4,70.8,Yes,Zone-B,6.72,1.01,6,Sorter-X,1846.98,2254.03,1.75,5286.96,89.13,0,0,Fulfilled,61.71,0,74.53,15.55,4471.8,Bad,Medium,Reduce Storage Temperature
BATCH-01038,2023-02-18,Night,Potato,Root Vegetables,SUP-016,1526.03,4.25,51.36,923.3,235.7,84.5,Yes,Zone-A,5.66,,6,Conveyor-A,996.54,1064.68,2.62,5865.46,93.03,0,0,Partial,73.77,1,122.08,8.0,2197.44,Good,Low,Prioritize Dispatch
BATCH-01039,2023-04-18,Night,Pineapple,Fruits,SUP-003,1518.2,4.44,84.81,1538.7,34.2,80.1,Yes,Zone-D,6.79,0.04,2,Washer-1,3430.03,2048.98,5.28,5585.0,65.55,0,0,Fulfilled,76.06,1,131.17,8.64,5902.65,Good,Low,Prioritize Dispatch
BATCH-01040,2022-11-22,Morning,Onion,Root Vegetables,SUP-009,376.48,16.8,68.86,828.4,290.2,25.9,Yes,Zone-A,3.56,,4,Sorter-X,4963.58,2659.31,3.53,2213.82,76.23,1,0,Fulfilled,88.7,3,62.72,16.66,1379.84,Bad,Medium,Reduce Storage Temperature
BATCH-01041,2023-04-30,Afternoon,Potato,Root Vegetables,SUP-015,1768.16,,87.68,1311.5,170.2,23.6,No,Zone-B,9.65,0.24,3,Sorter-X,4554.17,349.45,2.51,6206.86,83.16,1,0,Partial,63.59,3,365.3,20.66,6575.4,Bad,High,Restore Cold Chain Immediately
BATCH-01042,2020-10-20,Night,Orange,Fruits,SUP-005,611.46,16.23,,1099.7,51.8,83.3,Yes,Zone-C,4.86,0.1,2,Packer-Z,1637.83,2968.1,4.24,5204.37,81.48,0,0,Partial,,0,96.86,15.84,3390.1,Bad,Medium,Reduce Storage Temperature
BATCH-01043,2021-10-21,Night,Mango,Fruits,SUP-013,1966.29,5.61,65.44,465.5,91.8,10.0,Yes,Zone-B,3.56,0.48,6,Packer-Z,,1971.21,7.16,5813.46,85.8,1,0,Fulfilled,57.2,2,189.35,9.63,11361.0,Good,Low,Activate Backup Supplier
BATCH-01044,2022-10-07,Night,Potato,Root Vegetables,SUP-014,827.52,9.41,76.24,,172.9,40.4,Yes,Zone-A,3.32,1.4,4,Washer-1,4715.88,254.76,1.63,3179.33,88.49,1,0,Fulfilled,85.89,0,91.77,11.09,1651.86,Good,Medium,Activate Backup Supplier
BATCH-01045,2022-07-19,Morning,Onion,Root Vegetables,SUP-020,437.98,12.82,82.44,643.8,403.2,79.1,No,Zone-D,0.91,0.8,2,Packer-Z,4578.64,1010.61,5.06,2946.49,54.87,0,0,Delayed,87.73,1,74.59,17.03,1640.98,Bad,Medium,Restore Cold Chain Immediately
BATCH-01046,2022-11-11,Night,Strawberry,Berries,SUP-015,768.27,4.89,63.96,571.8,86.9,78.4,Yes,Zone-C,7.01,1.16,6,Sorter-X,4480.47,2670.11,3.11,6459.6,58.42,1,0,Fulfilled,75.12,2,101.87,13.26,8149.6,Good,Medium,Prioritize Dispatch
BATCH-01047,2020-11-23,Morning,Banana,Fruits,SUP-016,936.34,5.79,85.16,795.2,54.8,15.0,No,Zone-B,2.99,0.18,5,Sorter-X,4039.03,1829.08,4.1,3928.16,86.72,0,1,Fulfilled,78.68,2,115.64,12.35,2312.8,Good,Medium,Restore Cold Chain Immediately
BATCH-01048,2020-05-23,Morning,Lemon,Citrus,SUP-013,231.68,7.09,50.31,1094.8,258.0,47.8,Yes,Zone-B,9.61,,3,Packer-Z,1818.46,932.94,8.3,5002.76,73.83,0,0,Partial,87.99,0,17.21,7.43,516.3,Good,Low,Monitor & Maintain
BATCH-01049,2023-08-31,Afternoon,Banana,Fruits,SUP-017,1198.61,11.17,76.89,1122.8,279.3,47.1,Yes,Zone-D,2.5,0.21,2,Conveyor-A,876.03,2827.43,9.33,4864.77,71.35,1,0,Delayed,66.81,1,173.32,14.46,3466.4,Good,Medium,Activate Backup Supplier
BATCH-01050,2022-03-28,Night,Banana,Fruits,SUP-008,1235.5,11.19,60.67,1105.3,45.1,32.4,Yes,Zone-B,5.53,33.35093437952176,1,Packer-Z,2695.19,2383.03,2.81,5059.82,72.77,0,0,Delayed,81.71,0,117.0,9.47,2340.0,Good,Low,Monitor & Maintain
BATCH-01051,2020-08-12,Morning,Tomato,Vegetables,SUP-002,1503.97,16.66,49.56,,142.2,88.2,No,Zone-B,7.49,2.43,3,Conveyor-A,746.56,2233.06,6.48,2063.83,68.6,0,0,Fulfilled,97.41,0,302.0,20.08,7550.0,Bad,High,Restore Cold Chain Immediately
BATCH-01052,2023-03-04,Night,Orange,Fruits,SUP-005,155.42,15.55,62.4,1120.3,131.4,63.4,Yes,Zone-D,8.77,1.71,5,Packer-Z,4993.13,2676.44,6.93,3417.37,79.55,1,0,Fulfilled,83.95,1,25.22,16.23,882.7,Bad,Medium,Reduce Storage Temperature
BATCH-01053,2023-08-28,Afternoon,Strawberry,Berries,SUP-006,1128.35,18.45,84.61,891.7,93.1,94.1,Yes,Zone-A,1.99,0.81,5,Sorter-X,,2332.36,8.5,2046.25,66.17,0,0,Partial,58.44,2,194.64,17.25,15571.2,Bad,Medium,Reduce Storage Temperature
BATCH-01054,2020-09-04,Afternoon,Leafy Greens,Vegetables,SUP-012,200.52,16.99,89.12,1483.7,157.8,8.3,Yes,Zone-A,9.86,0.61,4,Sorter-X,4812.53,931.54,9.04,4449.74,81.84,0,0,Partial,67.77,3,19.35,9.65,290.25,Good,Low,Reduce Storage Temperature
BATCH-01055,2023-04-08,Morning,Potato,Root Vegetables,SUP-018,1432.17,6.57,62.68,1494.4,18.6,39.1,Yes,Zone-A,9.11,,6,Packer-Z,3979.04,1793.27,4.95,6901.19,60.13,0,0,Partial,77.84,2,168.14,11.74,3026.52,Good,Medium,Expedite Processing
BATCH-01056,2023-09-24,Afternoon,Lemon,Citrus,SUP-001,205.88,7.96,84.89,1321.8,325.8,80.5,No,Zone-A,9.65,2.92,1,Conveyor-B,2350.81,2542.63,9.83,3921.11,87.88,0,0,Fulfilled,58.2,0,39.26,19.07,1177.8,Bad,High,Restore Cold Chain Immediately
BATCH-01057,2023-10-02,Afternoon,Mango,Fruits,SUP-017,1832.28,11.01,67.93,1243.7,494.2,41.7,Yes,Zone-C,8.6,3.45,2,Conveyor-A,1032.4,624.46,9.72,6206.03,89.08,1,0,Delayed,84.77,2,235.45,12.85,14127.0,Good,Medium,Activate Backup Supplier
BATCH-01058,2023-08-27,Afternoon,Strawberry,Berries,SUP-011,1433.96,2.26,77.27,537.9,317.0,26.6,No,Zone-C,8.84,0.05,4,Conveyor-B,1567.37,572.77,5.31,3328.9,78.93,1,0,Delayed,83.79,3,199.46,13.91,15956.8,Good,Medium,Restore Cold Chain Immediately
BATCH-01059,2022-03-08,Night,Pineapple,Fruits,SUP-010,1064.04,18.27,47.04,501.6,180.5,95.8,Yes,Zone-D,6.19,0.12,5,Sorter-X,3528.7,561.03,5.65,6634.9,68.47,0,0,Fulfilled,93.56,1,147.8,13.89,6651.0,Good,Medium,Reduce Storage Temperature
BATCH-01060,2021-06-04,Night,Leafy Greens,Vegetables,SUP-019,938.86,2.8,70.08,1409.0,334.0,84.1,Yes,Zone-D,8.53,2.49,2,Conveyor-A,4234.71,663.34,6.84,4097.31,50.72,0,0,Fulfilled,77.0,2,62.15,6.62,932.25,Good,Low,Prioritize Dispatch
BATCH-01061,2020-01-11,Morning,Tomato,Vegetables,SUP-014,348.28,7.8,,,285.8,53.4,Yes,Zone-D,5.57,0.43,5,Packer-Z,4907.48,399.37,4.05,3723.81,56.08,0,0,Partial,85.45,3,15.08,4.33,377.0,Good,Low,Monitor & Maintain
BATCH-01062,2020-03-29,Morning,Tomato,Vegetables,SUP-010,652.9,12.25,57.09,941.6,423.4,54.8,Yes,Zone-C,5.61,1.11,5,Conveyor-A,1094.73,2529.12,6.79,5712.36,53.98,0,1,Fulfilled,63.01,1,91.34,13.99,2283.5,Good,Medium,Quality Re-inspection Required
BATCH-01063,2021-09-18,Afternoon,Strawberry,Berries,SUP-015,1751.02,11.32,70.51,1417.4,310.9,2.6,Yes,Zone-B,5.84,0.41,1,Conveyor-A,1201.76,2473.12,5.39,4639.12,50.51,0,1,Partial,55.13,3,210.12,12.0,16809.6,Good,Medium,Quality Re-inspection Required
BATCH-01064,2021-08-06,Afternoon,Onion,Root Vegetables,SUP-019,1818.46,13.78,81.32,1145.7,317.0,94.2,Yes,Zone-C,9.97,0.39,3,Washer-1,690.98,538.97,0.84,3619.83,86.11,0,0,Fulfilled,,3,259.86,14.29,5716.92,Good,Medium,Prioritize Dispatch
BATCH-01065,2020-09-26,Morning,Banana,Fruits,SUP-004,101.42,11.5,70.24,615.3,110.8,77.8,Yes,Zone-A,1.49,0.23,2,Conveyor-A,1671.64,2146.06,8.6,1997.52,,0,0,Fulfilled,57.74,3,15.97,15.75,319.4,Bad,Medium,Prioritize Dispatch
BATCH-01066,2021-07-31,Afternoon,Pineapple,Fruits,SUP-002,1228.86,6.12,87.13,653.2,207.8,5.5,No,Zone-A,8.15,1.8,1,Sorter-X,,1918.23,9.43,2628.17,50.56,1,1,Delayed,73.82,2,202.39,16.47,9107.55,Bad,Medium,Restore Cold Chain Immediately
BATCH-01067,2020-09-11,Morning,Tomato,Vegetables,SUP-009,1466.67,5.62,81.46,407.7,172.2,18.6,No,Zone-B,3.1,2.69,6,Conveyor-B,1392.16,900.96,0.75,6147.2,55.63,1,1,Partial,75.61,0,302.43,20.62,7560.75,Bad,High,Restore Cold Chain Immediately
BATCH-01068,2023-05-24,Night,Lemon,Citrus,SUP-010,1275.62,18.33,52.03,,5.7,79.2,Yes,Zone-D,3.93,0.12,5,Conveyor-B,2965.39,759.37,8.0,7009.45,93.03,0,0,Fulfilled,83.36,3,173.61,13.61,5208.3,Good,Medium,Reduce Storage Temperature
BATCH-01069,2021-03-11,Afternoon,Tomato,Vegetables,SUP-011,255.19,6.75,62.5,982.7,156.6,10.2,No,Zone-C,1.27,0.64,5,Packer-Z,2508.83,826.7,4.17,2640.95,84.43,0,0,Partial,61.19,1,37.84,14.83,946.0,Good,Medium,Restore Cold Chain Immediately
BATCH-01070,2022-05-23,Afternoon,Mango,Fruits,SUP-014,513.68,7.06,75.08,1540.0,243.0,90.5,Yes,Zone-B,3.84,2.15,1,Washer-1,1966.22,2218.83,6.06,4968.45,70.24,0,0,Partial,64.45,1,58.1,11.31,3486.0,Good,Medium,Prioritize Dispatch
BATCH-01071,2022-01-04,Afternoon,Potato,Root Vegetables,SUP-007,575.65,9.43,87.23,1256.8,299.9,96.0,Yes,Zone-B,9.91,1.0,6,Conveyor-B,3282.56,1026.02,5.25,1858.55,99.64,1,0,Fulfilled,90.13,1,87.44,15.19,1573.92,Bad,Medium,Prioritize Dispatch
BATCH-01072,2020-03-16,Night,Tomato,Vegetables,SUP-015,1680.28,4.51,89.45,523.8,467.3,85.3,Yes,Zone-C,4.27,2.44,2,Conveyor-B,2760.47,906.08,5.74,3349.8,78.68,1,0,Cancelled,80.37,2,219.61,13.07,5490.25,Good,Medium,Prioritize Dispatch
BATCH-01073,2023-10-07,Night,Mango,Fruits,SUP-019,980.08,11.13,79.34,593.8,119.6,71.5,Yes,Zone-B,6.86,2.85,5,Conveyor-A,2006.43,165.2,5.2,4267.46,83.48,0,0,Fulfilled,56.29,0,138.09,14.09,8285.4,Good,Medium,Quality Re-inspection Required
BATCH-01074,2022-02-08,Afternoon,Strawberry,Berries,SUP-015,1024.97,13.97,70.82,1002.1,76.2,47.8,No,Zone-D,1.65,0.07,6,Sorter-X,3599.83,2733.89,8.61,5935.45,,0,0,Delayed,92.33,2,159.38,15.55,12750.4,Bad,Medium,Restore Cold Chain Immediately
BATCH-01075,2021-04-19,Morning,Strawberry,Berries,SUP-008,1876.3,16.15,79.05,1509.8,434.7,9.7,Yes,Zone-C,9.26,0.96,2,Sorter-X,1759.86,2282.84,6.99,1916.27,61.14,0,0,Fulfilled,82.71,3,205.64,10.96,16451.2,Good,Medium,Reduce Storage Temperature
BATCH-01076,2020-08-18,Night,Leafy Greens,Vegetables,SUP-011,1310.46,14.81,57.3,696.7,470.9,70.7,Yes,Zone-C,8.36,2.61,1,Packer-Z,3394.33,1471.07,4.42,6198.95,74.41,0,0,Partial,63.21,0,185.95,14.19,2789.25,Good,Medium,Reduce Storage Temperature
BATCH-01077,2021-05-09,Afternoon,Tomato,Vegetables,SUP-009,1807.47,4.66,57.76,1390.7,244.0,39.3,Yes,Zone-B,4.17,0.95,5,Sorter-X,4807.61,2834.49,7.04,2837.38,60.82,1,0,Fulfilled,,1,184.72,10.22,4618.0,Good,Medium,Activate Backup Supplier
BATCH-01078,2020-01-30,Afternoon,Lemon,Citrus,SUP-015,967.37,,74.45,774.7,57.6,55.6,Yes,Zone-D,3.81,0.01,4,Conveyor-B,3780.28,951.24,9.67,6072.88,75.47,0,0,Cancelled,79.36,2,126.63,13.09,3798.9,Good,Medium,Monitor & Maintain
BATCH-01079,2021-06-14,Night,Tomato,Vegetables,SUP-001,383.93,2.69,84.23,723.9,242.7,29.6,Yes,Zone-D,4.61,0.82,4,Conveyor-A,2382.8,2056.64,1.26,5293.99,51.54,0,0,Fulfilled,79.68,1,19.7,5.13,492.5,Good,Low,Monitor & Maintain
BATCH-01080,2022-02-14,Morning,Lemon,Citrus,SUP-001,1866.88,2.32,88.64,1481.7,54.7,24.8,Yes,Zone-A,4.31,4.12,5,Sorter-X,3864.02,984.94,4.19,3632.94,,0,0,Fulfilled,90.43,2,113.32,6.07,3399.6,Good,Low,Monitor & Maintain
BATCH-01081,2023-06-26,Afternoon,Orange,Fruits,SUP-019,971.54,9.92,60.36,456.7,441.6,32.5,Yes,Zone-C,2.95,,3,Washer-1,4141.59,1012.26,8.77,5865.0,68.61,0,0,Delayed,70.78,3,99.49,10.24,3482.15,Good,Medium,Expedite Processing
BATCH-01082,2022-09-30,Morning,Leafy Greens,Vegetables,SUP-003,445.1,6.55,80.84,1192.9,354.1,78.5,No,Zone-A,9.91,1.64,5,Washer-1,1966.28,2549.66,7.52,3033.03,64.58,0,0,Fulfilled,79.17,0,65.25,14.66,978.75,Good,Medium,Restore Cold Chain Immediately
BATCH-01083,2020-06-11,Morning,Orange,Fruits,SUP-010,674.55,14.3,83.32,451.8,120.6,42.1,Yes,Zone-D,8.2,0.73,5,Washer-1,3673.09,2382.36,9.38,2936.62,53.96,0,0,Delayed,80.63,0,76.22,11.3,2667.7,Good,Medium,Reduce Storage Temperature
BATCH-01084,2020-08-03,Night,Tomato,Vegetables,SUP-008,196.52,15.04,73.04,1360.9,443.3,31.3,Yes,Zone-D,3.05,1.25,5,Sorter-X,2454.78,952.91,0.88,2018.74,88.55,0,0,Fulfilled,79.58,1,20.48,10.42,512.0,Good,Medium,Reduce Storage Temperature
BATCH-01085,2021-09-17,Afternoon,Leafy Greens,Vegetables,SUP-015,989.77,18.12,60.64,1395.3,319.0,42.7,Yes,Zone-A,9.83,0.54,1,Conveyor-A,,336.03,8.7,3943.78,71.02,1,0,Partial,58.21,0,163.21,16.49,2448.15,Bad,Medium,Reduce Storage Temperature
BATCH-01086,2020-10-12,Afternoon,Orange,Fruits,SUP-010,1720.94,15.69,72.86,1472.0,476.6,5.0,Yes,Zone-C,0.65,0.37,5,Sorter-X,1829.2,1136.99,8.02,2227.68,90.7,0,0,Partial,73.1,3,110.66,6.43,3873.1,Good,Low,Reduce Storage Temperature
BATCH-01087,2020-02-10,Morning,Banana,Fruits,SUP-001,1873.8,2.87,71.3,,490.2,85.7,Yes,Zone-A,4.66,1.36,5,Conveyor-B,4719.92,2304.17,8.24,4097.3,91.79,0,0,Fulfilled,69.91,2,118.24,6.31,2364.8,Good,Low,Prioritize Dispatch
BATCH-01088,2023-03-21,Night,Tomato,Vegetables,SUP-018,1871.94,8.69,72.29,549.4,1.6,53.9,Yes,Zone-D,5.91,2.67,1,Sorter-X,3086.54,391.58,6.17,1716.96,60.68,1,0,Delayed,98.68,2,143.02,7.64,3575.5,Good,Low,Activate Backup Supplier
BATCH-01089,2020-01-29,Night,Orange,Fruits,SUP-002,337.94,6.91,72.87,1004.2,60.1,11.9,Yes,Zone-D,0.86,0.5,5,Washer-1,2089.86,2049.09,0.99,2561.03,71.07,0,0,Partial,75.49,1,19.74,5.84,690.9,Good,Low,Monitor & Maintain
BATCH-01090,2023-04-27,Night,Banana,Fruits,SUP-019,825.9,8.95,83.12,726.0,273.5,29.1,No,Zone-B,2.03,,4,Washer-1,2387.17,2680.31,5.62,7077.08,86.05,0,0,Fulfilled,74.15,3,111.83,13.54,2236.6,Good,Medium,Restore Cold Chain Immediately
BATCH-01091,2020-07-29,Morning,Banana,Fruits,SUP-013,153.63,4.88,52.65,1127.6,477.9,94.5,No,Zone-B,2.95,0.37,4,Conveyor-A,2065.09,619.76,4.37,6282.21,74.97,1,0,Fulfilled,,1,24.35,15.85,487.0,Bad,Medium,Restore Cold Chain Immediately
BATCH-01092,2023-11-24,Morning,Strawberry,Berries,SUP-001,1724.81,3.76,61.53,1016.5,497.1,57.7,No,Zone-A,7.34,1.63,6,Packer-Z,1158.11,2600.39,5.51,3032.11,92.75,1,0,Fulfilled,95.45,1,226.64,13.14,18131.2,Good,Medium,Restore Cold Chain Immediately
BATCH-01093,2022-05-31,Afternoon,Tomato,Vegetables,SUP-002,781.64,11.38,71.37,573.8,283.7,29.4,No,Zone-B,9.43,,5,Washer-1,,248.96,7.53,5833.28,78.58,1,0,Partial,81.9,3,116.93,14.96,2923.25,Good,Medium,Restore Cold Chain Immediately
BATCH-01094,2022-12-09,Night,Banana,Fruits,SUP-016,1299.12,14.97,57.75,1287.1,86.9,42.1,Yes,Zone-D,6.43,0.48,1,Washer-1,1948.0,2033.95,6.16,5543.88,81.48,0,0,Fulfilled,72.12,1,131.99,10.16,2639.8,Good,Medium,Reduce Storage Temperature
BATCH-01095,2020-06-10,Morning,Strawberry,Berries,SUP-015,1458.31,14.63,89.02,1364.5,81.5,26.3,No,Zone-C,5.85,0.7,5,Packer-Z,2564.11,2394.01,3.28,2687.94,89.35,1,0,Fulfilled,95.15,2,233.04,15.98,18643.2,Bad,Medium,Restore Cold Chain Immediately
BATCH-01096,2023-06-12,Night,Orange,Fruits,SUP-013,916.7,10.12,56.84,1555.7,381.9,5.0,Yes,Zone-C,5.6,0.11,5,Sorter-X,2128.18,1389.82,6.2,3815.85,56.11,1,1,Delayed,95.91,1,92.5,10.09,3237.5,Good,Medium,Activate Backup Supplier
BATCH-01097,2023-05-10,Morning,Mango,Fruits,SUP-016,682.24,11.4,66.13,874.6,296.0,81.2,Yes,Zone-A,3.83,5.76,6,Washer-1,562.64,690.81,1.29,6968.63,79.21,0,1,Fulfilled,66.63,0,114.41,16.77,6864.6,Bad,Medium,Expedite Processing
BATCH-01098,2022-08-11,Afternoon,Tomato,Vegetables,SUP-017,1928.2,,84.48,805.3,274.4,29.5,Yes,Zone-B,8.36,1.33,2,Conveyor-A,3105.53,2781.72,0.55,5951.95,54.27,0,0,Delayed,72.31,0,158.88,8.24,3972.0,Good,Low,Monitor & Maintain
BATCH-01099,2022-01-03,Night,Leafy Greens,Vegetables,SUP-007,1932.53,,48.6,,232.9,80.8,Yes,Zone-A,5.64,0.13,6,Sorter-X,1151.67,157.91,4.31,6077.63,63.03,0,0,Cancelled,97.52,0,229.0,11.85,3435.0,Good,Medium,Reduce Storage Temperature
BATCH-01100,2022-11-19,Morning,Lemon,Citrus,SUP-017,649.93,2.86,81.93,617.0,362.6,47.0,No,Zone-B,2.69,3.55,3,Sorter-X,,1709.71,7.69,4936.18,,0,0,Delayed,78.81,3,69.93,10.76,2097.9,Good,Medium,Restore Cold Chain Immediately
BATCH-01101,2020-01-09,Night,Lemon,Citrus,SUP-007,1011.29,14.78,70.7,785.3,429.0,19.2,Yes,Zone-C,1.8,1.68,1,Washer-1,1043.37,1181.26,8.32,5526.79,78.35,1,0,Fulfilled,74.0,0,122.87,12.15,3686.1,Good,Medium,Reduce Storage Temperature
BATCH-01102,2022-05-14,Morning,Orange,Fruits,SUP-013,1948.4,12.48,46.43,1578.2,151.5,77.4,No,Zone-B,9.86,0.11,3,Sorter-X,2841.95,1437.07,5.72,4615.77,,0,0,Delayed,63.6,3,342.72,17.59,11995.2,Bad,Medium,Restore Cold Chain Immediately
BATCH-01103,2023-05-22,Morning,Onion,Root Vegetables,SUP-005,109.25,5.57,85.63,510.7,110.5,37.4,Yes,Zone-B,0.67,1.2,2,Sorter-X,928.22,1656.04,8.75,5964.59,56.64,0,0,Fulfilled,71.92,1,7.44,6.81,163.68,Good,Low,Monitor & Maintain
BATCH-01104,2021-06-05,Morning,Onion,Root Vegetables,SUP-017,884.09,2.88,,,335.1,68.5,Yes,Zone-A,9.37,1.14,3,Conveyor-A,1653.61,1650.77,1.7,5917.15,88.42,0,0,Fulfilled,82.77,2,31.47,3.56,692.34,Good,Low,Monitor & Maintain
BATCH-01105,2020-06-07,Night,Orange,Fruits,SUP-003,290.87,3.95,68.18,503.2,457.4,80.7,Yes,Zone-C,2.57,0.32,5,Sorter-X,2532.69,690.51,9.66,1840.59,57.15,0,0,Cancelled,56.7,0,38.71,13.31,1354.85,Good,Medium,Prioritize Dispatch
BATCH-01106,2021-09-06,Morning,Banana,Fruits,SUP-007,1067.4,11.44,47.21,728.4,174.1,92.5,No,Zone-B,6.75,1.09,4,Washer-1,1254.69,2071.14,9.26,5330.61,59.48,0,1,Fulfilled,58.67,3,241.45,22.62,4829.0,Bad,High,Restore Cold Chain Immediately
BATCH-01107,2022-11-27,Afternoon,Tomato,Vegetables,SUP-017,146.87,15.65,48.2,,136.2,10.1,No,Zone-C,3.36,0.66,1,Washer-1,2508.09,155.53,6.19,5319.22,95.85,0,0,Partial,55.24,0,25.73,17.52,643.25,Bad,Medium,Restore Cold Chain Immediately
BATCH-01108,2020-06-05,Night,Lemon,Citrus,SUP-007,873.11,,84.92,1010.0,113.1,2.8,No,Zone-B,8.67,2.41,1,Packer-Z,2042.31,161.43,1.06,2051.13,50.49,0,0,Fulfilled,64.63,3,86.53,9.91,2595.9,Good,Low,Restore Cold Chain Immediately
BATCH-01109,2020-10-27,Afternoon,Lemon,Citrus,SUP-001,519.33,8.82,79.46,926.0,127.2,53.6,Yes,Zone-C,5.66,0.01,5,Conveyor-B,4372.69,1487.61,4.81,4044.32,59.86,0,0,Fulfilled,63.05,0,51.93,10.0,1557.9,Good,Medium,Quality Re-inspection Required
BATCH-01110,2020-08-03,Afternoon,Banana,Fruits,SUP-017,1113.29,18.81,53.86,608.9,67.5,26.8,Yes,Zone-B,1.84,0.22,6,Packer-Z,4077.06,1671.52,2.2,6881.96,60.78,0,0,Partial,92.44,0,106.54,9.57,2130.8,Good,Low,Reduce Storage Temperature
BATCH-01111,2023-03-09,Night,Lemon,Citrus,SUP-017,1992.39,5.83,72.92,609.8,298.4,46.1,Yes,Zone-D,3.06,5.02,3,Conveyor-A,4967.85,897.18,6.47,7199.48,64.09,0,1,Delayed,63.15,1,269.77,13.54,8093.1,Good,Medium,Expedite Processing
BATCH-01112,2020-04-01,Morning,Leafy Greens,Vegetables,SUP-011,1621.02,,80.76,1151.3,140.4,8.8,Yes,Zone-C,3.54,1.14,1,Conveyor-A,2880.1,1699.86,2.3,6204.65,68.17,0,0,Fulfilled,84.09,0,45.71,2.82,685.65,Good,Low,Monitor & Maintain
BATCH-01113,2022-09-29,Afternoon,Tomato,Vegetables,SUP-003,1706.72,8.18,85.03,864.5,307.5,49.1,No,Zone-D,8.92,0.39,6,Washer-1,3089.29,1596.72,5.08,2540.05,55.16,0,0,Fulfilled,60.21,3,255.67,14.98,6391.75,Good,Medium,Restore Cold Chain Immediately
BATCH-01114,2021-06-19,Night,Potato,Root Vegetables,SUP-015,1307.0,15.43,66.07,467.4,41.5,13.7,Yes,Zone-D,7.78,3.15,2,Conveyor-B,4759.91,1112.74,2.45,3837.12,73.42,0,0,Fulfilled,81.12,0,126.52,9.68,2277.36,Good,Low,Reduce Storage Temperature
BATCH-01115,2023-01-08,Morning,Lemon,Citrus,SUP-011,178.96,13.27,85.39,1504.2,57.7,80.8,Yes,Zone-D,8.38,3.82,2,Packer-Z,2298.16,1990.15,2.23,2720.63,69.97,0,0,Fulfilled,74.17,0,28.56,15.96,856.8,Bad,Medium,Prioritize Dispatch
BATCH-01116,2023-11-08,Night,Orange,Fruits,SUP-016,492.92,9.48,67.85,885.9,268.1,73.4,Yes,Zone-B,1.0,0.47,3,Conveyor-B,3000.57,2878.02,2.86,5448.91,81.25,1,0,Fulfilled,72.98,2,54.91,11.14,1921.85,Good,Medium,Prioritize Dispatch
BATCH-01117,2020-06-16,Night,Leafy Greens,Vegetables,SUP-009,1857.62,19.37,75.97,1109.3,255.8,9.0,Yes,Zone-C,6.0,2.5,2,Washer-1,2205.88,1523.33,0.78,6151.97,93.38,0,0,Fulfilled,92.69,3,135.98,7.32,2039.7,Good,Low,Reduce Storage Temperature
BATCH-01118,2021-04-04,Night,Lemon,Citrus,SUP-001,795.61,15.23,89.06,,135.8,80.6,Yes,Zone-B,9.99,1.91,4,Sorter-X,2956.37,2379.55,7.3,6794.68,64.89,0,0,Partial,62.38,2,92.77,11.66,2783.1,Good,Medium,Reduce Storage Temperature
BATCH-01119,2023-03-28,Morning,Leafy Greens,Vegetables,SUP-016,296.91,3.11,55.62,882.6,413.6,32.5,No,Zone-B,7.96,2.73,5,Washer-1,863.45,818.03,3.41,6660.37,77.32,0,0,Fulfilled,81.19,0,38.33,12.91,574.95,Good,Medium,Restore Cold Chain Immediately
BATCH-01120,2021-01-23,Afternoon,Strawberry,Berries,SUP-009,1434.57,15.4,52.58,1384.8,93.5,35.2,Yes,Zone-C,1.65,3.1,1,Washer-1,4027.07,2309.66,7.13,2236.41,68.57,0,0,Fulfilled,,2,166.84,11.63,13347.2,Good,Medium,Reduce Storage Temperature
BATCH-01121,2020-11-10,Afternoon,Potato,Root Vegetables,SUP-019,668.97,,60.39,1497.7,180.3,18.9,Yes,Zone-A,6.95,2.16,6,Conveyor-B,4933.76,1981.83,6.71,2390.17,52.01,0,0,Fulfilled,,0,10.9,1.63,196.2,Good,Low,Monitor & Maintain
BATCH-01122,2023-04-20,Night,Pineapple,Fruits,SUP-012,610.83,13.71,52.4,608.9,277.8,80.5,Yes,Zone-B,7.58,6.26,5,Conveyor-A,795.83,1955.12,1.13,6945.19,91.05,0,0,Delayed,98.27,0,65.73,10.76,2957.85,Good,Medium,Expedite Processing
BATCH-01123,2023-12-12,Night,Orange,Fruits,SUP-019,1996.16,5.79,57.79,1471.0,433.6,40.0,No,Zone-D,5.39,3.99,3,Sorter-X,4104.68,2689.8,3.46,6562.39,81.71,0,0,Fulfilled,55.09,0,343.54,17.21,12023.9,Bad,Medium,Restore Cold Chain Immediately
BATCH-01124,2022-03-24,Morning,Orange,Fruits,SUP-009,1730.46,,78.43,543.8,209.3,6.6,Yes,Zone-B,1.25,0.52,5,Sorter-X,1587.81,776.72,5.89,4334.8,50.11,1,0,Fulfilled,93.91,3,131.0,7.57,4585.0,Good,Low,Reduce Storage Temperature
BATCH-01125,2021-02-09,Night,Tomato,Vegetables,SUP-007,875.08,7.58,66.49,730.2,199.3,92.8,Yes,Zone-A,0.83,4.9,1,Conveyor-A,1388.96,1168.51,9.22,4158.6,62.48,0,0,Delayed,,3,99.85,11.41,2496.25,Good,Medium,Prioritize Dispatch
BATCH-01126,2021-08-04,Night,Leafy Greens,Vegetables,SUP-014,1962.5,17.71,61.88,1369.9,289.8,26.1,Yes,Zone-D,9.41,0.89,6,Conveyor-B,,340.9,4.31,4871.77,65.45,0,1,Fulfilled,55.11,0,277.3,14.13,4159.5,Good,Medium,Reduce Storage Temperature
BATCH-01127,2020-09-05,Night,Banana,Fruits,SUP-019,1335.22,8.06,61.59,1480.8,158.3,90.0,Yes,Zone-B,2.95,2.59,1,Conveyor-B,698.6,2205.75,5.3,5126.45,90.58,1,0,Delayed,75.48,1,259.17,19.41,5183.4,Bad,High,Prioritize Dispatch
BATCH-01128,2023-01-17,Afternoon,Orange,Fruits,SUP-019,1509.84,13.15,53.75,1221.0,354.6,30.3,Yes,Zone-C,4.1,3.77,3,Conveyor-A,2584.58,2547.22,7.63,3137.0,88.04,1,0,Fulfilled,88.77,0,182.84,12.11,6399.4,Good,Medium,Activate Backup Supplier
BATCH-01129,2023-02-03,Night,Leafy Greens,Vegetables,SUP-002,159.87,7.15,65.13,525.8,124.3,80.2,No,Zone-D,8.06,1.15,1,Packer-Z,506.5,1276.92,8.13,4005.74,,0,0,Fulfilled,63.03,2,30.31,18.96,454.65,Bad,High,Restore Cold Chain Immediately
BATCH-01130,2023-07-01,Afternoon,Leafy Greens,Vegetables,SUP-009,331.05,18.51,73.11,1027.6,411.6,64.4,Yes,Zone-A,7.05,0.11,2,Conveyor-B,2994.77,1134.8,9.27,5260.42,57.87,0,0,Fulfilled,84.85,1,44.49,13.44,667.35,Good,Medium,Reduce Storage Temperature
BATCH-01131,2020-02-08,Morning,Mango,Fruits,SUP-013,1302.86,16.06,51.26,1087.2,136.2,83.0,Yes,Zone-B,9.7,5.98,6,Conveyor-A,2579.37,2010.09,5.22,2858.41,69.3,0,0,Partial,61.15,2,215.88,16.57,12952.8,Bad,Medium,Reduce Storage Temperature
BATCH-01132,2022-03-31,Morning,Mango,Fruits,SUP-015,1808.15,6.38,,738.2,496.4,93.8,Yes,Zone-C,1.38,0.15,6,Packer-Z,4619.67,319.21,2.34,7463.22,,1,0,Fulfilled,90.35,1,196.37,10.86,11782.2,Good,Medium,Prioritize Dispatch
BATCH-01133,2020-11-08,Afternoon,Pineapple,Fruits,SUP-003,1285.11,19.08,64.95,1589.6,158.2,83.9,Yes,Zone-D,7.22,0.86,5,Washer-1,3741.22,952.14,7.76,3303.88,72.62,0,0,Fulfilled,80.01,0,193.67,15.07,8715.15,Bad,Medium,Reduce Storage Temperature
BATCH-01134,2021-05-12,Afternoon,Strawberry,Berries,SUP-011,354.65,8.43,,802.8,439.4,39.9,Yes,Zone-D,1.28,1.81,4,Sorter-X,1067.03,1162.02,1.69,4869.53,55.79,0,0,Partial,56.49,3,35.71,10.07,2856.8,Good,Medium,Quality Re-inspection Required
BATCH-01135,2023-02-20,Afternoon,Pineapple,Fruits,SUP-014,319.94,13.73,,652.3,198.7,78.6,Yes,Zone-C,0.5,0.25,4,Conveyor-A,2095.43,1603.91,4.47,4879.67,51.93,0,0,Fulfilled,59.0,3,41.94,13.11,1887.3,Good,Medium,Prioritize Dispatch
BATCH-01136,2020-10-07,Afternoon,Lemon,Citrus,SUP-008,1703.95,15.37,79.52,532.2,123.0,68.9,Yes,Zone-A,1.64,3.64,4,Conveyor-B,4692.11,1482.05,6.47,4283.13,66.67,1,0,Partial,,0,275.36,16.16,8260.8,Bad,Medium,Reduce Storage Temperature
BATCH-01137,2022-07-20,Night,Banana,Fruits,SUP-018,364.67,,72.79,854.2,113.1,7.8,Yes,Zone-D,6.36,,3,Sorter-X,3764.0,705.17,7.07,3063.37,57.42,1,0,Partial,56.45,3,28.37,7.78,567.4,Good,Low,Activate Backup Supplier
BATCH-01138,2022-08-13,Afternoon,Lemon,Citrus,SUP-019,1088.44,19.26,81.9,1231.1,425.1,89.4,No,Zone-A,6.92,,4,Packer-Z,3174.24,1668.28,7.46,4944.7,87.25,0,0,Partial,68.14,0,266.23,24.46,7986.9,Bad,High,Restore Cold Chain Immediately
BATCH-01139,2023-10-24,Afternoon,Onion,Root Vegetables,SUP-016,170.52,8.2,72.03,677.7,154.4,45.8,Yes,Zone-A,4.66,4.96,6,Sorter-X,3015.82,2785.02,2.34,2188.79,63.94,0,0,Fulfilled,79.94,0,15.07,8.84,331.54,Good,Low,Monitor & Maintain
BATCH-01140,2023-02-05,Afternoon,Lemon,Citrus,SUP-002,253.27,5.42,88.33,1323.5,169.3,14.6,No,Zone-C,0.94,1.86,6,Conveyor-A,2291.44,178.55,9.83,3908.04,93.87,1,0,Fulfilled,64.39,1,40.78,16.1,1223.4,Bad,Medium,Restore Cold Chain Immediately
BATCH-01141,2023-03-19,Night,Tomato,Vegetables,SUP-008,1377.46,17.31,73.21,562.5,98.5,42.0,Yes,Zone-D,6.52,2.16,5,Washer-1,3133.41,2072.89,2.19,2962.91,80.87,0,0,Partial,64.87,2,162.95,11.83,4073.75,Good,Medium,Reduce Storage Temperature
BATCH-01142,2022-02-15,Night,Lemon,Citrus,SUP-006,1409.44,14.65,,928.6,480.7,58.7,Yes,Zone-B,1.32,1.53,1,Packer-Z,,1911.66,1.41,2381.47,69.68,1,0,Delayed,89.15,0,173.08,12.28,5192.4,Good,Medium,Reduce Storage Temperature
BATCH-01143,2020-09-29,Night,Pineapple,Fruits,SUP-012,748.79,3.56,84.49,1242.8,122.4,55.9,Yes,Zone-C,1.85,0.99,2,Packer-Z,1073.92,2780.84,6.81,7037.06,80.5,1,0,Partial,67.8,0,63.87,8.53,2874.15,Good,Low,Activate Backup Supplier
BATCH-01144,2021-09-13,Morning,Orange,Fruits,SUP-015,509.66,4.11,77.16,562.4,123.7,56.0,Yes,Zone-C,5.37,0.87,4,Packer-Z,4864.24,1971.5,9.14,5726.67,64.76,1,0,Fulfilled,56.7,0,56.52,11.09,1978.2,Good,Medium,Activate Backup Supplier
BATCH-01145,2022-03-13,Night,Orange,Fruits,SUP-008,1646.05,14.87,68.59,1117.4,471.9,26.0,Yes,Zone-A,3.73,4.44,4,Sorter-X,1577.14,1912.04,5.81,2640.9,57.07,0,0,Partial,86.73,3,163.45,9.93,5720.75,Good,Low,Reduce Storage Temperature
BATCH-01146,2022-09-17,Afternoon,Mango,Fruits,SUP-004,512.5,3.35,57.28,1358.7,450.4,61.5,No,Zone-B,4.92,1.72,4,Washer-1,2514.84,2332.44,6.16,7175.99,98.21,0,0,Partial,96.99,0,49.87,9.73,2992.2,Good,Low,Restore Cold Chain Immediately
BATCH-01147,2022-06-06,Night,Banana,Fruits,SUP-015,1129.85,18.51,,1114.7,124.5,87.3,Yes,Zone-C,6.53,3.47,2,Conveyor-A,602.22,876.64,5.62,2914.91,78.16,0,0,Cancelled,91.61,2,168.69,14.93,3373.8,Good,Medium,Reduce Storage Temperature
BATCH-01148,2021-07-29,Night,Banana,Fruits,SUP-020,1939.6,15.35,66.63,1013.8,432.4,38.5,No,Zone-A,2.02,1.44,5,Conveyor-A,2976.56,1827.62,0.91,3028.91,50.37,0,0,Fulfilled,79.14,1,325.46,16.78,6509.2,Bad,Medium,Restore Cold Chain Immediately
BATCH-01149,2021-01-22,Afternoon,Tomato,Vegetables,SUP-017,380.92,8.04,72.93,1406.0,124.9,61.3,Yes,Zone-D,8.98,0.73,4,Sorter-X,2218.4,1606.32,6.97,2434.3,65.52,0,0,Fulfilled,73.69,3,40.15,10.54,1003.75,Good,Medium,Monitor & Maintain
BATCH-01150,2020-09-02,Night,Pineapple,Fruits,SUP-013,1887.66,8.53,48.57,1582.5,42.2,24.9,No,Zone-A,5.82,0.19,1,Conveyor-A,1623.9,1371.57,3.9,5888.83,57.98,0,0,Cancelled,95.71,3,231.43,12.26,10414.35,Good,Medium,Restore Cold Chain Immediately
BATCH-01151,2022-10-10,Morning,Mango,Fruits,SUP-018,447.5,11.12,67.38,617.6,410.2,6.5,Yes,Zone-B,0.71,0.78,3,Conveyor-A,,330.51,9.39,4976.79,62.91,0,0,Fulfilled,88.71,3,12.4,2.77,744.0,Good,Low,Monitor & Maintain
BATCH-01152,2022-07-31,Night,Onion,Root Vegetables,SUP-002,1178.14,8.5,76.42,1229.6,385.8,57.1,Yes,Zone-B,6.47,4.24,2,Washer-1,2426.64,948.62,2.27,1998.44,52.79,1,0,Partial,80.11,0,157.28,13.35,3460.16,Good,Medium,Activate Backup Supplier
BATCH-01153,2022-09-30,Morning,Banana,Fruits,SUP-013,816.31,16.1,71.28,496.8,147.3,6.5,No,Zone-A,4.9,,5,Sorter-X,2364.33,911.95,3.37,1806.99,62.25,0,0,Partial,93.71,0,92.0,11.27,1840.0,Good,Medium,Restore Cold Chain Immediately
BATCH-01154,2021-06-27,Morning,Orange,Fruits,SUP-013,1933.36,19.55,65.18,451.4,45.1,70.0,Yes,Zone-D,7.17,3.08,6,Sorter-X,2583.96,2200.33,5.3,4754.75,84.15,0,0,Partial,,2,307.6,15.91,10766.0,Bad,Medium,Reduce Storage Temperature
BATCH-01155,2021-01-18,Morning,Lemon,Citrus,SUP-015,619.73,12.52,55.05,737.0,103.2,65.0,Yes,Zone-B,7.95,2.97,1,Packer-Z,1022.69,2769.9,5.03,5445.4,91.03,0,0,Partial,,2,67.8,10.94,2034.0,Good,Medium,Monitor & Maintain
BATCH-01156,2023-01-14,Afternoon,Lemon,Citrus,SUP-020,859.35,10.03,58.94,1565.1,385.5,36.7,Yes,Zone-B,9.42,0.26,2,Conveyor-A,2268.93,769.28,4.3,6440.9,67.37,0,0,Fulfilled,92.76,2,43.83,5.1,1314.9,Good,Low,Monitor & Maintain
BATCH-01157,2023-02-03,Night,Mango,Fruits,SUP-010,1967.43,6.01,76.53,1062.6,482.4,40.7,No,Zone-D,9.98,0.35,6,Conveyor-B,2013.82,316.41,3.49,4438.77,76.12,1,0,Partial,79.22,1,311.25,15.82,18675.0,Bad,Medium,Restore Cold Chain Immediately
BATCH-01158,2021-10-27,Morning,Pineapple,Fruits,SUP-003,1119.29,13.76,55.09,721.9,129.5,88.3,Yes,Zone-C,5.72,0.76,2,Washer-1,2593.06,2999.88,1.9,5590.64,52.09,1,0,Partial,95.6,3,144.28,12.89,6492.6,Good,Medium,Prioritize Dispatch
BATCH-01159,2022-06-12,Morning,Pineapple,Fruits,SUP-019,1055.0,,72.98,559.1,409.1,3.2,Yes,Zone-B,5.83,0.72,3,Washer-1,4354.8,2104.5,8.3,5922.54,54.54,0,0,Delayed,70.07,0,88.94,8.43,4002.3,Good,Low,Reduce Storage Temperature
BATCH-01160,2021-06-29,Night,Strawberry,Berries,SUP-003,589.78,14.33,71.54,1504.2,114.0,55.0,No,Zone-A,0.71,0.14,3,Conveyor-B,1367.53,2670.77,4.76,5221.84,77.6,0,0,Fulfilled,85.84,2,96.43,16.35,7714.4,Bad,Medium,Restore Cold Chain Immediately
BATCH-01161,2022-10-21,Afternoon,Potato,Root Vegetables,SUP-014,1432.59,2.49,88.67,834.8,339.8,88.8,No,Zone-D,8.72,0.33,6,Packer-Z,,517.25,5.94,3706.38,92.03,0,0,Fulfilled,62.54,1,212.45,14.83,3824.1,Good,Medium,Restore Cold Chain Immediately
BATCH-01162,2023-05-05,Afternoon,Banana,Fruits,SUP-008,127.31,18.18,47.74,768.0,41.8,87.9,Yes,Zone-B,0.77,3.88,6,Conveyor-B,669.37,2422.23,5.69,2426.31,54.4,0,0,Fulfilled,94.4,1,20.18,15.85,403.6,Bad,Medium,Reduce Storage Temperature
BATCH-01163,2022-10-01,Morning,Pineapple,Fruits,SUP-004,194.07,8.09,49.87,1429.6,292.6,57.0,Yes,Zone-C,6.51,1.78,5,Conveyor-B,1925.57,2458.64,5.97,5422.2,70.93,0,0,Partial,65.91,2,17.14,8.83,771.3,Good,Low,Quality Re-inspection Required
BATCH-01164,2022-01-18,Afternoon,Orange,Fruits,SUP-020,1238.78,15.39,67.77,1125.3,134.6,37.8,Yes,Zone-B,1.44,0.84,4,Packer-Z,2626.96,539.32,7.2,6126.13,98.52,0,0,Fulfilled,96.76,0,120.04,9.69,4201.4,Good,Low,Reduce Storage Temperature
BATCH-01165,2021-10-31,Night,Mango,Fruits,SUP-011,749.18,15.68,68.72,602.4,462.9,11.3,Yes,Zone-C,3.22,1.5,6,Conveyor-B,834.26,568.07,6.48,2762.9,86.94,1,0,Fulfilled,,2,93.42,12.47,5605.2,Good,Medium,Reduce Storage Temperature
BATCH-01166,2022-07-26,Afternoon,Onion,Root Vegetables,SUP-011,1911.3,13.71,46.8,905.8,144.9,18.3,Yes,Zone-B,1.83,0.61,3,Packer-Z,2947.86,956.81,3.1,4535.18,59.88,0,0,Fulfilled,85.0,2,90.98,4.76,2001.56,Good,Low,Monitor & Maintain
BATCH-01167,2022-09-19,Night,Strawberry,Berries,SUP-011,1816.06,9.11,82.16,1513.9,199.2,65.9,Yes,Zone-B,1.81,,5,Conveyor-A,1896.47,728.68,5.76,3968.0,,0,0,Delayed,61.6,2,160.18,8.82,12814.4,Good,Low,Quality Re-inspection Required
BATCH-01168,2022-03-26,Morning,Leafy Greens,Vegetables,SUP-002,1456.04,12.95,67.26,,420.3,3.6,Yes,Zone-A,1.21,0.16,2,Packer-Z,4967.65,2928.69,2.82,2855.13,97.4,1,0,Fulfilled,88.92,1,111.39,7.65,1670.85,Good,Low,Activate Backup Supplier
BATCH-01169,2022-07-01,Night,Tomato,Vegetables,SUP-017,1654.48,2.72,60.6,484.1,219.1,85.0,No,Zone-D,3.52,4.66,4,Sorter-X,3339.36,1152.54,6.09,3085.27,61.05,0,0,Fulfilled,76.64,1,273.98,16.56,6849.5,Bad,Medium,Restore Cold Chain Immediately
BATCH-01170,2020-05-21,Morning,Onion,Root Vegetables,SUP-009,1367.93,15.71,59.35,722.3,119.2,57.3,Yes,Zone-D,4.52,0.55,1,Sorter-X,1598.79,2307.79,4.6,3040.89,72.05,1,1,Fulfilled,,1,221.06,16.16,4863.32,Bad,Medium,Reduce Storage Temperature
BATCH-01171,2023-10-21,Night,Leafy Greens,Vegetables,SUP-002,338.61,,83.76,585.4,273.8,6.2,Yes,Zone-A,4.91,3.42,2,Conveyor-B,962.03,2434.65,0.87,4093.99,67.78,0,0,Fulfilled,86.46,1,11.58,3.42,173.7,Good,Low,Monitor & Maintain
BATCH-01172,2023-02-28,Night,Lemon,Citrus,SUP-015,1554.53,,53.85,1040.6,420.0,24.5,Yes,Zone-D,4.68,2.16,5,Sorter-X,683.24,1219.23,7.47,3928.58,74.5,0,0,Fulfilled,88.8,2,53.32,3.43,1599.6,Good,Low,Monitor & Maintain
BATCH-01173,2021-06-29,Afternoon,Tomato,Vegetables,SUP-016,499.36,3.87,,1300.0,216.6,57.9,Yes,Zone-D,5.48,1.48,1,Packer-Z,908.48,2079.5,3.11,4879.78,61.83,0,0,Partial,60.3,0,56.43,11.3,1410.75,Good,Medium,Quality Re-inspection Required
BATCH-01174,2022-04-01,Night,Banana,Fruits,SUP-004,714.54,17.07,54.59,754.7,66.4,5.3,Yes,Zone-D,8.67,5.31,2,Conveyor-A,3560.27,412.62,9.24,2201.55,83.42,1,0,Partial,59.25,1,96.39,13.49,1927.8,Good,Medium,Reduce Storage Temperature
BATCH-01175,2020-03-10,Morning,Orange,Fruits,SUP-008,1656.55,11.91,73.13,,191.5,75.3,Yes,Zone-B,6.5,0.34,3,Packer-Z,4347.47,1251.19,3.17,5037.06,61.73,0,0,Partial,,2,173.28,10.46,6064.8,Good,Medium,Prioritize Dispatch
BATCH-01176,2020-03-01,Night,Tomato,Vegetables,SUP-009,1119.4,14.44,,1202.5,477.2,88.5,No,Zone-B,0.66,0.25,5,Washer-1,1205.3,2905.2,9.97,1786.93,80.11,0,1,Fulfilled,64.93,3,242.46,21.66,6061.5,Bad,High,Restore Cold Chain Immediately
BATCH-01177,2021-01-01,Morning,Potato,Root Vegetables,SUP-005,1733.89,14.29,59.89,1273.9,36.0,92.4,Yes,Zone-C,2.14,0.78,1,Conveyor-B,2309.61,588.74,4.9,3155.35,67.89,0,0,Fulfilled,93.15,3,221.24,12.76,3982.32,Good,Medium,Reduce Storage Temperature
BATCH-01178,2022-10-03,Morning,Leafy Greens,Vegetables,SUP-016,504.77,17.15,52.81,1537.9,204.2,71.0,Yes,Zone-C,3.82,3.55,6,Conveyor-A,2094.06,1218.56,0.75,4577.42,62.57,0,0,Delayed,61.27,1,90.91,18.01,1363.65,Bad,High,Reduce Storage Temperature
BATCH-01179,2023-05-29,Night,Banana,Fruits,SUP-013,1254.78,4.39,54.41,909.5,324.0,82.5,Yes,Zone-D,9.52,0.07,3,Conveyor-B,3400.33,2392.51,1.22,5651.1,84.75,0,0,Fulfilled,68.57,3,116.95,9.32,2339.0,Good,Low,Prioritize Dispatch
BATCH-01180,2022-03-27,Afternoon,Potato,Root Vegetables,SUP-007,259.2,13.88,72.86,811.1,39.3,59.4,Yes,Zone-D,1.24,0.55,6,Washer-1,1322.05,2029.73,1.28,6141.05,98.26,0,0,Partial,95.86,0,27.6,10.65,496.8,Good,Medium,Monitor & Maintain
BATCH-01181,2022-02-15,Night,Lemon,Citrus,SUP-020,1321.82,12.35,56.07,1220.6,172.5,45.1,Yes,Zone-D,7.25,1.11,6,Sorter-X,4789.94,1931.4,1.03,1866.61,93.47,0,0,Delayed,,2,174.35,13.19,5230.5,Good,Medium,Monitor & Maintain
BATCH-01182,2021-08-10,Night,Potato,Root Vegetables,SUP-017,1548.81,2.56,84.48,1369.1,470.3,69.0,Yes,Zone-A,0.81,2.5,1,Washer-1,3778.5,2574.45,3.04,4782.8,54.34,0,0,Fulfilled,57.39,3,168.36,10.87,3030.48,Good,Medium,Quality Re-inspection Required
BATCH-01183,2020-08-23,Afternoon,Strawberry,Berries,SUP-003,1211.37,5.63,,629.7,15.3,23.1,Yes,Zone-B,3.94,0.71,4,Sorter-X,4797.82,184.37,3.58,3719.28,72.72,0,0,Fulfilled,74.72,0,38.04,3.14,3043.2,Good,Low,Monitor & Maintain
BATCH-01184,2020-06-21,Morning,Strawberry,Berries,SUP-005,605.84,6.82,46.46,1416.2,375.9,12.3,No,Zone-D,7.82,1.19,4,Conveyor-B,1748.16,2336.38,1.56,5697.42,84.74,0,0,Fulfilled,95.03,2,34.53,5.7,2762.4,Good,Low,Restore Cold Chain Immediately
BATCH-01185,2023-01-15,Night,Mango,Fruits,SUP-019,159.55,3.31,48.98,469.4,420.7,73.6,Yes,Zone-D,3.77,0.82,5,Conveyor-B,3144.72,2659.39,4.66,3308.76,78.13,0,0,Fulfilled,55.65,3,16.35,10.25,981.0,Good,Medium,Prioritize Dispatch
BATCH-01186,2023-09-16,Afternoon,Onion,Root Vegetables,SUP-012,326.95,34.748418304009704,83.05,407.7,138.5,92.1,Yes,Zone-B,4.59,0.19,1,Conveyor-B,3795.21,146.91,3.97,5981.03,86.32,0,0,Delayed,59.72,1,37.76,11.55,830.72,Good,Medium,Prioritize Dispatch
BATCH-01187,2021-10-31,Afternoon,Onion,Root Vegetables,SUP-007,1282.38,2.49,,590.1,107.4,56.3,Yes,Zone-C,9.1,2.68,4,Packer-Z,3699.3,1720.99,6.55,5159.0,,0,0,Fulfilled,83.39,1,95.92,7.48,2110.24,Good,Low,Monitor & Maintain
BATCH-01188,2022-08-20,Morning,Banana,Fruits,SUP-009,1875.4,11.96,88.1,1574.4,457.4,47.4,No,Zone-D,1.13,,2,Conveyor-A,596.06,1110.91,2.36,6248.0,67.11,0,0,Fulfilled,59.62,3,255.99,13.65,5119.8,Good,Medium,Restore Cold Chain Immediately
BATCH-01189,2023-08-28,Afternoon,Lemon,Citrus,SUP-006,492.42,5.81,60.13,1028.3,382.0,52.2,Yes,Zone-D,5.51,3.35,2,Packer-Z,4992.3,247.21,9.18,7379.33,88.54,0,0,Delayed,74.75,1,50.67,10.29,1520.1,Good,Medium,Monitor & Maintain
BATCH-01190,2020-05-11,Morning,Pineapple,Fruits,SUP-017,1496.55,7.17,,455.9,56.7,47.0,No,Zone-D,3.98,2.37,4,Washer-1,4676.27,1311.47,5.4,6938.88,54.7,1,0,Fulfilled,77.34,1,255.01,17.04,11475.45,Bad,Medium,Restore Cold Chain Immediately
BATCH-01191,2023-01-29,Night,Strawberry,Berries,SUP-016,1746.26,18.39,70.29,1596.6,106.1,43.6,Yes,Zone-D,9.66,0.12,6,Conveyor-A,1038.88,1967.69,6.43,5107.02,93.49,0,0,Delayed,92.85,0,241.51,13.83,19320.8,Good,Medium,Reduce Storage Temperature
BATCH-01192,2022-06-19,Afternoon,Banana,Fruits,SUP-003,1089.68,11.05,69.2,1293.9,310.7,91.0,No,Zone-B,8.04,1.39,6,Conveyor-B,2946.05,2765.14,0.88,6852.76,,1,0,Fulfilled,97.13,2,212.71,19.52,4254.2,Bad,High,Restore Cold Chain Immediately
BATCH-01193,2022-05-24,Night,Pineapple,Fruits,SUP-004,1371.61,6.84,71.6,1405.6,209.7,47.1,Yes,Zone-B,1.66,9.39,4,Conveyor-B,1915.5,1899.54,5.81,2549.45,76.05,0,0,Delayed,77.54,1,159.79,11.65,7190.55,Good,Medium,Expedite Processing
BATCH-01194,2021-03-03,Afternoon,Onion,Root Vegetables,SUP-010,1648.53,12.77,60.64,655.5,252.1,9.6,Yes,Zone-B,9.31,,5,Conveyor-B,4455.02,2584.55,4.0,1910.03,91.05,0,1,Fulfilled,77.46,3,150.35,9.12,3307.7,Good,Low,Monitor & Maintain
BATCH-01195,2022-09-25,Afternoon,Mango,Fruits,SUP-005,595.28,5.63,45.27,526.5,475.8,74.0,No,Zone-C,2.51,1.36,6,Sorter-X,3638.84,452.56,9.28,4757.5,,0,0,Fulfilled,86.98,1,78.93,13.26,4735.8,Good,Medium,Restore Cold Chain Immediately
BATCH-01196,2023-03-06,Night,Potato,Root Vegetables,SUP-010,664.1,3.34,46.58,,210.1,38.8,Yes,Zone-D,1.31,2.11,5,Washer-1,1505.83,710.51,8.91,7321.09,77.61,0,0,Fulfilled,63.47,0,50.14,7.55,902.52,Good,Low,Quality Re-inspection Required
BATCH-01197,2020-06-13,Afternoon,Strawberry,Berries,SUP-012,101.19,2.38,74.87,1326.6,440.8,68.8,Yes,Zone-C,5.65,,2,Packer-Z,652.38,2913.85,6.56,5783.57,97.3,0,0,Fulfilled,96.4,0,4.56,4.51,364.8,Good,Low,Monitor & Maintain
BATCH-01198,2022-02-17,Night,Banana,Fruits,SUP-010,1929.88,19.13,68.55,1165.3,330.4,56.5,No,Zone-C,7.5,2.42,3,Washer-1,1812.84,2673.46,7.79,3432.88,56.51,0,0,Fulfilled,55.05,1,409.52,21.22,8190.4,Bad,High,Restore Cold Chain Immediately
BATCH-01199,2020-05-27,Night,Tomato,Vegetables,SUP-013,1843.34,15.04,81.95,1157.3,60.8,69.0,Yes,Zone-B,7.3,2.16,1,Sorter-X,671.62,782.16,6.62,5545.56,99.65,0,0,Fulfilled,55.08,3,286.09,15.52,7152.25,Bad,Medium,Reduce Storage Temperature
BATCH-01200,2023-06-27,Morning,Pineapple,Fruits,SUP-011,1552.68,16.4,58.52,1308.5,372.3,7.8,Yes,Zone-D,5.57,0.94,3,Sorter-X,1135.9,1900.82,0.66,1891.86,57.72,1,0,Partial,82.53,3,170.02,10.95,7650.9,Good,Medium,Reduce Storage Temperature
BATCH-01201,2022-01-11,Night,Potato,Root Vegetables,SUP-016,250.24,19.66,81.7,672.4,260.1,5.2,Yes,Zone-D,5.18,0.67,5,Washer-1,3362.62,1151.63,7.18,4394.3,74.01,0,0,Delayed,70.03,0,29.3,11.71,527.4,Good,Medium,Reduce Storage Temperature
BATCH-01202,2023-03-25,Morning,Strawberry,Berries,SUP-008,950.26,18.77,64.15,1193.8,112.5,37.6,Yes,Zone-C,9.71,5.03,6,Sorter-X,3852.88,1458.94,2.18,3038.46,61.57,0,0,Delayed,72.52,3,113.08,11.9,9046.4,Good,Medium,Reduce Storage Temperature
BATCH-01203,2021-06-21,Night,Onion,Root Vegetables,SUP-008,293.59,15.26,49.35,870.5,144.8,67.2,No,Zone-A,8.3,0.27,3,Conveyor-A,2606.08,2596.55,6.98,1945.84,63.6,0,0,Partial,64.74,0,56.81,19.35,1249.82,Bad,High,Restore Cold Chain Immediately
BATCH-01204,2020-07-01,Afternoon,Lemon,Citrus,SUP-008,130.25,14.49,89.01,483.7,278.7,23.0,No,Zone-A,7.14,1.13,5,Conveyor-B,3201.3,2233.57,0.6,3111.98,81.59,0,1,Fulfilled,72.94,3,22.87,17.56,686.1,Bad,Medium,Restore Cold Chain Immediately
BATCH-01205,2020-03-01,Night,Pineapple,Fruits,SUP-013,1270.75,8.06,68.04,642.6,300.9,42.7,Yes,Zone-D,2.35,2.91,3,Packer-Z,1201.48,791.48,3.45,5857.5,51.74,0,0,Fulfilled,91.43,1,49.81,3.92,2241.45,Good,Low,Monitor & Maintain
BATCH-01206,2021-02-15,Afternoon,Onion,Root Vegetables,SUP-002,1925.58,3.87,73.33,1352.8,484.1,94.2,No,Zone-D,8.29,0.32,2,Sorter-X,1925.58,1016.38,5.41,4862.41,97.04,0,0,Fulfilled,85.77,1,236.27,12.27,5197.94,Good,Medium,Restore Cold Chain Immediately
BATCH-01207,2020-12-22,Morning,Strawberry,Berries,SUP-012,1815.45,12.33,75.19,1475.1,427.4,22.2,No,Zone-C,7.62,5.4,5,Packer-Z,3707.98,940.16,3.67,1796.16,63.98,0,0,Fulfilled,59.16,1,252.71,13.92,20216.8,Good,Medium,Restore Cold Chain Immediately
BATCH-01208,2022-03-29,Afternoon,Pineapple,Fruits,SUP-010,1423.83,,61.31,739.4,102.9,81.7,Yes,Zone-C,9.92,1.49,2,Conveyor-B,2142.01,2363.92,7.09,4040.58,63.63,1,0,Partial,57.49,1,245.47,17.24,11046.15,Bad,Medium,Prioritize Dispatch
BATCH-01209,2020-02-01,Night,Potato,Root Vegetables,SUP-012,283.62,19.14,78.64,628.4,387.0,79.6,Yes,Zone-B,1.76,1.41,3,Washer-1,2069.65,1521.26,5.47,6030.11,,0,0,Partial,77.27,2,39.65,13.98,713.7,Good,Medium,Reduce Storage Temperature
BATCH-01210,2022-01-30,Afternoon,Strawberry,Berries,SUP-011,620.91,9.97,84.16,432.1,4.1,85.8,Yes,Zone-C,7.3,1.1,4,Conveyor-B,1372.97,2857.1,9.62,7206.25,88.24,0,0,Delayed,87.13,3,62.09,10.0,4967.2,Good,Medium,Prioritize Dispatch
BATCH-01211,2021-07-25,Morning,Leafy Greens,Vegetables,SUP-015,708.11,14.43,62.42,1537.2,64.9,88.0,No,Zone-C,9.8,4.04,4,Packer-Z,3176.71,2468.39,3.9,6740.02,83.59,0,0,Delayed,84.24,2,156.07,22.04,2341.05,Bad,High,Restore Cold Chain Immediately
BATCH-01212,2022-04-22,Afternoon,Banana,Fruits,SUP-016,1549.99,12.35,74.57,,99.9,49.7,Yes,Zone-A,4.89,5.93,1,Conveyor-A,4142.92,712.46,7.36,1668.83,57.32,0,0,Partial,93.02,3,165.85,10.7,3317.0,Good,Medium,Expedite Processing
BATCH-01213,2022-10-22,Afternoon,Potato,Root Vegetables,SUP-017,1624.27,5.18,79.07,1548.4,298.6,66.1,No,Zone-A,7.47,,4,Washer-1,2612.5,2379.23,8.44,2930.66,88.48,0,1,Cancelled,60.86,2,289.93,17.85,5218.74,Bad,Medium,Restore Cold Chain Immediately
BATCH-01214,2022-07-14,Night,Pineapple,Fruits,SUP-002,831.7,12.66,,1436.6,97.3,60.2,No,Zone-A,9.77,1.56,1,Sorter-X,1019.93,1567.63,2.91,2866.95,68.04,0,0,Fulfilled,81.65,0,133.32,16.03,5999.4,Bad,Medium,Restore Cold Chain Immediately
BATCH-01215,2023-12-08,Night,Lemon,Citrus,SUP-018,893.98,,59.97,808.6,182.6,31.0,Yes,Zone-A,5.7,0.76,3,Conveyor-A,4272.65,835.76,7.66,4060.08,99.69,0,0,Delayed,88.7,0,57.75,6.46,1732.5,Good,Low,Monitor & Maintain
BATCH-01216,2020-07-20,Afternoon,Onion,Root Vegetables,SUP-012,184.57,10.89,49.9,535.2,121.4,28.3,Yes,Zone-C,7.14,0.92,1,Conveyor-B,821.29,1153.66,4.24,5411.83,83.56,0,0,Fulfilled,96.26,3,7.88,4.27,173.36,Good,Low,Monitor & Maintain
BATCH-01217,2021-09-19,Morning,Tomato,Vegetables,SUP-019,649.36,11.24,72.1,998.9,168.7,34.1,Yes,Zone-D,0.69,0.06,1,Packer-Z,2622.77,2919.17,1.72,2549.33,91.79,0,0,Fulfilled,59.44,0,71.1,10.95,1777.5,Good,Medium,Quality Re-inspection Required
BATCH-01218,2021-09-12,Afternoon,Onion,Root Vegetables,SUP-018,957.44,4.95,81.04,432.2,471.2,22.5,Yes,Zone-A,5.44,3.08,1,Packer-Z,1674.85,1503.49,0.53,6980.09,86.69,0,0,Partial,65.54,3,89.33,9.33,1965.26,Good,Low,Quality Re-inspection Required
BATCH-01219,2021-08-31,Morning,Pineapple,Fruits,SUP-017,322.27,10.34,72.49,579.9,498.7,73.2,Yes,Zone-B,2.93,6.97,2,Packer-Z,4713.43,2186.86,7.57,6175.05,79.71,0,0,Fulfilled,70.6,3,49.76,15.44,2239.2,Bad,Medium,Expedite Processing
BATCH-01220,2022-08-27,Morning,Onion,Root Vegetables,SUP-006,961.21,12.9,53.09,,342.9,92.7,Yes,Zone-B,1.75,2.94,1,Conveyor-B,,1483.55,2.27,4096.32,,0,1,Fulfilled,78.79,2,133.8,13.92,2943.6,Good,Medium,Prioritize Dispatch
BATCH-01221,2021-12-16,Morning,Banana,Fruits,SUP-015,1721.03,10.81,69.59,1198.8,286.2,83.6,Yes,Zone-C,7.23,1.46,6,Washer-1,3048.84,1177.52,0.99,5053.0,79.87,0,0,Fulfilled,72.98,3,241.12,14.01,4822.4,Good,Medium,Prioritize Dispatch
BATCH-01222,2022-01-25,Afternoon,Strawberry,Berries,SUP-003,1204.51,10.8,82.57,1011.9,354.2,22.5,No,Zone-B,0.87,3.51,5,Sorter-X,3504.9,2409.62,5.22,4807.87,52.56,0,0,Partial,92.89,0,157.91,13.11,12632.8,Good,Medium,Restore Cold Chain Immediately
BATCH-01223,2021-09-23,Morning,Tomato,Vegetables,SUP-006,249.97,3.4,58.62,762.9,385.8,6.9,Yes,Zone-A,9.1,3.9,3,Conveyor-A,,2560.14,3.79,5042.76,,0,0,Delayed,96.82,2,12.75,5.1,318.75,Good,Low,Monitor & Maintain
BATCH-01224,2023-12-18,Afternoon,Orange,Fruits,SUP-003,464.18,5.43,82.47,1077.7,369.5,73.2,Yes,Zone-D,5.42,1.57,2,Conveyor-B,1164.2,308.48,7.07,6657.27,65.82,0,0,Fulfilled,58.08,2,51.2,11.03,1792.0,Good,Medium,Prioritize Dispatch
BATCH-01225,2023-09-16,Morning,Pineapple,Fruits,SUP-001,1001.63,7.78,,,40.9,38.7,No,Zone-D,6.66,5.53,5,Packer-Z,3690.94,909.04,1.52,2822.7,85.7,1,1,Cancelled,85.79,2,199.62,19.93,8982.9,Bad,High,Restore Cold Chain Immediately
BATCH-01226,2021-03-25,Morning,Mango,Fruits,SUP-013,786.83,9.55,45.98,1306.8,155.1,79.5,Yes,Zone-A,2.91,0.06,3,Sorter-X,2717.03,1572.83,1.76,5632.38,78.81,0,0,Delayed,60.03,2,97.65,12.41,5859.0,Good,Medium,Prioritize Dispatch
BATCH-01227,2020-06-11,Afternoon,Orange,Fruits,SUP-014,781.58,12.69,55.78,1254.4,171.7,75.2,Yes,Zone-B,2.23,0.02,2,Packer-Z,3354.39,1017.84,4.34,2281.86,80.52,0,0,Fulfilled,94.51,0,57.92,7.41,2027.2,Good,Low,Prioritize Dispatch
BATCH-01228,2023-05-11,Night,Onion,Root Vegetables,SUP-013,1105.61,17.54,69.43,659.8,184.6,60.8,Yes,Zone-C,2.82,0.17,3,Conveyor-B,703.41,2372.39,5.44,4327.74,92.35,0,0,Partial,61.25,1,136.21,12.32,2996.62,Good,Medium,Reduce Storage Temperature
BATCH-01229,2023-12-26,Night,Pineapple,Fruits,SUP-004,1210.35,4.86,77.29,1127.7,172.2,26.0,No,Zone-D,2.71,0.12,4,Packer-Z,1139.16,432.73,8.33,5354.22,76.27,0,0,Cancelled,98.63,0,98.4,8.13,4428.0,Good,Low,Restore Cold Chain Immediately
BATCH-01230,2021-03-03,Afternoon,Leafy Greens,Vegetables,SUP-007,1614.04,2.27,84.62,,393.5,11.8,Yes,Zone-A,8.71,1.11,3,Conveyor-B,3152.17,2413.62,6.06,1732.63,60.91,0,0,Delayed,,3,49.71,3.08,745.65,Good,Low,Monitor & Maintain
BATCH-01231,2021-06-06,Afternoon,Mango,Fruits,SUP-010,747.84,,73.85,473.0,373.8,25.7,Yes,Zone-A,7.98,5.64,4,Packer-Z,2567.43,1891.87,9.07,2287.86,50.62,0,0,Fulfilled,71.81,0,75.83,10.14,4549.8,Good,Medium,Expedite Processing
BATCH-01232,2023-10-06,Night,Tomato,Vegetables,SUP-007,1630.39,35.846849826348034,62.12,733.8,2.3,49.9,No,Zone-B,8.6,2.25,4,Conveyor-B,1520.93,939.17,2.57,2190.26,57.97,0,0,Fulfilled,80.8,3,236.24,14.49,5906.0,Good,Medium,Restore Cold Chain Immediately
BATCH-01233,2022-11-04,Night,Lemon,Citrus,SUP-015,743.36,11.93,53.31,1599.4,148.2,94.1,Yes,Zone-C,7.48,2.15,6,Packer-Z,1583.42,1098.92,6.16,3836.96,51.53,0,0,Delayed,,1,95.52,12.85,2865.6,Good,Medium,Prioritize Dispatch
BATCH-01234,2021-03-07,Night,Leafy Greens,Vegetables,SUP-015,205.32,17.0,79.2,519.4,311.8,8.0,Yes,Zone-C,6.61,0.97,3,Sorter-X,3342.46,630.41,6.72,5273.87,61.85,0,1,Fulfilled,65.33,2,29.77,14.5,446.55,Good,Medium,Reduce Storage Temperature
BATCH-01235,2022-04-28,Afternoon,Orange,Fruits,SUP-004,1152.96,,54.31,1007.7,60.1,20.8,Yes,Zone-B,5.51,1.53,4,Sorter-X,765.35,832.46,7.4,7446.56,81.75,0,0,Fulfilled,82.68,0,646.1210122213989,11.9,4802.0,Good,Medium,Reduce Storage Temperature
BATCH-01236,2023-10-10,Morning,Strawberry,Berries,SUP-006,1217.01,3.8,76.29,1419.2,35.6,61.0,Yes,Zone-A,3.02,0.73,6,Packer-Z,2454.16,2180.08,9.89,3136.2,57.57,1,0,Fulfilled,87.05,2,121.21,9.96,9696.8,Good,Low,Activate Backup Supplier
BATCH-01237,2023-03-31,Afternoon,Banana,Fruits,SUP-020,1875.63,18.81,53.15,760.8,414.2,30.6,Yes,Zone-B,7.2,1.46,2,Packer-Z,2853.97,1190.06,4.95,2449.92,54.1,1,0,Partial,96.59,2,228.45,12.18,4569.0,Good,Medium,Reduce Storage Temperature
BATCH-01238,2022-12-19,Night,Lemon,Citrus,SUP-005,1479.52,3.99,,712.9,226.3,82.7,Yes,Zone-B,1.8,2.75,4,Conveyor-B,1886.64,2093.7,4.01,4069.77,98.54,0,0,Fulfilled,73.0,2,150.62,10.18,4518.6,Good,Medium,Prioritize Dispatch
BATCH-01239,2022-12-12,Morning,Leafy Greens,Vegetables,SUP-020,1843.77,13.42,56.3,1469.0,427.8,15.1,No,Zone-B,5.36,1.64,1,Conveyor-B,4192.47,1590.91,8.6,2508.12,,0,1,Partial,86.05,0,328.93,17.84,4933.95,Bad,Medium,Restore Cold Chain Immediately
BATCH-01240,2020-09-16,Afternoon,Strawberry,Berries,SUP-012,1825.86,14.1,57.82,765.8,411.8,92.5,No,Zone-A,2.36,1.09,2,Conveyor-B,755.46,521.36,2.18,1802.6,81.85,1,0,Partial,91.68,1,382.88,20.97,30630.4,Bad,High,Restore Cold Chain Immediately
BATCH-01241,2023-04-19,Night,Strawberry,Berries,SUP-001,1248.69,14.24,74.12,1181.8,446.7,87.8,Yes,Zone-D,5.3,,6,Washer-1,4396.02,1547.3,0.85,4936.6,55.43,0,0,Fulfilled,91.58,0,189.55,15.18,15164.0,Bad,Medium,Reduce Storage Temperature
BATCH-01242,2021-02-07,Afternoon,Pineapple,Fruits,SUP-008,1102.75,6.78,52.24,1288.4,24.1,85.4,Yes,Zone-A,3.29,0.68,2,Packer-Z,3754.68,2293.76,4.71,6770.32,91.08,0,0,Fulfilled,56.51,1,159.9,14.5,7195.5,Good,Medium,Prioritize Dispatch
BATCH-01243,2023-09-20,Morning,Leafy Greens,Vegetables,SUP-001,1159.14,7.95,86.86,1346.3,93.1,18.3,No,Zone-D,1.01,1.31,2,Packer-Z,2508.14,963.26,2.85,6661.54,76.96,0,0,Delayed,70.65,1,166.68,14.38,2500.2,Good,Medium,Restore Cold Chain Immediately
BATCH-01244,2021-06-16,Night,Tomato,Vegetables,SUP-005,1958.83,,69.95,1593.7,148.1,33.0,Yes,Zone-D,5.29,,1,Packer-Z,4660.1,1979.44,4.27,2245.58,59.1,0,0,Partial,55.59,3,281.88,14.39,7047.0,Good,Medium,Expedite Processing
BATCH-01245,2023-06-06,Afternoon,Onion,Root Vegetables,SUP-006,1569.02,5.59,67.09,1363.8,68.1,77.6,Yes,Zone-B,2.23,6.84,1,Packer-Z,3660.07,677.19,9.87,2516.84,78.78,0,0,Partial,,1,180.75,11.52,3976.5,Good,Medium,Expedite Processing
BATCH-01246,2021-01-23,Morning,Mango,Fruits,SUP-003,301.91,2.37,64.56,1188.4,242.7,77.9,Yes,Zone-C,2.03,,1,Conveyor-B,4689.7,493.53,3.81,4513.41,51.97,1,0,Fulfilled,93.06,3,29.01,9.61,1740.6,Good,Low,Prioritize Dispatch
BATCH-01247,2022-01-21,Morning,Mango,Fruits,SUP-015,1579.01,12.12,70.5,1474.6,399.5,68.3,Yes,Zone-B,4.15,1.52,1,Conveyor-B,2626.65,1144.66,7.23,3796.43,98.62,0,0,Fulfilled,90.86,0,170.69,10.81,10241.4,Good,Medium,Monitor & Maintain
BATCH-01248,2020-06-05,Afternoon,Orange,Fruits,SUP-005,424.02,10.38,46.01,1486.9,475.6,44.1,Yes,Zone-A,3.94,0.82,6,Washer-1,2538.38,1228.69,2.88,5744.86,,0,1,Partial,90.69,2,213.50901377120965,7.8,1157.45,Good,Low,Monitor & Maintain
BATCH-01249,2022-08-21,Morning,Orange,Fruits,SUP-014,949.97,13.82,89.55,1567.8,444.8,31.3,Yes,Zone-C,8.74,0.69,1,Conveyor-B,2888.34,2306.93,3.38,4535.61,63.04,0,0,Partial,70.48,1,115.04,12.11,4026.4,Good,Medium,Monitor & Maintain
BATCH-01250,2023-05-05,Night,Mango,Fruits,SUP-018,499.87,4.64,70.09,1331.8,228.7,92.5,Yes,Zone-C,5.86,,6,Packer-Z,794.42,1434.23,2.81,1776.89,70.95,0,0,Fulfilled,57.04,2,58.13,11.63,3487.8,Good,Medium,Prioritize Dispatch
BATCH-01251,2022-11-14,Morning,Tomato,Vegetables,SUP-016,1410.21,17.14,46.58,633.9,318.2,15.1,Yes,Zone-A,8.62,1.18,6,Packer-Z,4588.22,335.58,5.94,3313.32,69.76,1,0,Fulfilled,62.59,1,255.67,18.13,6391.75,Bad,High,Reduce Storage Temperature
BATCH-01252,2022-02-02,Afternoon,Banana,Fruits,SUP-006,1766.89,4.63,71.55,1251.8,115.3,6.1,Yes,Zone-A,1.89,2.64,5,Conveyor-A,,1938.6,2.65,6897.67,93.07,0,1,Fulfilled,84.51,3,178.99,10.13,3579.8,Good,Medium,Monitor & Maintain
BATCH-01253,2020-03-06,Night,Potato,Root Vegetables,SUP-014,651.69,,64.67,490.2,201.5,2.9,Yes,Zone-B,3.89,0.06,5,Conveyor-B,3279.14,1460.83,7.32,4631.87,67.73,0,0,Fulfilled,60.89,0,67.97,10.43,1223.46,Good,Medium,Reduce Storage Temperature
BATCH-01254,2023-09-24,Morning,Onion,Root Vegetables,SUP-008,255.82,10.09,46.08,781.6,435.6,74.9,Yes,Zone-A,5.78,5.23,1,Conveyor-A,4669.09,1061.77,6.96,6296.08,52.4,0,0,Cancelled,60.51,3,36.3,14.19,798.6,Good,Medium,Expedite Processing
BATCH-01255,2022-10-27,Morning,Banana,Fruits,SUP-007,667.14,11.9,86.6,539.0,14.6,7.3,Yes,Zone-D,1.95,1.68,6,Packer-Z,4971.37,2426.43,4.5,3997.34,60.73,0,0,Fulfilled,70.56,3,50.04,7.5,1000.8,Good,Low,Monitor & Maintain
BATCH-01256,2022-12-24,Night,Pineapple,Fruits,SUP-008,1377.49,18.14,45.48,1539.9,266.4,52.6,Yes,Zone-D,1.72,2.3,2,Conveyor-B,1235.27,547.72,0.74,5593.16,60.78,1,0,Fulfilled,59.16,3,228.39,16.58,10277.55,Bad,Medium,Reduce Storage Temperature
BATCH-01257,2023-03-06,Night,Potato,Root Vegetables,SUP-013,724.64,7.4,71.0,806.5,436.4,36.5,Yes,Zone-C,6.78,1.86,4,Packer-Z,,2748.32,0.72,2641.91,97.46,0,0,Delayed,69.51,0,58.33,8.05,1049.94,Good,Low,Quality Re-inspection Required
BATCH-01258,2022-12-27,Morning,Potato,Root Vegetables,SUP-006,628.41,5.27,88.28,1255.9,61.0,15.8,Yes,Zone-B,6.71,9.04,4,Conveyor-A,3109.75,1068.78,5.56,5939.26,96.2,0,0,Partial,97.67,0,39.65,6.31,713.7,Good,Low,Expedite Processing
BATCH-01259,2021-10-06,Night,Leafy Greens,Vegetables,SUP-018,450.43,10.02,55.69,1085.6,491.3,71.6,Yes,Zone-B,2.72,8.58,5,Conveyor-A,2574.49,1436.73,8.47,6230.04,65.03,0,1,Partial,55.88,2,69.55,15.44,1043.25,Bad,Medium,Expedite Processing
BATCH-01260,2022-12-07,Afternoon,Tomato,Vegetables,SUP-002,1045.28,6.4,56.44,529.0,6.2,7.2,Yes,Zone-C,2.66,1.88,1,Sorter-X,4899.26,2794.78,6.19,2183.71,50.14,0,0,Partial,91.54,0,23.31,2.23,582.75,Good,Low,Monitor & Maintain
BATCH-01261,2022-07-01,Morning,Tomato,Vegetables,SUP-008,624.3,11.5,45.02,1073.6,443.1,31.9,Yes,Zone-A,7.58,2.3,3,Sorter-X,4326.18,2307.6,4.64,2725.04,75.85,0,0,Fulfilled,98.72,3,17.42,2.79,435.5,Good,Low,Monitor & Maintain
BATCH-01262,2023-05-31,Afternoon,Potato,Root Vegetables,SUP-011,1488.92,6.95,47.99,1193.2,176.8,54.8,Yes,Zone-B,1.61,1.93,4,Conveyor-B,3635.37,315.48,8.88,4349.39,89.86,1,0,Delayed,74.2,3,148.0,9.94,2664.0,Good,Low,Activate Backup Supplier
BATCH-01263,2023-03-17,Morning,Leafy Greens,Vegetables,SUP-001,245.58,17.56,47.02,1457.8,66.3,39.8,No,Zone-C,9.27,0.74,6,Conveyor-B,2222.04,1777.06,2.37,5363.51,,1,0,Fulfilled,96.49,0,49.8,20.28,747.0,Bad,High,Restore Cold Chain Immediately
BATCH-01264,2020-03-01,Afternoon,Onion,Root Vegetables,SUP-006,1361.66,12.93,82.02,484.1,78.7,26.4,No,Zone-C,9.47,0.43,6,Conveyor-B,3497.18,1000.05,3.91,5363.82,71.95,0,1,Fulfilled,66.49,2,269.88,19.82,5937.36,Bad,High,Restore Cold Chain Immediately
BATCH-01265,2021-07-07,Afternoon,Potato,Root Vegetables,SUP-016,551.36,2.0,82.65,754.8,350.6,89.0,Yes,Zone-D,8.77,,4,Conveyor-B,,1574.62,5.87,5542.26,58.64,1,0,Fulfilled,98.22,3,34.07,6.18,613.26,Good,Low,Prioritize Dispatch
BATCH-01266,2020-02-20,Night,Lemon,Citrus,SUP-020,1029.63,16.5,77.7,1230.8,435.4,89.5,Yes,Zone-C,2.5,,2,Conveyor-B,1622.16,2254.61,3.27,5810.75,,0,0,Partial,92.91,1,119.23,11.58,3576.9,Good,Medium,Reduce Storage Temperature
BATCH-01267,2020-05-29,Morning,Orange,Fruits,SUP-012,643.57,7.94,60.87,441.2,320.5,41.1,Yes,Zone-A,0.66,0.12,4,Conveyor-B,2526.72,1538.9,9.98,4598.5,87.94,0,0,Fulfilled,93.93,2,49.17,7.64,1720.95,Good,Low,Monitor & Maintain
BATCH-01268,2022-05-28,Night,Orange,Fruits,SUP-011,1473.26,7.76,81.96,644.3,464.4,39.0,Yes,Zone-A,9.4,1.44,5,Conveyor-B,1454.95,305.96,4.8,4999.91,71.41,0,0,Fulfilled,60.74,3,114.62,7.78,4011.7,Good,Low,Quality Re-inspection Required
BATCH-01269,2023-06-29,Night,Banana,Fruits,SUP-010,1896.08,,69.29,,421.2,30.9,No,Zone-A,3.77,1.05,1,Conveyor-A,2751.89,1636.94,0.99,1708.84,72.36,1,0,Fulfilled,93.28,1,271.52,14.32,5430.4,Good,Medium,Restore Cold Chain Immediately
BATCH-01270,2020-06-23,Morning,Pineapple,Fruits,SUP-003,1842.45,13.34,58.69,1203.2,4.5,82.4,Yes,Zone-A,3.45,1.5,1,Conveyor-A,3741.07,169.98,2.17,2627.95,89.48,0,0,Fulfilled,96.44,3,185.72,10.08,8357.4,Good,Medium,Prioritize Dispatch
BATCH-01271,2021-10-20,Afternoon,Orange,Fruits,SUP-013,1208.51,9.96,64.68,743.2,334.7,55.4,Yes,Zone-C,2.99,3.94,6,Conveyor-A,664.91,1110.39,5.56,4556.66,88.15,1,0,Fulfilled,91.04,3,166.17,13.75,5815.95,Good,Medium,Activate Backup Supplier
BATCH-01272,2023-08-22,Morning,Strawberry,Berries,SUP-003,978.96,13.32,47.96,1119.5,152.3,10.4,Yes,Zone-B,2.82,0.1,4,Packer-Z,3944.21,1486.29,5.73,5991.9,59.36,1,0,Fulfilled,59.02,0,145.57,14.87,11645.6,Good,Medium,Activate Backup Supplier
BATCH-01273,2023-04-03,Morning,Banana,Fruits,SUP-015,1654.77,4.64,87.52,1558.4,227.3,82.2,Yes,Zone-C,7.48,2.88,3,Washer-1,589.97,1969.55,9.85,6359.85,70.76,0,0,Fulfilled,58.73,1,186.0,11.24,3720.0,Good,Medium,Prioritize Dispatch
BATCH-01274,2022-01-28,Morning,Orange,Fruits,SUP-016,1398.32,19.46,72.86,1351.9,47.0,52.3,Yes,Zone-B,9.12,2.2,5,Packer-Z,2827.75,1568.0,6.2,5895.16,92.44,0,0,Fulfilled,70.73,3,193.67,13.85,6778.45,Good,Medium,Reduce Storage Temperature
BATCH-01275,2023-01-31,Night,Pineapple,Fruits,SUP-013,448.77,,77.91,799.5,141.0,41.1,Yes,Zone-B,7.97,0.46,6,Conveyor-B,3080.65,540.65,6.83,4486.0,72.84,0,1,Fulfilled,86.02,0,51.61,11.5,2322.45,Good,Medium,Reduce Storage Temperature
BATCH-01276,2022-02-02,Morning,Tomato,Vegetables,SUP-017,1659.75,6.5,75.45,966.9,316.3,33.8,Yes,Zone-B,6.9,2.65,4,Washer-1,3925.6,2803.43,2.53,3294.22,83.09,0,0,Partial,55.55,0,173.61,10.46,4340.25,Good,Medium,Quality Re-inspection Required
BATCH-01277,2020-08-18,Morning,Tomato,Vegetables,SUP-003,914.88,15.04,75.05,640.8,109.2,11.3,No,Zone-D,3.23,1.37,5,Conveyor-A,3924.63,1985.87,1.52,4243.8,,0,0,Fulfilled,96.83,3,129.18,14.12,3229.5,Good,Medium,Restore Cold Chain Immediately
BATCH-01278,2020-07-01,Morning,Onion,Root Vegetables,SUP-020,459.07,12.35,45.78,418.9,323.8,91.9,Yes,Zone-A,5.7,1.31,3,Conveyor-A,2378.55,1019.21,6.22,1714.0,52.98,0,0,Fulfilled,78.12,0,57.11,12.44,1256.42,Good,Medium,Prioritize Dispatch
BATCH-01279,2020-10-02,Afternoon,Potato,Root Vegetables,SUP-011,635.41,3.97,68.64,747.7,461.5,71.7,No,Zone-D,2.75,1.32,6,Sorter-X,798.68,2901.23,8.72,5134.14,58.24,0,0,Delayed,,2,91.63,14.42,1649.34,Good,Medium,Restore Cold Chain Immediately
BATCH-01280,2021-05-27,Afternoon,Lemon,Citrus,SUP-019,608.3,5.21,81.98,843.3,2.5,14.4,No,Zone-C,1.56,5.96,5,Conveyor-B,3620.75,2659.48,6.08,2093.23,70.09,0,0,Cancelled,79.69,2,69.59,11.44,2087.7,Good,Medium,Restore Cold Chain Immediately
BATCH-01281,2023-09-20,Afternoon,Tomato,Vegetables,SUP-011,1086.49,2.74,47.0,1077.2,392.9,50.1,No,Zone-D,1.64,5.78,6,Conveyor-B,2799.44,516.12,4.71,2504.72,67.67,0,0,Partial,86.49,2,130.05,11.97,3251.25,Good,Medium,Restore Cold Chain Immediately
BATCH-01282,2023-03-13,Afternoon,Leafy Greens,Vegetables,SUP-016,545.3,16.57,88.03,1532.9,320.7,54.2,Yes,Zone-B,6.24,4.9,5,Sorter-X,1998.76,2000.74,5.99,5296.92,94.78,0,0,Fulfilled,67.02,3,69.03,12.66,1035.45,Good,Medium,Reduce Storage Temperature
BATCH-01283,2021-09-23,Night,Orange,Fruits,SUP-003,334.78,11.93,64.09,1537.4,23.3,17.8,Yes,Zone-C,0.87,4.36,5,Packer-Z,1556.93,1724.2,4.95,1737.56,77.28,0,0,Partial,67.81,2,39.67,11.85,1388.45,Good,Medium,Quality Re-inspection Required
BATCH-01284,2021-12-20,Night,Leafy Greens,Vegetables,SUP-006,335.01,7.7,58.05,484.1,395.1,42.2,Yes,Zone-A,9.75,,6,Sorter-X,1038.91,659.15,1.85,4992.36,,0,0,Fulfilled,75.6,3,13.33,3.98,199.95,Good,Low,Monitor & Maintain
BATCH-01285,2021-01-22,Morning,Pineapple,Fruits,SUP-014,1208.22,4.27,68.93,1137.6,112.3,62.7,No,Zone-B,9.96,1.02,1,Conveyor-B,1828.14,777.08,7.54,5368.99,84.43,0,0,Fulfilled,84.48,2,693.854847574511,13.13,7138.8,Good,Medium,Restore Cold Chain Immediately
BATCH-01286,2022-10-25,Night,Tomato,Vegetables,SUP-018,1496.04,10.71,81.05,450.8,132.9,28.7,No,Zone-A,1.92,4.51,3,Conveyor-A,2563.2,1734.94,5.56,6239.88,76.58,0,0,Fulfilled,,0,219.47,14.67,5486.75,Good,Medium,Restore Cold Chain Immediately
BATCH-01287,2023-03-18,Afternoon,Lemon,Citrus,SUP-017,710.91,11.45,66.36,1177.7,46.8,33.2,Yes,Zone-D,4.56,2.81,6,Sorter-X,,1031.74,4.29,2055.26,,0,0,Cancelled,69.26,0,71.02,9.99,2130.6,Good,Low,Quality Re-inspection Required
BATCH-01288,2020-12-14,Morning,Pineapple,Fruits,SUP-004,165.84,14.64,74.03,541.2,267.2,13.5,Yes,Zone-A,7.8,1.22,1,Washer-1,3122.33,2521.01,5.82,1677.03,89.16,0,1,Partial,69.19,0,17.86,10.77,803.7,Good,Medium,Reduce Storage Temperature
BATCH-01289,2020-03-02,Morning,Strawberry,Berries,SUP-015,341.73,19.46,67.5,1535.7,249.1,40.8,Yes,Zone-C,9.57,2.97,2,Conveyor-A,2131.11,383.44,2.79,6115.44,67.57,0,0,Fulfilled,76.43,0,44.94,13.15,3595.2,Good,Medium,Reduce Storage Temperature
BATCH-01290,2022-06-29,Afternoon,Strawberry,Berries,SUP-011,1837.92,9.83,73.41,,173.6,56.9,Yes,Zone-B,8.97,47.0568850972756,4,Packer-Z,,2750.69,4.57,3345.21,54.24,0,0,Delayed,78.84,3,215.96,11.75,17276.8,Good,Medium,Monitor & Maintain
BATCH-01291,2022-04-01,Afternoon,Leafy Greens,Vegetables,SUP-003,1037.73,,51.21,426.8,84.4,13.0,No,Zone-A,2.92,1.83,6,Conveyor-A,2731.41,2537.6,6.41,6814.66,99.32,1,0,Fulfilled,83.57,1,159.4,15.36,2391.0,Bad,Medium,Restore Cold Chain Immediately
BATCH-01292,2021-08-10,Afternoon,Potato,Root Vegetables,SUP-003,961.79,8.66,46.74,1338.6,419.0,59.8,No,Zone-D,1.31,1.52,1,Packer-Z,2406.76,2242.01,2.65,2734.67,82.13,0,1,Fulfilled,82.18,2,164.75,17.13,2965.5,Bad,Medium,Restore Cold Chain Immediately
BATCH-01293,2022-07-29,Night,Banana,Fruits,SUP-016,172.29,16.88,51.16,1163.1,438.2,39.4,Yes,Zone-C,3.24,1.7,6,Conveyor-A,,861.45,7.62,5061.79,85.45,1,0,Partial,71.39,1,26.86,15.59,537.2,Bad,Medium,Reduce Storage Temperature
BATCH-01294,2022-03-14,Morning,Potato,Root Vegetables,SUP-005,1484.41,4.81,57.86,,270.3,65.7,Yes,Zone-B,4.65,2.56,6,Conveyor-B,3195.57,2173.38,5.45,2295.67,87.83,0,0,Partial,68.06,3,121.28,8.17,2183.04,Good,Low,Quality Re-inspection Required
BATCH-01295,2020-12-31,Afternoon,Onion,Root Vegetables,SUP-010,1103.33,8.19,56.4,1123.2,122.1,31.6,Yes,Zone-D,3.92,5.98,6,Packer-Z,,1372.43,8.69,3999.63,80.65,0,0,Fulfilled,,1,99.96,9.06,2199.12,Good,Low,Expedite Processing
BATCH-01296,2021-08-03,Morning,Potato,Root Vegetables,SUP-019,483.95,15.05,72.68,1213.9,48.1,55.4,Yes,Zone-B,7.85,,5,Packer-Z,3124.8,1937.9,8.55,6784.79,73.55,0,1,Fulfilled,83.4,1,66.64,13.77,1199.52,Good,Medium,Reduce Storage Temperature
BATCH-01297,2021-09-17,Morning,Onion,Root Vegetables,SUP-004,309.14,,65.52,1461.3,434.3,59.6,No,Zone-A,2.95,2.84,2,Sorter-X,4494.19,1006.41,5.2,5194.5,99.23,0,1,Fulfilled,74.06,2,43.37,14.03,954.14,Good,Medium,Restore Cold Chain Immediately
BATCH-01298,2023-07-09,Night,Onion,Root Vegetables,SUP-019,828.44,7.21,46.75,1320.8,48.0,66.9,No,Zone-D,8.66,2.07,3,Conveyor-A,,2523.99,2.36,5666.67,86.38,0,0,Partial,60.91,3,137.94,16.65,3034.68,Bad,Medium,Restore Cold Chain Immediately
BATCH-01299,2023-11-03,Morning,Lemon,Citrus,SUP-011,1690.61,13.55,46.57,1090.5,6.6,73.2,Yes,Zone-D,2.64,2.38,3,Packer-Z,4403.33,217.67,7.5,2972.89,92.29,0,0,Fulfilled,55.26,0,276.92,16.38,8307.6,Bad,Medium,Prioritize Dispatch
BATCH-01300,2023-07-27,Afternoon,Tomato,Vegetables,SUP-002,1744.06,5.35,49.08,1389.5,234.7,14.8,Yes,Zone-A,3.93,1.12,6,Packer-Z,767.4,2105.23,4.48,7021.18,71.98,0,0,Partial,56.31,0,100.11,5.74,2502.75,Good,Low,Quality Re-inspection Required
BATCH-01301,2022-11-15,Afternoon,Lemon,Citrus,SUP-010,1245.41,,60.89,,365.6,92.7,Yes,Zone-D,4.75,5.79,1,Conveyor-A,1931.57,2503.03,6.15,5282.43,95.24,0,0,Fulfilled,93.17,1,136.62,10.97,4098.6,Good,Medium,Expedite Processing
BATCH-01302,2022-05-04,Morning,Onion,Root Vegetables,SUP-011,1482.32,10.75,45.28,760.2,228.8,81.3,No,Zone-D,3.27,1.31,6,Conveyor-A,1934.2,1974.64,1.52,2275.19,,0,0,Fulfilled,75.14,0,256.29,17.29,5638.38,Bad,Medium,Restore Cold Chain Immediately
BATCH-01303,2022-10-03,Morning,Pineapple,Fruits,SUP-020,318.8,9.6,67.23,542.1,25.7,54.9,Yes,Zone-D,7.78,,5,Washer-1,3456.7,656.78,6.5,1750.36,87.31,1,0,Fulfilled,83.93,3,38.57,12.1,1735.65,Good,Medium,Activate Backup Supplier
BATCH-01304,2023-10-03,Night,Strawberry,Berries,SUP-016,1217.44,3.91,61.23,1277.7,345.0,85.7,Yes,Zone-A,4.39,2.28,5,Sorter-X,2518.77,926.44,4.05,1752.51,54.35,0,0,Cancelled,95.88,2,93.74,7.7,7499.2,Good,Low,Prioritize Dispatch
BATCH-01305,2020-12-30,Afternoon,Onion,Root Vegetables,SUP-019,1367.23,,69.99,1574.3,321.2,37.9,Yes,Zone-A,8.93,0.28,6,Packer-Z,3998.63,1593.23,3.67,1957.54,80.87,0,0,Partial,60.56,3,170.49,12.47,3750.78,Good,Medium,Reduce Storage Temperature
BATCH-01306,2022-02-20,Afternoon,Lemon,Citrus,SUP-011,481.35,,77.44,540.0,340.8,5.2,No,Zone-B,9.65,0.78,3,Conveyor-A,2229.94,1055.4,9.81,6956.49,66.76,1,0,Partial,74.7,0,55.07,11.44,1652.1,Good,Medium,Restore Cold Chain Immediately
BATCH-01307,2022-10-03,Morning,Pineapple,Fruits,SUP-014,1772.29,15.5,56.29,918.0,105.6,70.3,Yes,Zone-A,8.67,0.52,5,Packer-Z,1497.23,114.26,4.61,3742.18,83.45,0,0,Partial,78.72,0,204.35,11.53,9195.75,Good,Medium,Reduce Storage Temperature
BATCH-01308,2022-09-18,Morning,Lemon,Citrus,SUP-002,470.49,3.29,52.07,474.7,397.8,90.7,Yes,Zone-D,5.46,1.55,4,Washer-1,1809.28,217.97,6.94,3392.73,78.41,0,0,Cancelled,,2,30.53,6.49,915.9,Good,Low,Prioritize Dispatch
BATCH-01309,2021-01-03,Morning,Potato,Root Vegetables,SUP-005,695.61,10.41,57.51,1331.8,239.6,17.2,Yes,Zone-A,5.34,0.85,1,Washer-1,1321.11,2326.53,6.46,4080.13,55.56,1,0,Fulfilled,98.72,3,39.23,5.64,706.14,Good,Low,Activate Backup Supplier
BATCH-01310,2022-05-06,Afternoon,Orange,Fruits,SUP-005,1279.06,5.16,,1538.5,268.2,62.5,Yes,Zone-D,2.55,0.35,1,Packer-Z,1390.52,342.75,1.49,4039.61,76.5,0,0,Partial,86.31,1,88.77,6.94,3106.95,Good,Low,Monitor & Maintain
BATCH-01311,2023-03-08,Morning,Leafy Greens,Vegetables,SUP-019,1312.87,4.54,50.4,998.8,272.9,78.5,No,Zone-D,6.13,,5,Sorter-X,,2791.26,7.61,3045.65,72.56,0,0,Partial,83.24,1,180.78,13.77,2711.7,Good,Medium,Restore Cold Chain Immediately
BATCH-01312,2021-11-24,Night,Banana,Fruits,SUP-012,1428.83,4.27,78.79,891.4,143.4,87.1,Yes,Zone-D,9.55,1.26,3,Conveyor-B,572.43,1383.94,3.57,2193.52,88.82,1,1,Partial,95.49,3,186.89,13.08,3737.8,Good,Medium,Prioritize Dispatch
BATCH-01313,2023-03-04,Night,Lemon,Citrus,SUP-018,312.82,10.15,55.03,1489.3,125.1,28.0,Yes,Zone-A,1.27,1.21,6,Packer-Z,3722.4,2298.74,8.09,2291.12,75.13,0,1,Delayed,91.84,3,27.25,8.71,817.5,Good,Low,Monitor & Maintain
BATCH-01314,2021-06-09,Morning,Banana,Fruits,SUP-004,1713.98,11.28,89.74,560.1,2.4,14.1,Yes,Zone-D,7.65,4.35,4,Washer-1,2298.21,463.96,6.27,5141.29,74.06,0,0,Partial,93.06,3,116.55,6.8,2331.0,Good,Low,Monitor & Maintain
BATCH-01315,2023-10-02,Night,Mango,Fruits,SUP-017,1112.41,4.4,52.55,1469.9,198.3,25.3,Yes,Zone-B,8.76,35.805009689248074,4,Sorter-X,602.02,2786.87,3.51,3965.61,85.97,0,0,Delayed,55.12,2,73.09,6.57,4385.4,Good,Low,Quality Re-inspection Required
BATCH-01316,2022-02-18,Night,Lemon,Citrus,SUP-010,995.51,,80.49,870.6,242.6,56.3,No,Zone-C,9.87,2.48,6,Conveyor-A,2165.03,198.05,3.88,6903.27,83.43,0,0,Fulfilled,77.64,1,182.68,18.35,5480.4,Bad,High,Restore Cold Chain Immediately
BATCH-01317,2022-05-20,Night,Orange,Fruits,SUP-020,1964.09,6.64,76.73,1071.3,371.4,88.4,Yes,Zone-C,3.68,0.8,4,Sorter-X,4574.16,222.2,7.45,4354.31,99.59,0,0,Fulfilled,89.44,1,177.55,9.04,6214.25,Good,Low,Prioritize Dispatch
BATCH-01318,2020-02-15,Night,Banana,Fruits,SUP-006,1506.72,10.26,59.5,1034.0,33.3,56.8,No,Zone-B,3.88,1.65,2,Sorter-X,2800.6,258.3,5.73,4585.29,,0,0,Fulfilled,62.98,1,256.9,17.05,5138.0,Bad,Medium,Restore Cold Chain Immediately
BATCH-01319,2020-09-05,Night,Onion,Root Vegetables,SUP-014,324.21,,59.88,1139.2,462.0,88.4,Yes,Zone-C,2.68,2.59,5,Packer-Z,4940.38,399.88,6.85,7053.1,84.42,1,1,Delayed,88.06,1,43.51,13.42,957.22,Good,Medium,Prioritize Dispatch
BATCH-01320,2022-07-13,Afternoon,Lemon,Citrus,SUP-011,1537.42,10.89,70.36,1530.5,132.0,74.4,Yes,Zone-B,8.0,0.7,4,Sorter-X,2929.82,1511.81,2.0,4574.53,58.36,0,1,Fulfilled,55.4,2,182.49,11.87,5474.7,Good,Medium,Prioritize Dispatch
BATCH-01321,2021-09-05,Morning,Tomato,Vegetables,SUP-011,280.97,15.61,83.36,1541.4,183.4,58.2,Yes,Zone-A,1.83,2.33,5,Conveyor-A,,2386.0,7.98,4576.52,90.23,0,0,Partial,80.31,1,33.88,12.06,847.0,Good,Medium,Reduce Storage Temperature
BATCH-01322,2022-01-11,Night,Leafy Greens,Vegetables,SUP-018,152.19,11.38,62.38,1397.4,24.2,4.0,Yes,Zone-C,3.04,1.68,3,Packer-Z,1408.1,926.35,3.54,3769.98,89.31,1,0,Fulfilled,92.46,3,13.03,8.56,195.45,Good,Low,Activate Backup Supplier
BATCH-01323,2020-04-01,Morning,Orange,Fruits,SUP-018,866.89,7.14,47.75,,326.6,33.3,Yes,Zone-B,3.3,1.14,3,Washer-1,1804.71,2262.75,6.39,5787.49,86.29,0,0,Delayed,73.98,1,76.2,8.79,2667.0,Good,Low,Monitor & Maintain
BATCH-01324,2023-05-02,Night,Banana,Fruits,SUP-011,1987.8,6.47,61.85,800.2,354.5,7.4,Yes,Zone-B,4.06,2.5,6,Conveyor-A,3649.87,2344.78,1.59,3938.84,,0,0,Fulfilled,87.54,2,91.64,4.61,1832.8,Good,Low,Monitor & Maintain
BATCH-01325,2023-02-19,Afternoon,Orange,Fruits,SUP-012,432.28,15.66,,985.4,464.4,32.3,Yes,Zone-D,4.51,0.76,3,Packer-Z,4940.7,2734.0,3.55,5078.15,99.38,0,0,Partial,,0,52.35,12.11,1832.25,Good,Medium,Reduce Storage Temperature
BATCH-01326,2020-09-27,Afternoon,Pineapple,Fruits,SUP-005,1378.02,4.13,87.26,1486.6,168.4,7.9,No,Zone-A,5.81,2.51,2,Packer-Z,4213.84,533.12,6.66,4259.37,97.13,0,0,Partial,83.48,2,123.61,8.97,5562.45,Good,Low,Restore Cold Chain Immediately
BATCH-01327,2022-07-15,Night,Leafy Greens,Vegetables,SUP-009,429.45,8.66,76.38,1025.0,128.7,17.8,Yes,Zone-B,9.51,1.6,3,Conveyor-B,,493.05,3.1,4732.01,68.5,0,0,Fulfilled,77.73,1,27.01,6.29,405.15,Good,Low,Monitor & Maintain
BATCH-01328,2023-04-09,Night,Onion,Root Vegetables,SUP-009,1477.1,4.73,47.29,1572.9,363.0,40.6,Yes,Zone-C,2.85,0.56,5,Conveyor-A,883.19,454.08,8.86,6465.03,78.87,0,1,Partial,75.94,2,97.49,6.6,2144.78,Good,Low,Monitor & Maintain
BATCH-01329,2022-07-24,Night,Lemon,Citrus,SUP-010,1060.17,6.64,,1580.6,353.4,50.4,No,Zone-D,7.9,2.21,1,Sorter-X,2139.71,1142.0,6.78,4063.79,94.44,0,0,Fulfilled,92.03,2,131.57,12.41,3947.1,Good,Medium,Restore Cold Chain Immediately
BATCH-01330,2021-03-29,Afternoon,Lemon,Citrus,SUP-019,1391.95,4.75,47.26,1118.3,468.6,22.4,No,Zone-D,6.93,4.32,1,Conveyor-A,888.92,1519.3,8.77,2996.75,74.73,0,0,Delayed,59.08,2,211.99,15.23,6359.7,Bad,Medium,Restore Cold Chain Immediately
BATCH-01331,2022-08-15,Afternoon,Lemon,Citrus,SUP-001,485.46,17.96,82.35,1453.0,102.7,70.9,Yes,Zone-D,1.6,45.2853089451561,5,Conveyor-A,1900.77,1438.67,4.26,4973.56,79.96,0,0,Fulfilled,80.72,2,71.95,14.82,2158.5,Good,Medium,Reduce Storage Temperature
BATCH-01332,2020-11-03,Morning,Leafy Greens,Vegetables,SUP-007,1516.69,15.17,85.78,1599.1,352.6,57.5,No,Zone-A,8.2,3.35,1,Conveyor-B,1664.56,845.44,0.82,7106.93,80.16,0,0,Partial,60.05,3,313.5,20.67,4702.5,Bad,High,Restore Cold Chain Immediately
BATCH-01333,2021-04-09,Afternoon,Tomato,Vegetables,SUP-004,1991.68,12.1,50.05,1419.7,33.4,67.0,Yes,Zone-B,1.36,0.82,4,Sorter-X,2248.5,1903.74,5.97,5687.56,82.46,0,0,Fulfilled,79.76,0,175.07,8.79,4376.75,Good,Low,Monitor & Maintain
BATCH-01334,2020-12-16,Night,Mango,Fruits,SUP-001,1364.74,6.04,,1188.3,240.2,70.9,No,Zone-A,7.52,3.44,1,Conveyor-B,4267.74,1080.99,3.72,3451.59,78.78,0,0,Fulfilled,97.4,2,160.08,11.73,9604.8,Good,Medium,Restore Cold Chain Immediately
BATCH-01335,2022-03-24,Morning,Strawberry,Berries,SUP-015,1037.61,11.18,86.93,1414.2,59.7,70.3,Yes,Zone-B,7.3,0.11,2,Conveyor-B,1176.7,1161.64,4.76,7254.99,70.3,1,0,Fulfilled,57.51,1,154.81,14.92,12384.8,Good,Medium,Activate Backup Supplier
BATCH-01336,2020-06-07,Afternoon,Potato,Root Vegetables,SUP-008,1854.03,11.37,,,326.6,90.0,No,Zone-D,7.05,0.01,3,Conveyor-B,1877.29,406.04,6.97,3651.19,76.97,0,0,Partial,73.57,3,317.41,17.12,5713.38,Bad,Medium,Restore Cold Chain Immediately
BATCH-01337,2023-09-24,Afternoon,Banana,Fruits,SUP-012,130.12,28.85764210717821,,1161.8,300.7,24.3,Yes,Zone-C,3.13,0.24,1,Conveyor-A,1675.03,1817.47,7.16,7372.71,93.57,0,0,Partial,90.29,0,10.67,8.2,213.4,Good,Low,Monitor & Maintain
BATCH-01338,2021-05-01,Night,Tomato,Vegetables,SUP-018,1486.85,3.08,,659.8,24.4,27.4,Yes,Zone-C,5.95,4.14,1,Conveyor-B,1832.64,2000.31,0.76,2775.46,93.21,1,0,Fulfilled,71.27,3,150.32,10.11,3758.0,Good,Medium,Activate Backup Supplier
BATCH-01339,2020-11-15,Morning,Onion,Root Vegetables,SUP-015,1788.62,19.51,46.35,539.3,159.8,10.9,Yes,Zone-A,7.73,1.53,6,Washer-1,2122.81,2298.06,7.81,7467.96,88.63,1,0,Delayed,77.89,2,260.42,14.56,5729.24,Good,Medium,Reduce Storage Temperature
BATCH-01340,2021-12-25,Afternoon,Banana,Fruits,SUP-017,217.18,10.38,46.63,1471.4,197.5,57.7,Yes,Zone-D,6.56,1.8,2,Sorter-X,1599.4,2721.63,5.19,2101.01,70.71,0,0,Fulfilled,60.05,1,23.33,10.74,466.6,Good,Medium,Quality Re-inspection Required
BATCH-01341,2021-02-08,Afternoon,Lemon,Citrus,SUP-014,955.12,18.68,87.88,1167.6,124.0,39.1,Yes,Zone-B,8.14,3.69,6,Sorter-X,4741.62,2321.41,5.79,5803.92,89.3,0,1,Fulfilled,,1,159.31,16.68,4779.3,Bad,Medium,Reduce Storage Temperature
BATCH-01342,2022-02-19,Night,Orange,Fruits,SUP-014,488.97,2.18,70.7,,19.3,48.6,Yes,Zone-A,7.03,0.1,2,Conveyor-B,2390.46,783.66,3.33,5961.97,69.39,1,0,Fulfilled,,3,38.97,7.97,1363.95,Good,Low,Activate Backup Supplier
BATCH-01343,2021-05-23,Morning,Onion,Root Vegetables,SUP-018,1176.38,6.46,58.8,864.1,159.4,18.0,Yes,Zone-D,3.11,0.98,1,Conveyor-A,1013.51,783.4,4.5,5608.33,83.2,0,0,Fulfilled,91.46,1,44.0,3.74,968.0,Good,Low,Monitor & Maintain
BATCH-01344,2020-07-11,Morning,Banana,Fruits,SUP-020,1334.13,3.87,62.04,1567.9,396.3,63.0,Yes,Zone-A,1.95,2.06,4,Packer-Z,2604.46,2753.75,7.25,6177.9,78.37,0,0,Fulfilled,83.44,1,89.52,6.71,1790.4,Good,Low,Monitor & Maintain
BATCH-01345,2021-01-23,Morning,Lemon,Citrus,SUP-018,674.98,15.85,77.17,1434.6,180.1,60.2,Yes,Zone-C,6.5,1.04,1,Packer-Z,1329.94,2391.39,7.88,4401.35,65.0,0,1,Fulfilled,,0,91.26,13.52,2737.8,Good,Medium,Reduce Storage Temperature
BATCH-01346,2021-10-02,Morning,Banana,Fruits,SUP-016,973.97,7.76,,418.7,161.7,26.9,Yes,Zone-D,7.72,0.07,4,Conveyor-A,1472.59,2368.51,4.18,1974.4,72.64,0,0,Fulfilled,81.65,1,41.49,4.26,829.8,Good,Low,Monitor & Maintain
BATCH-01347,2020-02-14,Night,Orange,Fruits,SUP-001,630.75,17.13,55.25,1575.8,470.9,45.7,Yes,Zone-A,1.85,2.11,6,Conveyor-B,,2187.17,7.07,3738.55,91.52,1,0,Delayed,90.65,1,84.46,13.39,2956.1,Good,Medium,Reduce Storage Temperature
BATCH-01348,2023-01-30,Afternoon,Lemon,Citrus,SUP-011,801.84,,49.58,842.2,20.8,86.1,Yes,Zone-B,2.16,0.99,3,Conveyor-B,1061.42,874.89,2.95,5391.85,95.64,0,0,Fulfilled,98.25,3,93.01,11.6,2790.3,Good,Medium,Reduce Storage Temperature
BATCH-01349,2022-06-26,Afternoon,Mango,Fruits,SUP-015,403.13,14.02,77.8,1234.5,383.6,74.7,Yes,Zone-C,0.61,,5,Washer-1,3745.04,2557.49,8.4,5414.7,60.26,0,0,Fulfilled,58.64,3,61.2,15.18,3672.0,Bad,Medium,Reduce Storage Temperature
BATCH-01350,2022-05-27,Morning,Tomato,Vegetables,SUP-012,1782.56,13.98,53.13,1255.2,241.5,23.3,Yes,Zone-B,5.55,0.37,3,Packer-Z,,514.37,6.29,2794.08,72.81,0,0,Fulfilled,76.1,3,147.06,8.25,3676.5,Good,Low,Monitor & Maintain
BATCH-01351,2022-03-08,Morning,Pineapple,Fruits,SUP-008,119.02,14.6,48.13,1494.0,472.2,84.6,No,Zone-A,5.65,0.49,1,Packer-Z,2274.28,1115.05,7.86,3129.96,71.68,0,0,Fulfilled,63.36,1,24.26,20.38,1091.7,Bad,High,Restore Cold Chain Immediately
BATCH-01352,2022-05-11,Morning,Potato,Root Vegetables,SUP-020,1776.58,14.13,64.21,1462.1,196.7,8.3,Yes,Zone-D,5.25,1.43,1,Sorter-X,3600.47,1104.78,5.03,4487.72,,0,0,Fulfilled,75.47,3,171.08,9.63,3079.44,Good,Low,Reduce Storage Temperature
BATCH-01353,2023-09-26,Afternoon,Leafy Greens,Vegetables,SUP-006,1186.19,8.96,46.78,738.1,354.0,40.9,Yes,Zone-C,3.5,,4,Conveyor-B,2250.29,1724.38,2.68,5893.23,98.83,0,0,Partial,76.98,1,79.71,6.72,1195.65,Good,Low,Monitor & Maintain
BATCH-01354,2020-01-13,Afternoon,Potato,Root Vegetables,SUP-003,730.15,,88.42,1172.2,35.0,9.5,Yes,Zone-B,4.56,0.9,2,Conveyor-A,1238.35,1443.99,4.58,6614.76,75.94,0,0,Partial,82.36,0,67.9,9.3,1222.2,Good,Low,Reduce Storage Temperature
BATCH-01355,2020-03-10,Morning,Onion,Root Vegetables,SUP-013,1473.81,18.15,73.23,872.4,464.4,88.9,Yes,Zone-B,7.78,2.78,6,Conveyor-B,2287.26,1433.44,4.12,2162.48,91.5,0,0,Fulfilled,,2,258.95,17.57,5696.9,Bad,Medium,Reduce Storage Temperature
BATCH-01356,2020-10-06,Night,Potato,Root Vegetables,SUP-013,1064.73,7.99,51.87,1030.7,172.3,5.8,Yes,Zone-D,2.23,,6,Conveyor-B,3006.44,1705.36,3.66,7037.85,83.2,0,0,Fulfilled,69.29,2,41.42,3.89,745.56,Good,Low,Quality Re-inspection Required
BATCH-01357,2020-09-01,Afternoon,Lemon,Citrus,SUP-002,1048.31,19.01,,1065.6,262.0,16.2,No,Zone-A,2.41,3.17,6,Washer-1,684.47,1304.71,2.52,7050.12,55.36,0,0,Partial,56.9,2,211.86,20.21,6355.8,Bad,High,Restore Cold Chain Immediately
BATCH-01358,2020-09-21,Afternoon,Mango,Fruits,SUP-005,309.27,2.24,70.64,875.6,69.2,88.0,No,Zone-B,6.84,,4,Conveyor-A,3445.18,824.95,7.71,1706.1,84.78,1,0,Partial,56.53,3,64.85,20.97,3891.0,Bad,High,Restore Cold Chain Immediately
BATCH-01359,2022-09-08,Morning,Pineapple,Fruits,SUP-017,840.08,8.28,61.05,956.7,472.8,56.7,Yes,Zone-A,8.74,1.56,2,Washer-1,,2025.95,1.32,4602.24,82.35,0,1,Fulfilled,62.7,0,98.29,11.7,4423.05,Good,Medium,Quality Re-inspection Required
BATCH-01360,2021-11-01,Night,Tomato,Vegetables,SUP-006,558.02,4.38,,650.0,336.5,76.7,Yes,Zone-A,3.73,1.6,2,Washer-1,4369.87,2392.84,8.93,5071.31,87.92,0,0,Fulfilled,74.76,2,53.29,9.55,1332.25,Good,Low,Prioritize Dispatch
BATCH-01361,2023-12-18,Morning,Tomato,Vegetables,SUP-002,129.82,4.28,69.56,1129.2,27.0,3.5,Yes,Zone-A,9.36,6.13,2,Washer-1,962.47,1489.09,2.16,4877.08,53.72,1,1,Partial,73.37,1,11.76,9.06,294.0,Good,Low,Expedite Processing
BATCH-01362,2020-11-27,Morning,Orange,Fruits,SUP-004,784.19,16.68,64.5,1310.8,77.6,41.4,Yes,Zone-D,1.05,4.21,2,Washer-1,500.42,1983.5,9.81,5237.63,,0,0,Fulfilled,,0,91.51,11.67,3202.85,Good,Medium,Reduce Storage Temperature
BATCH-01363,2021-03-29,Night,Leafy Greens,Vegetables,SUP-011,270.66,18.53,88.33,915.7,199.9,94.5,No,Zone-A,1.63,2.1,1,Conveyor-B,829.7,1652.55,9.89,4584.47,88.46,0,0,Delayed,91.18,3,54.78,20.24,821.7,Bad,High,Restore Cold Chain Immediately
BATCH-01364,2023-12-07,Night,Banana,Fruits,SUP-008,587.98,16.0,62.58,1573.2,108.4,56.5,No,Zone-C,4.87,1.26,5,Sorter-X,4658.53,271.09,4.28,3367.02,68.53,0,0,Fulfilled,85.07,2,94.78,16.12,1895.6,Bad,Medium,Restore Cold Chain Immediately
BATCH-01365,2023-04-29,Night,Mango,Fruits,SUP-012,275.78,19.58,63.03,,152.3,81.9,Yes,Zone-D,7.37,2.61,6,Conveyor-B,3945.0,1326.95,9.88,2216.04,,0,1,Partial,70.1,2,52.87,19.17,3172.2,Bad,High,Reduce Storage Temperature
BATCH-01366,2021-11-16,Afternoon,Banana,Fruits,SUP-008,291.79,5.89,74.96,1107.0,498.7,92.6,Yes,Zone-B,4.02,0.13,5,Washer-1,4259.46,128.57,8.76,2870.68,75.88,0,0,Fulfilled,90.07,2,26.09,8.94,521.8,Good,Low,Prioritize Dispatch
BATCH-01367,2022-03-20,Morning,Pineapple,Fruits,SUP-011,478.12,4.53,81.43,1100.3,329.3,66.4,Yes,Zone-D,5.77,5.79,3,Washer-1,2826.56,2019.45,1.28,5960.88,50.05,0,0,Partial,98.53,0,49.53,10.36,2228.85,Good,Medium,Expedite Processing
BATCH-01368,2023-05-16,Afternoon,Potato,Root Vegetables,SUP-020,1999.71,11.37,73.18,,461.1,32.8,Yes,Zone-B,0.77,1.59,3,Sorter-X,,1573.67,9.5,3060.58,84.94,0,0,Fulfilled,,0,221.77,11.09,3991.86,Good,Medium,Quality Re-inspection Required
BATCH-01369,2021-12-03,Night,Tomato,Vegetables,SUP-008,104.15,16.92,76.44,669.5,217.9,31.0,No,Zone-C,4.89,1.4,3,Packer-Z,1843.28,467.81,0.9,6480.62,75.67,0,0,Fulfilled,70.95,1,17.51,16.81,437.75,Bad,Medium,Restore Cold Chain Immediately
BATCH-01370,2020-10-27,Afternoon,Pineapple,Fruits,SUP-008,1313.48,,61.78,1486.7,355.1,8.7,Yes,Zone-A,2.8,0.69,4,Conveyor-A,,1672.36,2.23,4004.27,65.85,0,1,Partial,98.69,0,43.61,3.32,1962.45,Good,Low,Monitor & Maintain
BATCH-01371,2023-04-24,Night,Potato,Root Vegetables,SUP-017,368.36,19.92,66.58,1053.4,229.8,42.2,Yes,Zone-A,5.41,0.01,3,Washer-1,4233.96,2705.44,6.05,4068.1,51.02,1,0,Fulfilled,61.07,0,64.06,17.39,1153.08,Bad,Medium,Reduce Storage Temperature
BATCH-01372,2022-02-24,Night,Tomato,Vegetables,SUP-020,1849.19,12.84,,923.7,164.1,88.0,No,Zone-A,5.5,0.13,6,Washer-1,2264.77,1087.42,1.27,6705.98,59.94,0,0,Fulfilled,58.4,1,385.74,20.86,9643.5,Bad,High,Restore Cold Chain Immediately
BATCH-01373,2020-08-11,Morning,Potato,Root Vegetables,SUP-020,277.9,19.62,75.61,898.6,259.6,46.9,Yes,Zone-A,7.66,0.61,3,Conveyor-B,1981.7,2948.87,2.04,2905.02,,0,1,Partial,77.92,2,32.88,11.83,591.84,Good,Medium,Reduce Storage Temperature
BATCH-01374,2022-01-08,Morning,Leafy Greens,Vegetables,SUP-016,1914.62,8.57,54.97,1465.8,213.7,87.6,Yes,Zone-D,5.63,1.56,3,Washer-1,3822.68,2882.2,9.56,2761.69,79.14,1,0,Fulfilled,75.61,2,258.67,13.51,3880.05,Good,Medium,Prioritize Dispatch
BATCH-01375,2021-08-26,Morning,Mango,Fruits,SUP-014,1260.76,10.24,,840.4,490.3,78.8,Yes,Zone-C,6.34,0.17,1,Washer-1,617.76,2377.4,9.95,7385.21,88.48,0,0,Partial,58.44,0,175.37,13.91,10522.2,Good,Medium,Prioritize Dispatch
BATCH-01376,2023-07-04,Afternoon,Onion,Root Vegetables,SUP-011,102.41,15.54,87.02,1431.0,248.1,94.5,Yes,Zone-B,5.53,7.15,3,Conveyor-A,4369.77,2460.02,8.08,4800.91,61.73,0,0,Fulfilled,67.76,1,18.68,18.24,410.96,Bad,High,Reduce Storage Temperature
BATCH-01377,2020-07-03,Morning,Pineapple,Fruits,SUP-007,1798.61,16.27,58.77,771.0,405.6,91.1,Yes,Zone-D,9.91,1.06,5,Conveyor-B,2508.12,1290.58,5.39,2766.93,84.89,0,0,Partial,73.43,2,267.63,14.88,12043.35,Good,Medium,Reduce Storage Temperature
BATCH-01378,2023-07-01,Night,Pineapple,Fruits,SUP-016,1091.25,6.19,53.85,1037.8,333.4,68.4,Yes,Zone-A,8.02,0.76,1,Packer-Z,2486.05,1267.37,9.05,2623.33,94.99,1,0,Partial,91.18,3,103.12,9.45,4640.4,Good,Low,Activate Backup Supplier
BATCH-01379,2022-01-17,Morning,Strawberry,Berries,SUP-013,599.07,18.74,57.07,572.6,239.8,83.9,No,Zone-A,7.68,1.49,2,Washer-1,3510.85,2867.75,1.56,6666.27,81.08,0,0,Fulfilled,86.15,3,121.67,20.31,9733.6,Bad,High,Restore Cold Chain Immediately
BATCH-01380,2021-08-13,Afternoon,Lemon,Citrus,SUP-015,1557.83,17.61,59.87,1390.0,237.1,72.3,Yes,Zone-A,6.46,0.13,4,Washer-1,3405.87,1161.97,9.46,5145.11,88.78,0,0,Fulfilled,,1,186.78,11.99,5603.4,Good,Medium,Reduce Storage Temperature
BATCH-01381,2020-08-24,Morning,Leafy Greens,Vegetables,SUP-016,1860.66,2.33,66.35,1283.2,170.9,68.1,Yes,Zone-B,5.52,3.8,1,Packer-Z,1696.88,380.93,3.84,2328.37,60.21,0,0,Fulfilled,,1,135.08,7.26,2026.2,Good,Low,Quality Re-inspection Required
BATCH-01382,2022-10-20,Morning,Leafy Greens,Vegetables,SUP-009,1019.01,4.31,,1036.1,53.5,69.3,No,Zone-B,3.78,1.23,1,Sorter-X,,542.83,8.68,6812.94,53.75,0,0,Fulfilled,68.61,0,153.26,15.04,2298.9,Bad,Medium,Restore Cold Chain Immediately
BATCH-01383,2023-09-15,Morning,Banana,Fruits,SUP-003,699.55,,,431.1,380.7,69.8,Yes,Zone-D,7.95,0.39,5,Packer-Z,4938.48,2160.16,6.85,4239.09,68.27,0,0,Fulfilled,75.38,3,75.41,10.78,1508.2,Good,Medium,Monitor & Maintain
BATCH-01384,2021-07-02,Afternoon,Potato,Root Vegetables,SUP-019,1599.0,10.3,58.18,,459.0,37.7,No,Zone-C,2.3,0.35,6,Packer-Z,2866.95,1210.64,9.62,7408.17,,0,0,Cancelled,55.33,2,248.32,15.53,4469.76,Bad,Medium,Restore Cold Chain Immediately
BATCH-01385,2020-12-18,Night,Lemon,Citrus,SUP-020,1395.39,14.75,58.31,670.2,109.0,41.8,Yes,Zone-B,0.85,0.9,6,Conveyor-B,3026.21,678.09,8.71,3297.03,84.3,1,0,Delayed,64.12,1,198.15,14.2,5944.5,Good,Medium,Reduce Storage Temperature
BATCH-01386,2022-03-21,Night,Mango,Fruits,SUP-005,1788.63,3.61,50.29,,462.8,29.6,Yes,Zone-D,7.13,46.631712088620645,3,Packer-Z,2994.43,2459.98,8.94,4732.43,97.75,1,1,Fulfilled,64.3,3,170.81,9.55,10248.6,Good,Low,Activate Backup Supplier
BATCH-01387,2023-03-08,Night,Mango,Fruits,SUP-010,1415.78,,,1427.7,116.2,15.9,Yes,Zone-B,1.88,1.08,2,Conveyor-B,2686.04,1517.15,6.5,2665.71,81.5,0,0,Fulfilled,57.69,2,170.04,12.01,10202.4,Good,Medium,Quality Re-inspection Required
BATCH-01388,2020-01-06,Morning,Leafy Greens,Vegetables,SUP-017,562.7,13.09,57.78,1323.5,265.0,45.1,Yes,Zone-D,9.09,1.82,5,Packer-Z,4753.34,1746.16,8.42,4214.69,70.56,1,0,Delayed,75.03,3,81.25,14.44,1218.75,Good,Medium,Activate Backup Supplier
BATCH-01389,2022-07-10,Morning,Mango,Fruits,SUP-015,1870.15,6.21,46.17,690.3,171.8,86.6,No,Zone-A,7.82,2.44,5,Washer-1,1601.39,546.45,7.69,2685.68,89.86,1,0,Partial,94.84,2,339.43,18.15,20365.8,Bad,High,Restore Cold Chain Immediately
BATCH-01390,2022-05-20,Afternoon,Strawberry,Berries,SUP-008,299.19,11.76,84.86,,57.3,63.2,Yes,Zone-B,6.22,2.76,1,Washer-1,985.81,658.99,2.04,3445.01,57.65,0,0,Fulfilled,55.18,3,42.43,14.18,3394.4,Good,Medium,Quality Re-inspection Required
BATCH-01391,2021-04-09,Night,Pineapple,Fruits,SUP-015,609.09,6.0,84.87,1483.9,26.4,7.3,Yes,Zone-A,3.48,1.02,2,Sorter-X,,464.98,6.66,3227.92,90.65,1,0,Fulfilled,82.65,2,18.52,3.04,833.4,Good,Low,Activate Backup Supplier
BATCH-01392,2021-10-21,Morning,Orange,Fruits,SUP-014,1088.37,4.64,54.41,,182.7,78.3,Yes,Zone-C,6.56,,5,Packer-Z,1458.67,1592.17,1.91,3304.78,,1,0,Partial,93.69,2,143.45,13.18,5020.75,Good,Medium,Prioritize Dispatch
BATCH-01393,2020-12-26,Morning,Onion,Root Vegetables,SUP-020,1174.91,12.32,52.33,1036.2,23.7,89.9,Yes,Zone-A,5.03,0.31,6,Conveyor-A,3871.2,2349.41,8.76,7294.69,57.7,0,0,Fulfilled,59.73,1,116.79,9.94,2569.38,Good,Low,Prioritize Dispatch
BATCH-01394,2023-02-27,Morning,Banana,Fruits,SUP-007,129.09,19.59,69.63,1481.5,52.1,80.0,No,Zone-C,3.27,1.44,4,Packer-Z,1417.43,2223.63,1.13,1883.37,58.11,0,0,Fulfilled,95.36,2,27.29,21.14,545.8,Bad,High,Restore Cold Chain Immediately
BATCH-01395,2022-07-15,Afternoon,Potato,Root Vegetables,SUP-012,1583.09,6.26,73.38,,71.1,70.4,No,Zone-B,9.48,0.15,4,Conveyor-A,4820.84,857.57,9.88,4546.77,99.18,0,0,Fulfilled,91.01,1,210.39,13.29,3787.02,Good,Medium,Restore Cold Chain Immediately
BATCH-01396,2022-02-16,Night,Onion,Root Vegetables,SUP-017,787.05,8.4,88.09,1044.0,1.0,16.1,Yes,Zone-C,2.04,0.56,5,Packer-Z,4060.05,2569.5,4.31,5315.92,,0,0,Fulfilled,64.44,3,44.39,5.64,976.58,Good,Low,Quality Re-inspection Required
BATCH-01397,2021-07-27,Afternoon,Potato,Root Vegetables,SUP-017,872.2,,61.98,1299.0,76.6,34.8,Yes,Zone-A,7.66,1.75,1,Conveyor-B,4634.23,406.42,2.12,5499.02,58.71,0,0,Fulfilled,,0,48.32,5.54,869.76,Good,Low,Monitor & Maintain
BATCH-01398,2021-03-01,Night,Tomato,Vegetables,SUP-010,1637.8,6.8,72.82,682.1,288.6,55.1,Yes,Zone-B,8.1,2.7,4,Washer-1,4779.43,430.74,9.39,6043.91,63.43,0,0,Fulfilled,90.38,0,134.95,8.24,3373.75,Good,Low,Monitor & Maintain
BATCH-01399,2023-04-16,Night,Onion,Root Vegetables,SUP-019,820.64,27.946826554001166,84.52,1454.1,409.8,9.2,Yes,Zone-D,9.54,0.2,1,Conveyor-A,879.91,2562.98,0.93,6081.21,68.6,0,0,Delayed,59.9,3,54.98,6.7,1209.56,Good,Low,Quality Re-inspection Required
BATCH-01400,2021-10-21,Morning,Orange,Fruits,SUP-014,189.73,,65.25,1037.7,96.7,12.0,Yes,Zone-B,5.72,0.46,3,Conveyor-A,2450.25,808.82,4.97,7211.47,52.79,1,0,Partial,91.55,1,22.96,12.1,803.6,Good,Medium,Reduce Storage Temperature
BATCH-01401,2022-01-02,Morning,Leafy Greens,Vegetables,SUP-011,435.24,2.7,50.51,1124.2,40.4,89.8,Yes,Zone-D,5.58,9.63,3,Packer-Z,3416.45,2153.54,7.82,6050.43,55.42,0,0,Fulfilled,78.86,0,40.87,9.39,613.05,Good,Low,Expedite Processing
BATCH-01402,2022-01-30,Morning,Strawberry,Berries,SUP-002,1916.22,19.23,61.99,507.9,364.8,68.1,No,Zone-A,9.24,0.82,1,Washer-1,4111.05,126.33,3.51,6445.63,88.09,0,0,Fulfilled,90.9,0,334.57,17.46,26765.6,Bad,Medium,Restore Cold Chain Immediately
BATCH-01403,2021-10-16,Morning,Pineapple,Fruits,SUP-018,233.77,2.83,51.15,771.4,4.1,27.9,Yes,Zone-B,8.11,0.67,5,Sorter-X,1586.62,371.44,5.52,4752.75,89.34,0,0,Partial,82.18,2,4.84,2.07,217.8,Good,Low,Monitor & Maintain
BATCH-01404,2021-01-08,Morning,Pineapple,Fruits,SUP-007,774.37,17.86,45.75,912.1,367.1,32.8,Yes,Zone-D,7.75,0.18,3,Conveyor-A,4615.72,1866.94,7.15,5481.08,,0,0,Fulfilled,72.24,1,73.49,9.49,3307.05,Good,Low,Reduce Storage Temperature
BATCH-01405,2020-06-24,Night,Strawberry,Berries,SUP-012,1056.04,18.1,78.82,896.7,65.6,38.1,Yes,Zone-A,8.0,2.37,6,Washer-1,1494.39,629.01,9.54,4437.9,53.38,0,0,Fulfilled,81.45,1,130.74,12.38,10459.2,Good,Medium,Reduce Storage Temperature
BATCH-01406,2020-05-23,Morning,Lemon,Citrus,SUP-002,1037.23,11.44,55.73,1333.9,114.1,9.1,Yes,Zone-C,5.19,1.42,3,Washer-1,,181.82,1.48,3265.98,94.46,0,0,Partial,82.99,2,95.94,9.25,2878.2,Good,Low,Monitor & Maintain
BATCH-01407,2023-01-10,Morning,Tomato,Vegetables,SUP-020,107.52,4.47,45.09,738.8,60.0,71.5,Yes,Zone-D,0.89,49.53469239177474,6,Conveyor-A,2807.21,1454.15,1.99,3480.76,65.86,0,0,Fulfilled,,3,8.58,7.98,214.5,Good,Low,Monitor & Maintain
BATCH-01408,2020-11-22,Afternoon,Potato,Root Vegetables,SUP-018,1052.21,,84.26,618.5,123.7,18.6,Yes,Zone-C,2.38,2.0,4,Conveyor-B,2819.4,1058.51,5.33,3754.7,66.39,0,0,Fulfilled,,0,71.23,6.77,1282.14,Good,Low,Monitor & Maintain
BATCH-01409,2020-03-22,Afternoon,Orange,Fruits,SUP-006,829.17,13.32,64.97,,399.1,77.7,Yes,Zone-B,6.61,1.49,5,Conveyor-B,2183.03,2426.55,4.48,3639.14,56.36,0,0,Delayed,84.18,2,115.84,13.97,4054.4,Good,Medium,Prioritize Dispatch
BATCH-01410,2023-03-10,Night,Mango,Fruits,SUP-010,1946.95,17.44,55.75,1138.0,66.3,81.5,Yes,Zone-D,4.26,1.66,1,Packer-Z,965.77,2474.6,4.4,4757.67,,0,0,Fulfilled,98.54,3,278.41,14.3,16704.6,Good,Medium,Reduce Storage Temperature
BATCH-01411,2020-08-12,Night,Onion,Root Vegetables,SUP-020,402.4,11.92,56.83,545.9,497.1,62.0,Yes,Zone-A,6.26,10.54,3,Packer-Z,2061.91,1881.83,3.32,3098.74,99.05,0,0,Partial,89.26,3,50.1,12.45,1102.2,Good,Medium,Expedite Processing
BATCH-01412,2022-07-01,Afternoon,Tomato,Vegetables,SUP-015,772.89,9.39,55.82,403.0,163.5,74.4,No,Zone-A,5.74,0.06,5,Washer-1,2420.32,949.8,5.83,4661.69,93.24,0,0,Fulfilled,95.07,1,107.9,13.96,2697.5,Good,Medium,Restore Cold Chain Immediately
BATCH-01413,2021-05-09,Afternoon,Onion,Root Vegetables,SUP-005,897.01,17.09,53.76,1501.2,461.0,18.2,No,Zone-C,4.67,,3,Conveyor-A,2655.59,1438.72,8.89,6983.36,54.54,0,0,Cancelled,69.06,3,170.43,19.0,3749.46,Bad,High,Restore Cold Chain Immediately
BATCH-01414,2020-07-03,Morning,Orange,Fruits,SUP-020,842.32,19.66,82.86,495.6,95.0,56.1,Yes,Zone-A,2.73,3.69,4,Conveyor-B,3825.93,2136.54,2.03,4018.65,92.08,0,0,Partial,68.91,2,121.46,14.42,4251.1,Good,Medium,Reduce Storage Temperature
BATCH-01415,2021-08-28,Morning,Banana,Fruits,SUP-003,1365.08,13.61,52.66,1477.4,93.9,65.6,No,Zone-B,7.33,1.07,5,Washer-1,2084.32,300.99,2.55,2953.57,,1,0,Cancelled,70.94,1,270.01,19.78,5400.2,Bad,High,Restore Cold Chain Immediately
BATCH-01416,2020-01-22,Night,Banana,Fruits,SUP-005,509.47,,70.28,879.1,282.7,64.2,Yes,Zone-B,9.14,4.26,2,Conveyor-B,2329.67,1064.24,6.87,3675.23,56.44,1,0,Partial,74.35,1,97.31,19.1,1946.2,Bad,High,Reduce Storage Temperature
BATCH-01417,2023-05-12,Afternoon,Tomato,Vegetables,SUP-008,520.04,12.78,48.48,1183.7,25.3,13.0,No,Zone-C,7.81,2.09,4,Conveyor-A,,2484.87,1.03,6754.72,63.09,0,0,Fulfilled,97.3,0,73.48,14.13,1837.0,Good,Medium,Restore Cold Chain Immediately
BATCH-01418,2022-01-19,Night,Leafy Greens,Vegetables,SUP-008,1485.5,14.42,87.73,622.7,400.5,34.4,Yes,Zone-D,1.64,4.4,1,Conveyor-B,3886.55,1277.48,6.9,7131.26,84.46,0,0,Delayed,58.24,1,172.47,11.61,2587.05,Good,Medium,Reduce Storage Temperature
BATCH-01419,2020-07-22,Morning,Orange,Fruits,SUP-008,1050.55,33.393490611039326,72.15,1388.7,219.8,32.6,Yes,Zone-A,5.61,1.81,5,Sorter-X,,1911.54,3.49,6811.65,90.17,0,0,Partial,76.93,3,114.09,10.86,3993.15,Good,Medium,Reduce Storage Temperature
BATCH-01420,2020-12-11,Night,Orange,Fruits,SUP-012,888.8,14.69,85.64,616.2,349.6,55.8,Yes,Zone-B,8.44,,6,Packer-Z,4154.4,379.37,3.9,3329.49,92.4,0,0,Partial,62.09,3,117.41,13.21,4109.35,Good,Medium,Reduce Storage Temperature
BATCH-01421,2021-10-16,Night,Strawberry,Berries,SUP-008,421.49,7.78,62.9,863.8,87.3,73.9,Yes,Zone-D,6.11,1.72,3,Conveyor-B,4954.75,2353.43,4.35,3913.38,77.19,0,0,Fulfilled,90.68,3,29.72,7.05,2377.6,Good,Low,Prioritize Dispatch
BATCH-01422,2020-10-02,Night,Leafy Greens,Vegetables,SUP-011,456.3,12.36,81.48,685.6,321.2,55.6,Yes,Zone-B,4.68,,6,Conveyor-A,,391.35,3.82,7324.37,76.73,0,0,Fulfilled,56.37,0,57.49,12.6,862.35,Good,Medium,Quality Re-inspection Required
BATCH-01423,2021-01-27,Morning,Potato,Root Vegetables,SUP-014,120.05,12.69,83.41,1405.0,297.0,73.0,Yes,Zone-B,3.2,,5,Conveyor-A,4261.8,2598.42,8.49,3541.58,84.21,0,0,Fulfilled,75.03,2,14.92,12.43,268.56,Good,Medium,Prioritize Dispatch
BATCH-01424,2022-02-19,Night,Potato,Root Vegetables,SUP-008,273.71,7.67,76.63,,377.8,11.3,Yes,Zone-D,3.64,,1,Sorter-X,3331.28,409.14,9.49,2460.97,,1,0,Fulfilled,72.37,0,28.41,10.38,511.38,Good,Medium,Activate Backup Supplier
BATCH-01425,2023-04-30,Morning,Mango,Fruits,SUP-010,1157.99,8.3,49.18,,148.7,84.5,Yes,Zone-D,2.8,5.89,6,Conveyor-A,1751.86,2683.59,5.71,3298.97,58.53,0,0,Delayed,,2,157.83,13.63,9469.8,Good,Medium,Expedite Processing
BATCH-01426,2021-08-09,Afternoon,Pineapple,Fruits,SUP-007,1794.56,15.72,45.72,768.9,466.6,52.4,Yes,Zone-A,2.36,1.78,6,Sorter-X,3444.94,1154.93,6.03,7260.71,86.99,1,0,Fulfilled,,3,287.85,16.04,12953.25,Bad,Medium,Reduce Storage Temperature
BATCH-01427,2022-11-12,Night,Banana,Fruits,SUP-017,645.61,12.49,52.59,1328.3,480.7,5.5,Yes,Zone-C,6.09,3.18,6,Washer-1,,1911.14,1.17,4076.24,67.08,0,0,Fulfilled,90.6,2,47.58,7.37,951.6,Good,Low,Monitor & Maintain
BATCH-01428,2023-07-03,Night,Potato,Root Vegetables,SUP-004,722.72,4.69,50.31,1454.2,434.1,62.5,Yes,Zone-C,5.34,0.37,5,Conveyor-B,1767.01,2555.0,7.28,7085.85,69.19,0,0,Delayed,,3,63.67,8.81,1146.06,Good,Low,Quality Re-inspection Required
BATCH-01429,2020-11-11,Morning,Leafy Greens,Vegetables,SUP-013,319.65,17.08,77.63,1148.8,286.0,50.6,Yes,Zone-B,7.48,2.12,3,Conveyor-A,1648.98,129.7,6.05,2264.72,53.89,0,0,Fulfilled,98.27,3,38.9,12.17,583.5,Good,Medium,Reduce Storage Temperature
BATCH-01430,2023-03-24,Night,Orange,Fruits,SUP-004,838.4,,70.07,1512.9,210.1,22.7,Yes,Zone-C,3.43,2.64,6,Packer-Z,2286.16,870.51,0.98,6110.78,79.42,1,0,Fulfilled,57.57,3,124.5,14.85,4357.5,Good,Medium,Reduce Storage Temperature
BATCH-01431,2023-01-10,Morning,Potato,Root Vegetables,SUP-005,170.72,10.39,68.67,859.7,29.0,73.9,Yes,Zone-B,4.88,0.09,4,Conveyor-B,3385.16,2734.18,2.39,2202.33,54.67,0,1,Fulfilled,67.72,2,20.4,11.95,367.2,Good,Medium,Prioritize Dispatch
BATCH-01432,2021-06-05,Night,Orange,Fruits,SUP-004,1843.44,5.76,56.38,582.3,473.6,89.8,Yes,Zone-D,6.96,0.2,4,Sorter-X,1818.78,1225.71,2.42,2807.45,95.66,0,0,Partial,89.1,1,123.69,6.71,4329.15,Good,Low,Prioritize Dispatch
BATCH-01433,2023-12-15,Afternoon,Potato,Root Vegetables,SUP-018,1378.91,19.06,51.96,615.6,475.9,32.3,Yes,Zone-B,9.65,3.04,3,Conveyor-B,3000.5,2148.49,2.12,5239.55,81.05,1,0,Fulfilled,70.73,0,246.41,17.87,4435.38,Bad,Medium,Reduce Storage Temperature
BATCH-01434,2021-01-18,Afternoon,Banana,Fruits,SUP-006,1982.42,17.88,54.29,1203.8,9.3,48.4,No,Zone-A,3.81,1.16,2,Conveyor-B,4546.57,506.03,6.76,4184.32,99.51,0,0,Cancelled,76.14,3,368.93,18.61,7378.6,Bad,High,Restore Cold Chain Immediately
BATCH-01435,2021-01-07,Afternoon,Onion,Root Vegetables,SUP-002,1777.36,6.4,63.01,889.0,178.4,14.0,No,Zone-B,3.33,,2,Conveyor-A,1827.95,2067.28,9.32,5533.38,62.28,0,0,Partial,63.21,2,205.29,11.55,4516.38,Good,Medium,Restore Cold Chain Immediately
BATCH-01436,2023-02-01,Night,Potato,Root Vegetables,SUP-011,998.68,3.72,78.31,587.6,440.0,89.4,Yes,Zone-B,4.77,5.06,4,Packer-Z,4846.88,312.17,7.75,7315.49,83.98,0,0,Partial,86.48,2,114.35,11.45,2058.3,Good,Medium,Expedite Processing
BATCH-01437,2021-09-26,Night,Leafy Greens,Vegetables,SUP-014,1087.4,9.93,56.45,750.7,40.4,32.0,Yes,Zone-A,7.38,9.65,6,Washer-1,2630.07,2180.24,5.04,1966.27,,0,0,Delayed,62.9,0,133.75,12.3,2006.25,Good,Medium,Expedite Processing
BATCH-01438,2021-04-27,Afternoon,Potato,Root Vegetables,SUP-005,462.09,,76.44,1036.7,98.3,20.3,Yes,Zone-A,9.63,2.89,1,Packer-Z,954.09,1039.03,4.34,2773.35,,0,0,Fulfilled,92.34,2,24.12,5.22,434.16,Good,Low,Reduce Storage Temperature
BATCH-01439,2020-09-17,Afternoon,Pineapple,Fruits,SUP-006,977.87,5.16,67.12,545.7,489.3,47.0,Yes,Zone-C,5.6,3.15,5,Sorter-X,747.68,1450.96,4.17,5379.7,54.82,0,0,Partial,78.74,1,63.46,6.49,2855.7,Good,Low,Monitor & Maintain
BATCH-01440,2023-01-22,Morning,Banana,Fruits,SUP-010,1815.75,11.24,84.84,404.1,423.6,6.1,Yes,Zone-D,8.22,0.47,3,Packer-Z,2024.04,582.15,6.21,6868.82,81.7,1,0,Fulfilled,79.12,0,175.04,9.64,3500.8,Good,Low,Activate Backup Supplier
BATCH-01441,2023-02-22,Morning,Leafy Greens,Vegetables,SUP-008,196.62,9.66,55.48,1500.8,456.0,25.8,Yes,Zone-D,4.91,0.43,1,Packer-Z,1664.42,1920.76,3.91,6294.33,68.3,1,0,Fulfilled,96.07,2,17.81,9.06,267.15,Good,Low,Activate Backup Supplier
BATCH-01442,2022-04-07,Afternoon,Strawberry,Berries,SUP-014,1740.76,,65.29,765.8,71.1,8.4,Yes,Zone-A,0.88,,6,Sorter-X,4296.71,1078.95,2.65,4365.03,63.65,0,0,Delayed,89.01,0,186.78,10.73,14942.4,Good,Medium,Reduce Storage Temperature
BATCH-01443,2023-10-29,Afternoon,Leafy Greens,Vegetables,SUP-003,747.8,9.73,49.35,665.8,105.7,14.0,No,Zone-D,9.0,2.38,5,Packer-Z,3819.37,1211.79,6.23,5991.21,99.68,0,0,Partial,87.7,1,87.34,11.68,1310.1,Good,Medium,Restore Cold Chain Immediately
BATCH-01444,2021-04-09,Night,Pineapple,Fruits,SUP-012,1809.07,11.61,60.08,1238.2,302.7,12.5,Yes,Zone-B,3.25,2.32,4,Washer-1,,1991.36,4.21,2869.05,,0,0,Delayed,92.75,1,105.83,5.85,4762.35,Good,Low,Monitor & Maintain
BATCH-01445,2020-11-16,Afternoon,Onion,Root Vegetables,SUP-016,1887.67,19.2,67.81,1424.1,250.9,84.0,Yes,Zone-D,1.82,0.67,3,Conveyor-B,3151.64,618.7,0.63,1739.77,74.27,1,0,Cancelled,59.04,2,390.94,20.71,8600.68,Bad,High,Reduce Storage Temperature
BATCH-01446,2022-09-16,Morning,Banana,Fruits,SUP-017,1374.64,7.39,77.97,1158.7,149.3,89.5,Yes,Zone-A,9.96,4.35,1,Washer-1,2459.56,2570.83,0.71,4971.8,52.5,0,0,Fulfilled,86.95,0,176.64,12.85,3532.8,Good,Medium,Prioritize Dispatch
BATCH-01447,2023-01-12,Morning,Strawberry,Berries,SUP-001,1362.41,7.2,,705.4,441.9,46.6,No,Zone-D,3.8,0.09,5,Conveyor-B,1717.56,2243.93,3.1,6384.95,59.58,0,0,Delayed,65.26,1,179.84,13.2,14387.2,Good,Medium,Restore Cold Chain Immediately
BATCH-01448,2020-11-24,Morning,Pineapple,Fruits,SUP-010,960.23,16.39,54.81,1434.0,450.7,61.3,Yes,Zone-A,1.8,0.64,4,Conveyor-B,3123.99,1775.42,5.37,4178.31,64.94,0,0,Partial,67.36,3,148.36,15.45,6676.2,Bad,Medium,Reduce Storage Temperature
BATCH-01449,2020-04-21,Morning,Pineapple,Fruits,SUP-010,1687.53,7.0,73.42,1012.5,145.8,67.4,No,Zone-C,3.46,,4,Packer-Z,3281.11,472.17,3.87,4967.34,74.36,0,0,Cancelled,55.67,0,282.83,16.76,12727.35,Bad,Medium,Restore Cold Chain Immediately
BATCH-01450,2023-03-29,Morning,Tomato,Vegetables,SUP-002,1927.06,16.97,62.21,,77.9,38.8,No,Zone-A,5.38,,5,Conveyor-B,2268.26,2092.62,0.73,4112.87,74.86,1,0,Fulfilled,94.32,3,371.73,19.29,9293.25,Bad,High,Restore Cold Chain Immediately
BATCH-01451,2023-11-26,Morning,Banana,Fruits,SUP-009,1572.66,3.72,66.69,1125.7,74.5,36.8,Yes,Zone-B,1.34,2.51,2,Sorter-X,4714.68,152.49,2.62,4646.56,51.24,0,0,Fulfilled,87.52,3,73.76,4.69,1475.2,Good,Low,Monitor & Maintain
BATCH-01452,2022-07-30,Afternoon,Leafy Greens,Vegetables,SUP-013,1281.68,,82.63,1240.7,242.2,65.5,Yes,Zone-B,3.85,1.53,2,Washer-1,3379.8,2432.75,1.42,6798.05,97.17,0,0,Fulfilled,61.13,0,96.64,7.54,1449.6,Good,Low,Quality Re-inspection Required
BATCH-01453,2021-02-09,Morning,Orange,Fruits,SUP-016,1252.91,18.22,67.46,1112.6,66.5,37.4,Yes,Zone-B,6.85,0.01,5,Conveyor-B,4268.67,981.01,9.51,4437.99,77.14,0,0,Fulfilled,69.43,2,136.94,10.93,4792.9,Good,Medium,Reduce Storage Temperature
BATCH-01454,2023-12-26,Morning,Onion,Root Vegetables,SUP-018,1713.99,11.73,74.36,1504.3,236.7,56.6,No,Zone-A,9.2,4.14,5,Packer-Z,3291.76,439.91,3.47,1703.43,50.99,1,1,Fulfilled,76.12,1,361.31,21.08,7948.82,Bad,High,Restore Cold Chain Immediately
BATCH-01455,2023-07-28,Morning,Orange,Fruits,SUP-019,1128.29,14.94,74.55,1153.6,231.0,50.4,No,Zone-A,4.28,6.23,5,Packer-Z,1924.42,577.02,0.64,6307.12,85.07,0,0,Fulfilled,76.73,2,200.27,17.75,7009.45,Bad,Medium,Restore Cold Chain Immediately
BATCH-01456,2022-01-19,Morning,Leafy Greens,Vegetables,SUP-012,1627.33,6.06,81.16,1454.3,442.1,51.3,Yes,Zone-B,5.86,0.45,4,Packer-Z,3814.79,2893.09,6.78,5248.94,53.57,1,0,Fulfilled,81.21,0,168.92,10.38,2533.8,Good,Medium,Activate Backup Supplier
BATCH-01457,2023-04-19,Afternoon,Leafy Greens,Vegetables,SUP-008,1066.88,4.99,73.72,1104.4,148.1,80.0,Yes,Zone-D,6.54,3.69,6,Conveyor-A,1536.15,2344.11,2.71,5903.59,,0,0,Fulfilled,75.78,3,139.01,13.03,2085.15,Good,Medium,Prioritize Dispatch
BATCH-01458,2023-04-06,Night,Banana,Fruits,SUP-017,218.64,17.03,47.92,795.6,280.3,68.2,Yes,Zone-A,1.17,7.25,6,Washer-1,3184.74,789.83,5.88,6895.32,85.07,0,0,Fulfilled,83.54,3,30.85,14.11,617.0,Good,Medium,Reduce Storage Temperature
BATCH-01459,2023-09-26,Night,Leafy Greens,Vegetables,SUP-015,829.5,8.46,60.4,1038.8,371.7,92.3,Yes,Zone-D,3.75,0.79,3,Packer-Z,2310.65,2894.05,1.93,3322.9,99.25,0,0,Fulfilled,93.89,3,74.74,9.01,1121.1,Good,Low,Prioritize Dispatch
BATCH-01460,2023-05-12,Night,Tomato,Vegetables,SUP-010,944.44,10.19,89.52,,298.0,76.4,No,Zone-C,7.0,0.41,4,Sorter-X,1174.48,506.34,9.85,4582.84,67.1,0,0,Fulfilled,,2,174.06,18.43,4351.5,Bad,High,Restore Cold Chain Immediately
BATCH-01461,2022-07-28,Night,Strawberry,Berries,SUP-015,369.07,2.5,,676.2,477.0,15.7,Yes,Zone-C,7.49,7.59,4,Packer-Z,2359.58,2227.23,9.72,5160.43,57.22,0,0,Fulfilled,,2,11.92,3.23,953.6,Good,Low,Expedite Processing
BATCH-01462,2022-06-08,Morning,Leafy Greens,Vegetables,SUP-015,294.74,8.95,71.4,1319.5,301.1,71.4,No,Zone-C,3.88,0.12,2,Conveyor-A,1896.26,2004.54,6.73,3666.72,54.59,0,0,Fulfilled,64.66,3,42.94,14.57,644.1,Good,Medium,Restore Cold Chain Immediately
BATCH-01463,2021-11-13,Night,Orange,Fruits,SUP-007,1117.38,15.87,82.93,1193.8,450.9,64.6,Yes,Zone-C,0.56,0.65,5,Washer-1,1005.0,2482.28,7.22,6575.65,53.59,0,1,Fulfilled,60.34,1,145.37,13.01,5087.95,Good,Medium,Reduce Storage Temperature
BATCH-01464,2022-07-03,Night,Leafy Greens,Vegetables,SUP-013,261.77,16.78,71.4,599.8,122.5,62.7,Yes,Zone-B,0.57,2.71,4,Conveyor-B,4207.23,1206.93,4.55,5712.86,90.52,1,0,Fulfilled,65.53,0,46.2,17.65,693.0,Bad,Medium,Reduce Storage Temperature
BATCH-01465,2023-03-07,Afternoon,Tomato,Vegetables,SUP-017,675.6,14.58,61.75,925.6,280.4,47.2,Yes,Zone-A,5.61,1.92,4,Washer-1,2743.62,1265.32,9.64,5921.1,85.93,1,0,Fulfilled,64.09,2,97.83,14.48,2445.75,Good,Medium,Reduce Storage Temperature
BATCH-01466,2023-11-15,Afternoon,Potato,Root Vegetables,SUP-009,1514.73,14.46,48.61,570.4,271.7,7.9,Yes,Zone-C,5.74,2.31,5,Conveyor-B,2058.6,1911.24,4.53,6354.52,98.8,0,1,Delayed,98.34,3,106.79,7.05,1922.22,Good,Low,Reduce Storage Temperature
BATCH-01467,2021-11-13,Afternoon,Potato,Root Vegetables,SUP-008,1932.42,11.11,61.27,1427.0,494.7,91.4,Yes,Zone-B,5.78,2.46,6,Conveyor-B,2772.34,1254.8,2.77,3159.47,65.46,0,0,Partial,,3,235.18,12.17,4233.24,Good,Medium,Prioritize Dispatch
BATCH-01468,2022-04-17,Morning,Pineapple,Fruits,SUP-020,1463.95,11.69,53.19,531.0,102.3,82.1,Yes,Zone-C,7.36,2.32,3,Packer-Z,,219.92,1.6,5992.18,90.16,0,0,Cancelled,83.66,0,190.9,13.04,8590.5,Good,Medium,Prioritize Dispatch
BATCH-01469,2021-10-11,Morning,Onion,Root Vegetables,SUP-018,1985.99,15.37,88.24,1185.1,70.5,47.8,Yes,Zone-A,9.25,0.84,2,Sorter-X,582.33,2216.15,2.48,6155.82,54.65,0,0,Fulfilled,85.63,2,195.02,9.82,4290.44,Good,Low,Reduce Storage Temperature
BATCH-01470,2022-09-02,Morning,Mango,Fruits,SUP-013,1426.84,,77.18,1128.4,305.8,16.9,Yes,Zone-C,9.91,0.75,1,Sorter-X,2960.38,1958.74,5.94,6554.3,95.19,0,1,Fulfilled,74.59,1,124.85,8.75,7491.0,Good,Low,Monitor & Maintain
BATCH-01471,2022-07-08,Afternoon,Strawberry,Berries,SUP-016,658.21,6.17,78.72,967.3,111.8,79.5,Yes,Zone-C,7.16,1.12,6,Packer-Z,2656.18,1328.77,2.83,4498.4,52.59,0,1,Cancelled,64.84,2,85.24,12.95,6819.2,Good,Medium,Prioritize Dispatch
BATCH-01472,2020-01-27,Night,Lemon,Citrus,SUP-009,1376.9,,64.62,,319.6,42.5,No,Zone-D,5.38,3.3,4,Conveyor-A,4518.82,978.21,6.72,4589.34,89.39,0,0,Fulfilled,74.28,1,275.1,19.98,8253.0,Bad,High,Restore Cold Chain Immediately
BATCH-01473,2022-03-01,Afternoon,Pineapple,Fruits,SUP-012,1434.1,2.5,49.95,884.7,486.2,38.7,Yes,Zone-D,1.84,,3,Conveyor-B,3001.87,1030.1,4.13,2230.42,65.37,0,0,Fulfilled,75.85,2,98.81,6.89,4446.45,Good,Low,Expedite Processing
BATCH-01474,2020-05-09,Morning,Onion,Root Vegetables,SUP-012,806.28,4.51,57.0,1367.7,473.3,64.5,Yes,Zone-D,4.15,1.21,1,Sorter-X,1117.95,2248.98,8.93,6610.82,59.06,0,0,Delayed,96.98,2,54.83,6.8,1206.26,Good,Low,Monitor & Maintain
BATCH-01475,2020-02-08,Afternoon,Potato,Root Vegetables,SUP-006,133.66,12.27,56.69,1313.9,115.6,73.3,Yes,Zone-D,5.94,0.18,6,Washer-1,2249.07,2214.57,5.81,4759.57,85.23,0,0,Fulfilled,80.02,1,15.13,11.32,272.34,Good,Medium,Prioritize Dispatch
BATCH-01476,2023-03-01,Night,Orange,Fruits,SUP-019,1436.08,15.28,66.91,1286.6,85.4,7.9,Yes,Zone-C,10.0,5.57,6,Conveyor-A,3294.81,2474.86,6.41,5113.67,94.79,1,0,Partial,97.67,2,172.33,12.0,6031.55,Good,Medium,Reduce Storage Temperature
BATCH-01477,2021-01-12,Morning,Lemon,Citrus,SUP-007,141.23,11.68,65.74,1299.8,280.4,74.2,Yes,Zone-C,1.71,0.17,5,Packer-Z,706.7,2310.32,5.79,2365.57,88.21,1,0,Fulfilled,80.38,3,15.14,10.72,454.2,Good,Medium,Prioritize Dispatch
BATCH-01478,2021-05-12,Night,Onion,Root Vegetables,SUP-003,1299.26,8.39,64.5,572.7,293.4,71.0,No,Zone-D,8.03,0.35,1,Conveyor-A,4480.92,2298.04,8.91,5156.59,65.65,0,0,Fulfilled,61.38,3,211.26,16.26,4647.72,Bad,Medium,Restore Cold Chain Immediately
BATCH-01479,2020-04-03,Night,Onion,Root Vegetables,SUP-016,410.87,19.6,67.32,518.9,331.1,57.4,Yes,Zone-A,9.99,,5,Sorter-X,805.02,830.14,1.1,1903.95,,0,0,Fulfilled,71.91,2,53.74,13.08,1182.28,Good,Medium,Reduce Storage Temperature
BATCH-01480,2020-09-19,Morning,Pineapple,Fruits,SUP-018,1174.65,14.67,89.42,,370.7,33.8,Yes,Zone-B,8.15,1.6,6,Packer-Z,637.66,394.68,1.14,7023.84,,0,0,Fulfilled,89.86,1,88.57,7.54,3985.65,Good,Low,Reduce Storage Temperature
BATCH-01481,2023-01-22,Night,Lemon,Citrus,SUP-016,1057.43,16.97,,1404.6,300.5,17.5,No,Zone-C,7.79,0.87,6,Sorter-X,,2309.08,7.17,6677.15,91.2,0,0,Delayed,73.55,2,188.65,17.84,5659.5,Bad,Medium,Restore Cold Chain Immediately
BATCH-01482,2021-12-21,Afternoon,Banana,Fruits,SUP-007,125.68,2.72,72.69,1217.6,55.9,11.6,Yes,Zone-D,2.96,5.34,6,Conveyor-B,3576.85,385.99,7.8,2788.98,55.35,0,0,Partial,59.39,3,8.08,6.43,161.6,Good,Low,Expedite Processing
BATCH-01483,2023-07-09,Night,Mango,Fruits,SUP-004,789.45,6.25,55.78,1127.1,395.1,2.1,No,Zone-B,0.53,6.46,3,Conveyor-A,2551.64,2948.12,4.62,5109.98,95.16,0,0,Fulfilled,59.23,3,130.89,16.58,7853.4,Bad,Medium,Restore Cold Chain Immediately
BATCH-01484,2021-08-02,Night,Banana,Fruits,SUP-008,1242.07,8.74,66.0,840.2,39.8,21.4,No,Zone-D,2.65,0.8,6,Conveyor-B,962.68,2637.76,3.85,5161.68,80.06,1,0,Partial,65.43,3,219.72,17.69,4394.4,Bad,Medium,Restore Cold Chain Immediately
BATCH-01485,2021-01-27,Night,Lemon,Citrus,SUP-013,1712.35,5.29,54.0,668.9,10.0,40.7,Yes,Zone-D,8.0,4.06,1,Washer-1,4352.94,1647.04,3.14,6327.94,79.44,0,0,Partial,79.85,0,107.36,6.27,3220.8,Good,Low,Monitor & Maintain
BATCH-01486,2021-05-22,Afternoon,Banana,Fruits,SUP-013,1788.42,3.31,70.12,1201.2,384.8,24.9,Yes,Zone-A,1.52,2.27,2,Conveyor-B,1412.24,1121.33,2.73,6057.71,91.89,0,0,Partial,91.53,3,54.73,3.06,1094.6,Good,Low,Monitor & Maintain
BATCH-01487,2022-11-06,Night,Tomato,Vegetables,SUP-017,1019.31,6.05,56.93,1495.6,274.2,31.0,Yes,Zone-A,3.31,0.64,3,Conveyor-A,1968.46,1627.84,9.16,7430.74,83.38,0,0,Fulfilled,78.48,2,68.8,6.75,1720.0,Good,Low,Monitor & Maintain
BATCH-01488,2022-03-21,Night,Potato,Root Vegetables,SUP-017,1484.0,11.61,46.66,924.4,349.3,38.7,Yes,Zone-C,5.84,5.68,1,Washer-1,1299.75,2229.48,3.3,3698.38,65.21,1,0,Delayed,87.83,3,203.75,13.73,3667.5,Good,Medium,Expedite Processing
BATCH-01489,2023-08-13,Afternoon,Tomato,Vegetables,SUP-005,701.26,14.52,81.69,763.9,191.4,31.0,Yes,Zone-D,6.01,0.13,4,Sorter-X,4670.4,2293.36,6.66,2384.11,67.48,0,0,Delayed,83.41,3,72.51,10.34,1812.75,Good,Medium,Reduce Storage Temperature
BATCH-01490,2022-05-29,Morning,Leafy Greens,Vegetables,SUP-006,750.15,15.93,,724.9,5.5,70.1,Yes,Zone-B,5.66,0.77,1,Washer-1,3911.3,313.63,7.98,4991.87,58.65,0,0,Fulfilled,78.06,1,70.74,9.43,1061.1,Good,Low,Reduce Storage Temperature
BATCH-01491,2021-12-20,Morning,Banana,Fruits,SUP-019,469.48,2.77,61.56,428.4,165.5,48.2,No,Zone-C,9.82,1.01,1,Conveyor-A,3757.79,2434.08,0.71,6098.79,73.2,0,0,Delayed,64.45,2,48.97,10.43,979.4,Good,Medium,Restore Cold Chain Immediately
BATCH-01492,2023-02-21,Morning,Leafy Greens,Vegetables,SUP-013,1167.7,9.7,66.47,1024.4,304.1,3.8,Yes,Zone-A,0.62,2.35,2,Packer-Z,697.98,1960.34,0.82,3320.46,55.51,0,0,Partial,93.86,3,47.99,4.11,719.85,Good,Low,Monitor & Maintain
BATCH-01493,2023-10-15,Night,Orange,Fruits,SUP-014,697.67,4.2,64.46,1585.9,112.9,23.3,Yes,Zone-C,5.13,0.08,3,Washer-1,2852.16,217.68,3.66,3032.36,82.65,0,0,Delayed,67.13,0,43.67,6.26,1528.45,Good,Low,Quality Re-inspection Required
BATCH-01494,2021-06-03,Morning,Strawberry,Berries,SUP-004,260.3,9.76,77.65,1378.3,343.9,68.7,Yes,Zone-C,5.29,4.41,4,Sorter-X,3089.54,1008.17,7.11,6322.26,,1,0,Fulfilled,66.12,3,43.16,16.58,3452.8,Bad,Medium,Activate Backup Supplier
BATCH-01495,2020-12-30,Afternoon,Orange,Fruits,SUP-007,1401.51,9.81,71.85,1477.0,397.2,30.3,Yes,Zone-D,3.29,2.15,6,Washer-1,2221.34,1580.86,2.98,6039.13,93.2,0,0,Partial,66.34,3,67.69,4.83,2369.15,Good,Low,Quality Re-inspection Required
BATCH-01496,2022-06-18,Night,Lemon,Citrus,SUP-008,1444.73,10.97,58.29,1145.4,227.1,88.5,Yes,Zone-B,5.49,0.64,3,Conveyor-B,1947.9,646.51,0.51,2841.71,85.02,0,0,Fulfilled,59.21,0,172.65,11.95,5179.5,Good,Medium,Prioritize Dispatch
BATCH-01497,2021-12-29,Night,Onion,Root Vegetables,SUP-013,783.99,18.07,47.33,977.7,437.9,69.0,No,Zone-A,6.9,2.15,3,Packer-Z,,550.2,3.24,6710.46,94.58,1,0,Partial,76.94,2,188.78,24.08,4153.16,Bad,High,Restore Cold Chain Immediately
BATCH-01498,2023-12-15,Night,Potato,Root Vegetables,SUP-006,245.77,,79.54,1588.5,427.4,29.3,Yes,Zone-C,6.89,1.54,4,Conveyor-A,603.57,141.42,1.36,2442.78,54.35,0,0,Partial,69.41,2,24.45,9.95,440.1,Good,Low,Reduce Storage Temperature
BATCH-01499,2021-11-06,Morning,Banana,Fruits,SUP-006,909.97,,60.86,936.6,439.0,50.5,No,Zone-C,1.33,0.82,4,Packer-Z,3314.1,2743.5,2.58,2294.68,89.93,0,0,Fulfilled,77.97,3,153.24,16.84,3064.8,Bad,Medium,Restore Cold Chain Immediately
BATCH-01500,2020-04-18,Morning,Pineapple,Fruits,SUP-003,940.44,,,1500.2,330.5,64.7,Yes,Zone-D,8.12,0.06,2,Conveyor-B,2274.11,262.71,3.67,3699.93,94.04,0,0,Partial,74.94,1,131.29,13.96,5908.05,Good,Medium,Reduce Storage Temperature
BATCH-01501,2023-11-27,Morning,Strawberry,Berries,SUP-003,1370.47,14.21,62.78,1314.2,152.4,20.2,No,Zone-C,9.34,1.6,5,Packer-Z,3496.78,1161.43,1.72,6810.75,,0,0,Partial,77.87,3,198.03,14.45,15842.4,Good,Medium,Restore Cold Chain Immediately
BATCH-01502,2023-05-16,Night,Mango,Fruits,SUP-013,699.29,16.74,77.29,797.2,240.6,25.1,Yes,Zone-B,1.67,0.17,2,Conveyor-B,1390.63,696.74,7.21,5700.51,99.95,0,0,Partial,68.1,2,77.13,11.03,4627.8,Good,Medium,Reduce Storage Temperature
BATCH-01503,2020-09-17,Afternoon,Mango,Fruits,SUP-002,1396.94,12.15,87.28,1003.7,355.3,49.7,Yes,Zone-D,4.46,3.32,6,Washer-1,1573.97,2249.0,2.93,3953.31,65.03,0,1,Delayed,90.87,1,160.09,11.46,9605.4,Good,Medium,Monitor & Maintain
BATCH-01504,2023-08-13,Night,Mango,Fruits,SUP-016,1755.83,11.45,74.3,861.2,105.3,88.9,Yes,Zone-A,5.36,0.19,4,Conveyor-A,3140.84,2150.84,6.78,2573.63,,0,0,Delayed,78.5,0,217.9,12.41,13074.0,Good,Medium,Prioritize Dispatch
BATCH-01505,2021-05-12,Afternoon,Banana,Fruits,SUP-006,551.22,15.03,63.61,563.5,369.4,34.3,No,Zone-C,1.78,,1,Conveyor-B,4909.72,2438.04,6.19,5805.3,70.75,0,0,Fulfilled,64.17,3,94.48,17.14,1889.6,Bad,Medium,Restore Cold Chain Immediately
BATCH-01506,2021-07-04,Night,Mango,Fruits,SUP-008,1959.95,,70.53,828.1,274.0,39.8,Yes,Zone-C,5.28,1.14,1,Conveyor-B,4886.08,1888.74,9.03,5141.05,,0,0,Cancelled,94.68,0,19.6,1.0,1176.0,Good,Low,Monitor & Maintain
BATCH-01507,2023-08-16,Afternoon,Tomato,Vegetables,SUP-008,834.1,14.43,69.46,1466.8,48.0,19.9,Yes,Zone-D,2.47,1.62,3,Washer-1,,1815.79,1.34,7398.44,94.3,1,0,Partial,59.82,0,123.03,14.75,3075.75,Good,Medium,Reduce Storage Temperature
BATCH-01508,2022-02-12,Night,Strawberry,Berries,SUP-006,607.79,18.82,71.32,1303.2,278.6,57.8,Yes,Zone-C,9.39,0.08,3,Conveyor-B,960.58,1280.62,2.54,6107.9,63.42,1,1,Fulfilled,87.27,3,104.11,17.13,8328.8,Bad,Medium,Reduce Storage Temperature
BATCH-01509,2020-07-20,Night,Tomato,Vegetables,SUP-014,900.87,,51.61,733.1,33.4,71.6,Yes,Zone-A,4.76,0.46,5,Conveyor-A,3156.54,1945.44,8.72,2253.34,,1,0,Fulfilled,84.85,0,139.36,15.47,3484.0,Bad,Medium,Reduce Storage Temperature
BATCH-01510,2021-06-22,Afternoon,Onion,Root Vegetables,SUP-003,279.36,2.66,,841.5,7.2,43.4,Yes,Zone-B,9.95,0.45,5,Sorter-X,2389.92,434.1,8.31,5890.93,81.18,0,0,Cancelled,58.21,3,15.53,5.56,341.66,Good,Low,Quality Re-inspection Required
BATCH-01511,2022-11-20,Afternoon,Strawberry,Berries,SUP-010,338.84,8.8,51.53,1139.7,444.8,72.5,Yes,Zone-B,0.94,1.83,5,Packer-Z,3927.59,2085.09,2.33,3155.77,89.55,0,0,Partial,94.67,2,28.09,8.29,2247.2,Good,Low,Prioritize Dispatch
BATCH-01512,2020-09-11,Afternoon,Tomato,Vegetables,SUP-003,887.42,16.57,45.66,899.4,245.0,30.4,Yes,Zone-D,1.71,0.61,5,Conveyor-B,2875.93,401.3,1.52,7248.61,62.51,0,0,Fulfilled,,2,93.62,10.55,2340.5,Good,Medium,Reduce Storage Temperature
BATCH-01513,2022-05-11,Afternoon,Strawberry,Berries,SUP-012,1548.64,19.25,73.12,1003.7,271.6,68.5,Yes,Zone-C,4.71,0.31,1,Packer-Z,2797.64,2599.05,8.63,1771.98,85.86,0,0,Fulfilled,,1,223.93,14.46,17914.4,Good,Medium,Reduce Storage Temperature
BATCH-01514,2022-10-12,Afternoon,Onion,Root Vegetables,SUP-017,1810.59,8.66,50.26,1237.8,140.0,26.3,Yes,Zone-D,8.81,0.04,4,Packer-Z,3409.07,1566.48,2.19,3044.82,55.88,0,0,Fulfilled,67.19,1,153.54,8.48,3377.88,Good,Low,Quality Re-inspection Required
BATCH-01515,2021-05-17,Afternoon,Leafy Greens,Vegetables,SUP-005,1363.15,17.14,79.67,960.7,271.4,75.4,No,Zone-D,5.77,3.67,6,Sorter-X,1068.88,1638.04,8.78,4559.18,85.21,0,0,Cancelled,78.13,0,314.21,23.05,4713.15,Bad,High,Restore Cold Chain Immediately
BATCH-01516,2022-10-10,Afternoon,Banana,Fruits,SUP-020,299.92,17.55,,629.2,84.4,80.1,Yes,Zone-D,7.46,7.12,6,Conveyor-B,3547.23,1796.09,9.63,2119.39,95.96,1,0,Fulfilled,,1,53.18,17.73,1063.6,Bad,Medium,Reduce Storage Temperature
BATCH-01517,2023-07-14,Afternoon,Banana,Fruits,SUP-009,1376.84,,87.51,1024.7,372.8,77.0,Yes,Zone-D,4.52,2.43,5,Conveyor-A,,2350.55,2.6,3659.01,54.25,0,0,Fulfilled,81.87,2,88.67,6.44,1773.4,Good,Low,Prioritize Dispatch
BATCH-01518,2021-11-20,Night,Mango,Fruits,SUP-020,1307.31,17.22,74.9,827.3,411.7,22.3,No,Zone-D,0.88,1.06,2,Conveyor-B,4190.66,1487.56,8.48,4548.94,55.84,0,1,Partial,,1,232.7,17.8,13962.0,Bad,Medium,Restore Cold Chain Immediately
BATCH-01519,2021-07-13,Afternoon,Orange,Fruits,SUP-007,1630.95,7.84,66.69,748.9,427.9,67.3,Yes,Zone-C,6.65,0.26,6,Packer-Z,,1340.01,4.53,4256.68,77.86,0,0,Fulfilled,75.17,0,169.94,10.42,5947.9,Good,Medium,Monitor & Maintain
BATCH-01520,2021-01-01,Afternoon,Mango,Fruits,SUP-004,1667.97,,60.85,793.7,53.3,52.6,Yes,Zone-B,6.52,1.29,5,Washer-1,1853.36,936.17,7.99,4336.0,52.32,0,0,Fulfilled,,1,197.32,11.83,11839.2,Good,Medium,Monitor & Maintain
BATCH-01521,2022-06-01,Night,Lemon,Citrus,SUP-013,1749.59,,67.09,,278.9,94.7,Yes,Zone-B,1.18,1.22,1,Sorter-X,4776.11,471.31,4.37,6767.12,,0,0,Partial,74.59,2,191.23,10.93,5736.9,Good,Medium,Prioritize Dispatch
BATCH-01522,2023-07-08,Night,Tomato,Vegetables,SUP-013,886.85,13.93,53.57,1463.9,404.4,36.0,Yes,Zone-B,2.12,1.09,3,Conveyor-A,2988.83,651.99,1.17,4595.74,59.51,0,0,Delayed,95.07,1,67.49,7.61,1687.25,Good,Low,Monitor & Maintain
BATCH-01523,2021-04-19,Morning,Strawberry,Berries,SUP-010,1425.94,15.33,60.68,1280.9,64.1,74.5,Yes,Zone-C,5.02,0.95,2,Conveyor-A,,101.53,7.27,7127.48,74.06,1,0,Fulfilled,93.17,0,183.09,12.84,14647.2,Good,Medium,Reduce Storage Temperature
BATCH-01524,2021-08-01,Morning,Orange,Fruits,SUP-018,609.68,9.94,77.31,,49.8,36.8,Yes,Zone-C,4.74,1.37,5,Packer-Z,3600.66,2621.32,1.93,2518.32,,1,1,Delayed,61.46,2,108.16,17.74,3785.6,Bad,Medium,Activate Backup Supplier
BATCH-01525,2021-08-16,Afternoon,Onion,Root Vegetables,SUP-017,1998.74,17.99,54.78,965.5,408.5,39.3,Yes,Zone-D,7.65,0.15,1,Conveyor-A,4668.94,2318.38,9.31,3288.29,,0,0,Fulfilled,89.54,3,221.26,11.07,4867.72,Good,Medium,Reduce Storage Temperature
BATCH-01526,2022-03-29,Afternoon,Lemon,Citrus,SUP-020,433.14,16.57,56.88,402.2,398.4,12.4,Yes,Zone-B,4.18,0.08,3,Packer-Z,1930.22,734.18,4.47,5474.36,76.06,0,0,Fulfilled,96.47,1,26.94,6.22,808.2,Good,Low,Reduce Storage Temperature
BATCH-01527,2020-11-29,Morning,Onion,Root Vegetables,SUP-020,119.22,16.14,78.72,808.7,224.3,24.5,Yes,Zone-D,6.8,0.13,5,Conveyor-A,907.4,106.93,1.28,3304.94,86.53,0,0,Fulfilled,68.94,0,10.93,9.17,240.46,Good,Low,Reduce Storage Temperature
BATCH-01528,2023-04-15,Morning,Banana,Fruits,SUP-013,382.74,10.25,53.0,1375.8,54.9,17.5,Yes,Zone-B,7.19,,1,Conveyor-A,4110.09,1527.14,2.67,3677.67,97.3,0,0,Fulfilled,65.48,1,38.77,10.13,775.4,Good,Medium,Quality Re-inspection Required
BATCH-01529,2021-03-07,Afternoon,Banana,Fruits,SUP-017,1574.16,2.68,56.06,865.8,258.1,17.0,Yes,Zone-A,6.63,0.65,1,Packer-Z,4120.11,1296.46,8.69,6894.97,75.19,0,0,Fulfilled,55.42,3,102.16,6.49,2043.2,Good,Low,Quality Re-inspection Required
BATCH-01530,2022-10-26,Morning,Mango,Fruits,SUP-004,948.89,10.86,45.79,1076.6,197.4,2.8,No,Zone-C,6.16,0.37,4,Sorter-X,,2350.42,3.55,4789.03,67.75,0,0,Fulfilled,60.09,3,130.95,13.8,7857.0,Good,Medium,Restore Cold Chain Immediately
BATCH-01531,2022-01-19,Afternoon,Tomato,Vegetables,SUP-001,950.25,,,,259.3,76.6,No,Zone-A,8.15,0.58,1,Conveyor-A,3108.07,1268.4,8.64,3604.38,62.94,0,0,Fulfilled,97.28,1,168.67,17.75,4216.75,Bad,Medium,Restore Cold Chain Immediately
BATCH-01532,2022-05-05,Night,Orange,Fruits,SUP-001,1914.54,5.43,72.81,,219.9,46.0,No,Zone-B,6.74,0.41,5,Conveyor-B,4617.09,2605.93,2.14,6172.7,81.73,0,0,Partial,72.21,2,236.83,12.37,8289.05,Good,Medium,Restore Cold Chain Immediately
BATCH-01533,2020-09-19,Night,Potato,Root Vegetables,SUP-015,1847.31,19.69,76.25,1507.8,284.3,77.6,No,Zone-D,8.42,0.33,1,Washer-1,1294.24,377.93,4.95,2070.56,97.15,1,0,Partial,72.04,2,409.92,22.19,7378.56,Bad,High,Restore Cold Chain Immediately
BATCH-01534,2022-12-09,Morning,Lemon,Citrus,SUP-013,691.27,16.54,54.64,575.3,363.6,59.6,Yes,Zone-C,6.55,0.69,2,Packer-Z,3274.42,1160.99,8.84,4934.88,88.23,0,0,Partial,66.73,2,85.03,12.3,2550.9,Good,Medium,Reduce Storage Temperature
BATCH-01535,2020-10-02,Night,Lemon,Citrus,SUP-017,497.21,14.78,75.93,,387.4,80.1,No,Zone-C,2.01,1.01,1,Conveyor-A,723.97,2808.43,0.96,2239.08,60.31,0,0,Fulfilled,62.22,3,98.0,19.71,2940.0,Bad,High,Restore Cold Chain Immediately
BATCH-01536,2020-06-14,Night,Mango,Fruits,SUP-008,1712.12,14.19,71.84,490.3,324.5,49.4,Yes,Zone-D,3.44,2.73,1,Sorter-X,,134.02,3.39,2687.5,94.67,0,0,Fulfilled,,3,194.33,11.35,11659.8,Good,Medium,Reduce Storage Temperature
BATCH-01537,2022-03-09,Night,Banana,Fruits,SUP-018,1821.44,12.57,61.48,1118.3,99.5,10.8,Yes,Zone-A,3.64,6.23,6,Conveyor-B,,1233.29,9.14,2022.81,86.78,1,1,Fulfilled,86.82,0,252.45,13.86,5049.0,Good,Medium,Expedite Processing
BATCH-01538,2022-11-01,Night,Mango,Fruits,SUP-013,1129.03,14.97,64.7,614.4,198.6,60.0,Yes,Zone-A,1.39,5.03,2,Packer-Z,4195.43,853.14,6.17,6898.78,56.4,0,0,Fulfilled,79.23,1,166.53,14.75,9991.8,Good,Medium,Reduce Storage Temperature
BATCH-01539,2020-03-14,Afternoon,Strawberry,Berries,SUP-014,1295.91,9.59,70.56,574.8,35.6,65.7,No,Zone-A,7.08,1.29,5,Conveyor-B,3799.1,1642.4,7.3,1940.07,85.64,0,0,Partial,56.56,0,216.55,16.71,17324.0,Bad,Medium,Restore Cold Chain Immediately
BATCH-01540,2020-04-11,Afternoon,Orange,Fruits,SUP-008,588.14,17.22,67.2,404.9,225.8,60.9,Yes,Zone-A,6.15,1.24,3,Washer-1,4883.29,908.42,8.5,4660.38,,0,0,Fulfilled,,2,82.16,13.97,2875.6,Good,Medium,Reduce Storage Temperature
BATCH-01541,2023-03-17,Morning,Tomato,Vegetables,SUP-008,1621.53,14.53,,1529.0,485.2,77.3,Yes,Zone-C,6.1,0.27,4,Sorter-X,701.82,2622.73,5.47,2967.12,74.57,1,0,Delayed,95.99,0,221.01,13.63,5525.25,Good,Medium,Reduce Storage Temperature
BATCH-01542,2023-03-27,Night,Leafy Greens,Vegetables,SUP-015,1301.03,15.88,53.14,1395.1,320.9,70.8,No,Zone-B,5.05,7.13,6,Packer-Z,2216.08,2817.7,8.53,3888.65,65.01,1,0,Fulfilled,74.38,0,327.99,25.21,4919.85,Bad,High,Restore Cold Chain Immediately
BATCH-01543,2020-12-24,Night,Pineapple,Fruits,SUP-013,1056.68,16.26,69.33,493.0,77.3,42.7,Yes,Zone-D,5.66,2.86,3,Packer-Z,1214.56,2562.49,6.57,4528.14,54.2,0,1,Fulfilled,71.12,3,171.6,16.24,7722.0,Bad,Medium,Reduce Storage Temperature
BATCH-01544,2022-06-17,Night,Pineapple,Fruits,SUP-007,214.21,3.66,65.26,1119.3,134.3,79.0,Yes,Zone-B,0.58,3.76,5,Conveyor-A,666.33,1255.85,7.01,4274.85,88.43,0,0,Fulfilled,65.11,2,23.65,11.04,1064.25,Good,Medium,Prioritize Dispatch
BATCH-01545,2021-10-09,Morning,Mango,Fruits,SUP-005,1840.28,3.0,65.75,679.5,32.3,67.0,Yes,Zone-B,1.41,0.53,5,Conveyor-B,1689.79,2970.81,1.95,6006.39,91.43,0,0,Fulfilled,68.28,1,160.84,8.74,9650.4,Good,Low,Quality Re-inspection Required
BATCH-01546,2022-07-12,Afternoon,Strawberry,Berries,SUP-017,1269.36,16.42,66.12,716.8,91.2,13.3,Yes,Zone-A,6.99,1.03,6,Packer-Z,,2231.61,9.42,6958.04,61.6,0,0,Partial,83.36,0,104.09,8.2,8327.2,Good,Low,Reduce Storage Temperature
BATCH-01547,2023-06-13,Night,Orange,Fruits,SUP-016,466.11,6.67,84.67,1449.0,243.9,52.7,Yes,Zone-B,2.98,0.22,2,Conveyor-B,2390.12,1131.27,8.06,3404.58,61.98,0,0,Fulfilled,88.89,1,28.71,6.16,1004.85,Good,Low,Monitor & Maintain
BATCH-01548,2020-04-26,Afternoon,Potato,Root Vegetables,SUP-002,1252.13,12.48,81.84,537.2,172.4,70.5,Yes,Zone-A,1.53,5.65,3,Washer-1,1130.37,371.71,2.91,1802.58,71.5,0,0,Partial,69.62,3,188.95,15.09,3401.1,Bad,Medium,Expedite Processing
BATCH-01549,2023-02-09,Morning,Pineapple,Fruits,SUP-018,1387.18,9.99,73.33,1121.8,102.0,54.0,No,Zone-A,3.62,0.67,1,Conveyor-A,2698.55,2034.43,6.01,6853.82,,0,0,Fulfilled,69.95,2,235.27,16.96,10587.15,Bad,Medium,Restore Cold Chain Immediately
BATCH-01550,2021-12-20,Afternoon,Orange,Fruits,SUP-017,1098.96,2.4,77.24,881.5,73.3,91.2,Yes,Zone-B,2.92,1.81,2,Washer-1,4640.44,2212.85,4.08,7346.74,53.86,0,0,Delayed,,1,99.68,9.07,3488.8,Good,Low,Prioritize Dispatch
BATCH-01551,2022-04-03,Night,Tomato,Vegetables,SUP-007,1464.39,2.73,46.93,629.0,328.0,11.5,No,Zone-D,0.78,0.33,2,Conveyor-A,3866.85,455.13,6.77,4177.77,90.44,0,0,Fulfilled,62.49,1,169.28,11.56,4232.0,Good,Medium,Restore Cold Chain Immediately
BATCH-01552,2022-08-12,Afternoon,Onion,Root Vegetables,SUP-013,1204.76,16.89,78.48,942.3,279.1,69.9,Yes,Zone-B,4.4,3.25,4,Conveyor-A,4289.8,1694.24,9.94,4308.13,96.14,1,0,Fulfilled,95.8,1,173.61,14.41,3819.42,Good,Medium,Reduce Storage Temperature
BATCH-01553,2023-09-09,Afternoon,Strawberry,Berries,SUP-018,1900.76,,66.88,1528.6,421.3,79.5,Yes,Zone-B,0.76,0.41,2,Conveyor-B,4121.28,2962.56,0.93,2497.55,,0,0,Fulfilled,86.04,1,232.27,12.22,18581.6,Good,Medium,Prioritize Dispatch
BATCH-01554,2020-03-23,Morning,Banana,Fruits,SUP-014,202.02,11.43,59.3,1337.9,91.6,68.0,Yes,Zone-C,0.5,3.31,3,Conveyor-A,2253.32,1046.1,9.55,4422.79,53.02,0,0,Fulfilled,74.08,0,27.15,13.44,543.0,Good,Medium,Monitor & Maintain
BATCH-01555,2020-02-13,Morning,Orange,Fruits,SUP-018,301.87,19.0,51.29,558.5,424.0,38.2,Yes,Zone-A,8.03,1.03,5,Washer-1,3690.32,975.5,1.19,3422.46,63.48,1,0,Partial,,0,50.93,16.87,1782.55,Bad,Medium,Reduce Storage Temperature
BATCH-01556,2020-09-17,Morning,Tomato,Vegetables,SUP-013,429.98,5.12,,1419.3,289.0,38.2,Yes,Zone-C,3.49,1.72,6,Washer-1,3894.15,2719.58,4.88,7437.35,55.57,0,1,Partial,92.35,2,31.78,7.39,794.5,Good,Low,Monitor & Maintain
BATCH-01557,2023-12-11,Morning,Potato,Root Vegetables,SUP-011,1411.33,6.64,47.02,1524.9,133.1,57.1,No,Zone-D,5.89,0.63,4,Washer-1,1425.42,440.51,5.08,2733.97,62.96,0,0,Partial,76.28,2,154.26,10.93,2776.68,Good,Medium,Restore Cold Chain Immediately
BATCH-01558,2022-11-10,Afternoon,Leafy Greens,Vegetables,SUP-016,1326.63,15.62,52.28,,136.8,39.3,Yes,Zone-B,3.33,4.29,6,Conveyor-B,4371.18,2807.23,3.05,3859.59,90.59,0,0,Fulfilled,,2,174.72,13.17,2620.8,Good,Medium,Reduce Storage Temperature
BATCH-01559,2022-06-16,Afternoon,Banana,Fruits,SUP-017,1794.91,15.95,46.36,800.1,195.2,85.0,Yes,Zone-C,9.34,2.85,6,Conveyor-B,,2360.51,5.88,5241.88,52.78,0,0,Cancelled,,3,305.67,17.03,6113.4,Bad,Medium,Reduce Storage Temperature
BATCH-01560,2020-03-09,Morning,Leafy Greens,Vegetables,SUP-008,1492.47,9.29,77.97,,230.1,12.3,Yes,Zone-C,7.43,0.87,1,Sorter-X,573.62,1233.44,8.42,3665.17,64.19,1,0,Fulfilled,67.04,0,166.41,11.15,2496.15,Good,Medium,Activate Backup Supplier
BATCH-01561,2023-07-07,Morning,Potato,Root Vegetables,SUP-019,1065.88,19.12,56.19,,41.3,62.1,Yes,Zone-B,4.01,1.76,3,Packer-Z,3395.23,342.29,3.29,4416.4,75.85,1,0,Fulfilled,82.37,3,183.86,17.25,3309.48,Bad,Medium,Reduce Storage Temperature
BATCH-01562,2023-04-01,Night,Tomato,Vegetables,SUP-020,1984.48,18.89,61.59,1207.8,421.0,14.6,Yes,Zone-B,2.5,,1,Sorter-X,3545.43,155.61,1.17,7315.94,93.7,0,0,Cancelled,76.47,0,224.44,11.31,5611.0,Good,Medium,Reduce Storage Temperature
BATCH-01563,2022-08-28,Night,Pineapple,Fruits,SUP-015,605.61,2.22,82.02,726.6,60.8,52.8,No,Zone-A,1.81,0.35,2,Sorter-X,2982.93,1189.91,6.51,4611.89,62.5,0,0,Cancelled,67.98,3,78.49,12.96,3532.05,Good,Medium,Restore Cold Chain Immediately
BATCH-01564,2021-05-10,Morning,Leafy Greens,Vegetables,SUP-009,1683.06,5.1,50.16,408.2,241.7,69.3,Yes,Zone-A,7.74,1.53,3,Conveyor-A,,2145.53,7.64,6948.96,88.92,0,0,Partial,63.85,0,197.59,11.74,2963.85,Good,Medium,Quality Re-inspection Required
BATCH-01565,2020-04-12,Afternoon,Banana,Fruits,SUP-020,910.9,16.76,82.6,806.3,191.5,17.6,Yes,Zone-C,4.8,2.05,6,Conveyor-A,2670.25,1513.83,9.57,1910.31,79.18,0,0,Fulfilled,,1,136.73,15.01,2734.6,Bad,Medium,Reduce Storage Temperature
BATCH-01566,2022-04-26,Morning,Mango,Fruits,SUP-010,1332.6,8.03,73.78,943.8,256.1,68.2,Yes,Zone-B,2.7,1.63,4,Sorter-X,2300.57,2242.09,2.02,2356.14,,0,0,Fulfilled,87.66,0,137.52,10.32,8251.2,Good,Medium,Monitor & Maintain
BATCH-01567,2022-11-16,Afternoon,Lemon,Citrus,SUP-012,1481.81,3.72,60.39,1079.6,443.7,15.2,No,Zone-A,9.24,1.64,6,Packer-Z,4886.09,2044.66,9.06,7147.61,93.09,1,0,Fulfilled,63.08,0,244.8,16.52,7344.0,Bad,Medium,Restore Cold Chain Immediately
BATCH-01568,2020-05-17,Afternoon,Orange,Fruits,SUP-020,1304.13,16.13,50.3,1220.6,494.5,60.3,Yes,Zone-A,4.21,2.71,4,Sorter-X,4211.05,1761.43,5.08,2407.93,51.32,0,0,Partial,81.13,0,158.19,12.13,5536.65,Good,Medium,Reduce Storage Temperature
BATCH-01569,2022-07-14,Night,Pineapple,Fruits,SUP-001,366.96,10.18,49.12,474.1,10.1,49.5,No,Zone-D,5.66,4.65,1,Conveyor-B,3928.55,2905.75,2.74,5939.36,76.49,0,0,Fulfilled,73.64,2,60.92,16.6,2741.4,Bad,Medium,Restore Cold Chain Immediately
BATCH-01570,2021-02-22,Morning,Leafy Greens,Vegetables,SUP-020,941.61,10.86,60.1,963.7,196.6,30.0,Yes,Zone-C,8.65,0.98,5,Washer-1,1314.83,2212.31,9.65,4251.28,87.36,0,0,Partial,88.57,2,73.16,7.77,1097.4,Good,Low,Monitor & Maintain
BATCH-01571,2023-01-20,Morning,Onion,Root Vegetables,SUP-009,1166.73,5.35,,719.6,408.8,12.5,No,Zone-C,8.42,1.54,6,Sorter-X,1989.68,2752.38,2.77,4023.21,,0,0,Fulfilled,,3,150.51,12.9,3311.22,Good,Medium,Restore Cold Chain Immediately
BATCH-01572,2022-02-26,Afternoon,Orange,Fruits,SUP-015,1713.18,13.9,57.05,1537.6,163.3,71.2,No,Zone-C,6.56,4.47,4,Conveyor-A,2208.7,802.27,7.47,5490.07,56.63,0,0,Delayed,66.88,2,360.28,21.03,12609.8,Bad,High,Restore Cold Chain Immediately
BATCH-01573,2020-07-07,Morning,Mango,Fruits,SUP-001,942.93,11.92,47.38,831.9,324.5,37.9,No,Zone-B,8.94,1.25,1,Packer-Z,2716.82,2169.55,7.96,5887.36,,0,0,Fulfilled,72.54,0,134.56,14.27,8073.6,Good,Medium,Restore Cold Chain Immediately
BATCH-01574,2022-02-07,Night,Potato,Root Vegetables,SUP-012,1845.62,29.22703394842774,71.78,520.1,496.1,10.1,Yes,Zone-D,9.54,1.18,5,Conveyor-A,636.01,1833.63,4.59,7074.74,53.93,0,0,Cancelled,62.33,3,100.96,5.47,1817.28,Good,Low,Quality Re-inspection Required
BATCH-01575,2021-07-31,Night,Lemon,Citrus,SUP-003,936.71,8.13,51.54,449.8,323.4,74.6,Yes,Zone-A,9.38,2.91,3,Conveyor-B,3168.54,2780.46,7.05,3152.5,91.75,0,0,Partial,75.29,0,95.54,10.2,2866.2,Good,Medium,Prioritize Dispatch
BATCH-01576,2020-09-20,Morning,Tomato,Vegetables,SUP-011,1142.68,12.74,79.05,718.5,55.6,23.9,Yes,Zone-D,3.82,4.2,4,Conveyor-A,2110.35,1580.31,5.94,5715.85,92.87,0,0,Fulfilled,,3,125.81,11.01,3145.25,Good,Medium,Monitor & Maintain
BATCH-01577,2023-05-13,Morning,Mango,Fruits,SUP-002,1612.94,18.65,54.82,614.7,421.5,71.2,Yes,Zone-A,4.27,2.68,4,Conveyor-A,,910.96,2.32,3648.68,74.18,0,0,Fulfilled,98.56,3,202.75,12.57,12165.0,Good,Medium,Reduce Storage Temperature
BATCH-01578,2020-01-17,Night,Mango,Fruits,SUP-016,1207.83,18.57,80.91,1179.8,483.3,55.1,Yes,Zone-A,2.78,0.21,6,Packer-Z,540.4,1216.03,7.72,5829.31,51.04,1,0,Fulfilled,81.13,3,184.31,15.26,11058.6,Bad,Medium,Reduce Storage Temperature
BATCH-01579,2021-03-31,Morning,Potato,Root Vegetables,SUP-009,1924.41,7.18,53.54,1416.4,356.3,20.3,Yes,Zone-D,8.45,1.25,6,Packer-Z,1946.45,734.61,9.32,2485.69,55.11,0,0,Fulfilled,58.06,2,142.41,7.4,2563.38,Good,Low,Quality Re-inspection Required
BATCH-01580,2020-01-19,Afternoon,Strawberry,Berries,SUP-015,1354.64,15.24,77.46,775.1,209.5,9.2,No,Zone-C,1.66,0.48,1,Conveyor-A,3959.0,737.92,5.14,4318.32,81.22,0,0,Delayed,75.24,1,213.9,15.79,17112.0,Bad,Medium,Restore Cold Chain Immediately
BATCH-01581,2020-05-20,Morning,Potato,Root Vegetables,SUP-012,1093.15,,59.99,1093.3,474.2,57.8,Yes,Zone-B,3.87,0.76,4,Conveyor-A,2754.87,1464.22,9.95,2726.89,99.13,0,0,Fulfilled,93.65,2,136.53,12.49,2457.54,Good,Medium,Reduce Storage Temperature
BATCH-01582,2021-03-09,Afternoon,Strawberry,Berries,SUP-001,144.82,16.56,71.24,1276.4,484.3,4.4,Yes,Zone-D,0.59,29.011949415345633,1,Sorter-X,4049.99,2688.45,4.57,3614.75,91.94,0,0,Delayed,93.14,1,9.66,6.67,772.8,Good,Low,Reduce Storage Temperature
BATCH-01583,2020-03-20,Morning,Strawberry,Berries,SUP-013,886.09,12.27,46.74,878.2,467.6,8.2,Yes,Zone-C,6.15,,4,Conveyor-B,3645.32,656.42,5.06,5817.81,89.9,0,0,Fulfilled,97.32,1,59.01,6.66,4720.8,Good,Low,Monitor & Maintain
BATCH-01584,2022-05-21,Morning,Pineapple,Fruits,SUP-014,668.57,2.19,67.29,479.6,205.9,68.0,Yes,Zone-C,6.75,28.515089276393798,1,Sorter-X,4347.14,934.82,6.9,3015.76,70.9,0,1,Fulfilled,,0,40.52,6.06,1823.4,Good,Low,Monitor & Maintain
BATCH-01585,2020-05-06,Night,Pineapple,Fruits,SUP-008,1521.4,15.71,51.69,675.0,394.9,52.7,Yes,Zone-B,2.87,2.06,4,Packer-Z,533.5,2573.67,2.26,5639.18,99.26,1,0,Fulfilled,62.76,3,266.24,17.5,11980.8,Bad,Medium,Reduce Storage Temperature
BATCH-01586,2022-10-21,Afternoon,Banana,Fruits,SUP-008,495.73,3.92,66.88,,327.1,32.7,Yes,Zone-B,7.5,4.16,3,Sorter-X,1675.96,1083.84,9.07,4541.41,91.25,0,0,Partial,55.16,0,32.97,6.65,659.4,Good,Low,Quality Re-inspection Required
BATCH-01587,2020-03-17,Night,Leafy Greens,Vegetables,SUP-012,489.92,4.1,51.36,1389.4,89.9,52.7,No,Zone-C,4.12,0.48,6,Sorter-X,2969.61,2891.0,8.11,2194.73,66.78,0,0,Fulfilled,82.12,0,333.12697325432947,14.08,1034.7,Good,Medium,Restore Cold Chain Immediately
BATCH-01588,2020-03-27,Morning,Leafy Greens,Vegetables,SUP-001,460.09,12.9,64.67,503.8,267.8,57.6,Yes,Zone-B,3.46,0.74,3,Conveyor-A,4734.58,879.87,8.79,3906.7,87.42,0,0,Fulfilled,85.91,3,44.08,9.58,661.2,Good,Low,Monitor & Maintain
BATCH-01589,2021-03-21,Night,Tomato,Vegetables,SUP-011,338.67,19.7,49.98,668.7,373.8,55.1,No,Zone-C,9.58,34.13809816805361,1,Conveyor-A,3559.06,1382.22,6.29,6710.09,71.63,1,0,Fulfilled,60.77,1,83.11,24.54,2077.75,Bad,High,Restore Cold Chain Immediately
BATCH-01590,2023-08-01,Morning,Leafy Greens,Vegetables,SUP-008,690.91,6.37,54.9,1323.0,448.0,62.4,No,Zone-A,6.09,0.51,3,Conveyor-B,2554.65,377.27,8.9,7407.78,83.02,0,0,Fulfilled,62.34,1,107.51,15.56,1612.65,Bad,Medium,Restore Cold Chain Immediately
BATCH-01591,2022-07-25,Morning,Pineapple,Fruits,SUP-010,1783.25,13.62,,983.1,431.3,90.4,Yes,Zone-B,2.9,0.81,1,Washer-1,1085.64,2977.31,6.96,3803.43,98.5,0,0,Fulfilled,97.38,2,239.13,13.41,10760.85,Good,Medium,Prioritize Dispatch
BATCH-01592,2023-01-29,Morning,Banana,Fruits,SUP-019,1572.36,,88.95,1312.0,77.3,38.5,No,Zone-A,9.84,4.3,6,Washer-1,2719.47,2681.41,5.36,1978.82,62.32,0,0,Delayed,96.53,2,186.8,11.88,3736.0,Good,Medium,Restore Cold Chain Immediately
BATCH-01593,2020-07-25,Afternoon,Banana,Fruits,SUP-011,1496.98,18.18,65.21,653.3,244.0,30.3,Yes,Zone-B,4.18,,1,Sorter-X,2484.89,2470.93,9.35,2416.39,89.75,0,0,Partial,61.91,2,187.27,12.51,3745.4,Good,Medium,Reduce Storage Temperature
BATCH-01594,2023-05-02,Afternoon,Strawberry,Berries,SUP-007,1614.94,12.68,75.92,1543.2,239.1,5.6,Yes,Zone-C,6.65,1.17,6,Conveyor-B,4002.99,556.29,4.68,6239.14,79.52,0,1,Fulfilled,65.87,2,174.9,10.83,13992.0,Good,Medium,Quality Re-inspection Required
BATCH-01595,2020-01-12,Afternoon,Potato,Root Vegetables,SUP-011,611.89,5.73,69.27,1340.3,449.4,15.8,Yes,Zone-C,7.38,0.74,2,Conveyor-B,2360.07,2911.14,5.26,5470.12,97.5,0,0,Fulfilled,94.25,1,30.04,4.91,540.72,Good,Low,Monitor & Maintain
BATCH-01596,2020-11-07,Night,Tomato,Vegetables,SUP-017,1786.14,6.72,67.43,636.9,1.0,12.0,No,Zone-C,4.51,0.16,3,Packer-Z,1934.77,2794.54,2.11,3315.92,56.72,0,0,Fulfilled,74.14,3,179.86,10.07,4496.5,Good,Medium,Restore Cold Chain Immediately
BATCH-01597,2022-06-18,Morning,Strawberry,Berries,SUP-001,360.88,9.78,47.91,1070.1,369.4,33.5,No,Zone-C,5.59,0.2,2,Conveyor-A,903.74,1363.45,9.5,3933.44,85.99,0,0,Partial,90.12,0,33.6,9.31,2688.0,Good,Low,Restore Cold Chain Immediately
BATCH-01598,2021-07-01,Night,Potato,Root Vegetables,SUP-008,739.06,4.2,51.49,,309.3,59.3,Yes,Zone-C,2.78,3.07,6,Packer-Z,709.25,2076.75,2.6,6372.78,51.86,1,0,Delayed,72.42,3,71.25,9.64,1282.5,Good,Low,Activate Backup Supplier
BATCH-01599,2023-12-07,Night,Leafy Greens,Vegetables,SUP-006,1214.82,3.42,84.74,833.7,460.8,6.4,Yes,Zone-C,4.93,3.83,6,Washer-1,2476.1,2978.13,2.41,4060.17,62.33,0,0,Partial,87.4,0,57.95,4.77,869.25,Good,Low,Monitor & Maintain
BATCH-01600,2020-02-14,Morning,Strawberry,Berries,SUP-018,295.52,14.24,63.46,1191.5,228.5,70.4,Yes,Zone-B,3.45,2.71,2,Conveyor-B,,1288.26,1.46,6051.04,66.04,0,0,Partial,,0,39.87,13.49,3189.6,Good,Medium,Reduce Storage Temperature
BATCH-01601,2023-12-28,Night,Orange,Fruits,SUP-006,1487.25,9.33,72.64,796.2,328.8,39.4,Yes,Zone-B,5.7,1.55,6,Washer-1,2998.96,427.83,4.81,3375.15,71.61,1,0,Fulfilled,94.56,1,144.56,9.72,5059.6,Good,Low,Activate Backup Supplier
BATCH-01602,2022-06-29,Morning,Leafy Greens,Vegetables,SUP-005,835.77,15.07,68.77,1188.1,486.4,92.6,Yes,Zone-A,6.86,2.96,4,Conveyor-A,3703.68,2616.56,3.1,5871.16,98.26,0,0,Cancelled,69.33,0,119.01,14.24,1785.15,Good,Medium,Reduce Storage Temperature
BATCH-01603,2022-03-26,Morning,Potato,Root Vegetables,SUP-013,1590.37,3.98,,693.7,372.0,55.4,Yes,Zone-D,6.33,,1,Conveyor-A,680.03,1481.81,7.54,4369.77,53.38,0,0,Fulfilled,78.02,2,103.85,6.53,1869.3,Good,Low,Monitor & Maintain
BATCH-01604,2020-03-27,Morning,Tomato,Vegetables,SUP-019,1036.5,12.98,62.45,1265.4,33.7,74.5,No,Zone-B,7.88,3.03,5,Conveyor-A,2732.98,2962.21,3.42,4828.51,58.45,0,0,Delayed,77.96,2,201.81,19.47,5045.25,Bad,High,Restore Cold Chain Immediately
BATCH-01605,2021-02-03,Morning,Potato,Root Vegetables,SUP-008,443.66,9.98,70.0,831.5,83.8,83.0,Yes,Zone-B,0.89,,2,Washer-1,4378.87,1697.59,7.35,5138.64,60.15,0,0,Fulfilled,83.55,0,46.41,10.46,835.38,Good,Medium,Prioritize Dispatch
BATCH-01606,2023-09-12,Night,Strawberry,Berries,SUP-009,1496.05,,51.35,1348.6,410.7,85.6,Yes,Zone-D,1.25,2.78,4,Conveyor-B,2548.25,185.49,2.36,4277.84,71.2,0,0,Fulfilled,68.49,3,174.59,11.67,13967.2,Good,Medium,Prioritize Dispatch
BATCH-01607,2021-06-01,Night,Strawberry,Berries,SUP-017,579.07,11.81,62.43,564.0,167.4,50.7,Yes,Zone-D,2.45,0.52,3,Packer-Z,2845.59,1526.01,2.68,4368.25,53.03,1,0,Fulfilled,83.28,0,78.12,13.49,6249.6,Good,Medium,Activate Backup Supplier
BATCH-01608,2022-08-24,Night,Mango,Fruits,SUP-003,1032.54,3.49,65.11,834.4,353.0,39.3,No,Zone-A,9.87,3.57,5,Conveyor-B,2690.56,2182.38,8.16,3203.77,,0,0,Fulfilled,61.21,2,142.49,13.8,8549.4,Good,Medium,Restore Cold Chain Immediately
BATCH-01609,2023-12-30,Afternoon,Tomato,Vegetables,SUP-019,243.51,16.9,89.33,956.7,349.9,54.7,Yes,Zone-A,8.1,1.68,6,Conveyor-B,2254.07,175.49,4.03,7387.29,77.99,1,1,Fulfilled,94.32,0,42.01,17.25,1050.25,Bad,Medium,Reduce Storage Temperature
BATCH-01610,2021-01-19,Night,Onion,Root Vegetables,SUP-011,1273.95,13.38,60.82,908.6,496.9,39.8,Yes,Zone-C,9.28,0.01,1,Sorter-X,995.54,1299.0,1.56,6922.79,90.66,0,0,Fulfilled,61.34,0,141.28,11.09,3108.16,Good,Medium,Quality Re-inspection Required
BATCH-01611,2022-04-21,Night,Leafy Greens,Vegetables,SUP-017,1365.13,12.03,74.01,919.7,234.9,24.6,Yes,Zone-A,3.08,1.46,4,Conveyor-B,,551.12,9.63,4724.09,88.62,1,0,Partial,91.97,0,146.75,10.75,2201.25,Good,Medium,Activate Backup Supplier
BATCH-01612,2022-10-13,Afternoon,Banana,Fruits,SUP-019,819.48,4.4,51.18,933.8,368.9,32.4,No,Zone-A,5.95,0.74,5,Packer-Z,1305.9,1964.98,2.19,1861.2,83.04,0,0,Partial,85.5,1,84.65,10.33,1693.0,Good,Medium,Restore Cold Chain Immediately
BATCH-01613,2020-08-28,Morning,Tomato,Vegetables,SUP-002,1913.4,7.17,47.95,1586.6,24.4,23.9,Yes,Zone-D,5.77,0.12,1,Sorter-X,4066.54,2876.3,1.93,2638.57,95.22,0,0,Fulfilled,70.01,0,129.54,6.77,3238.5,Good,Low,Monitor & Maintain
BATCH-01614,2020-08-05,Morning,Banana,Fruits,SUP-008,1760.92,10.87,84.22,631.8,231.3,27.3,Yes,Zone-B,5.91,1.19,1,Conveyor-B,,1911.3,3.9,6621.36,95.12,0,0,Fulfilled,69.41,3,116.4,6.61,2328.0,Good,Low,Quality Re-inspection Required
BATCH-01615,2021-10-28,Morning,Tomato,Vegetables,SUP-019,1445.09,13.4,77.88,1322.4,93.3,10.8,Yes,Zone-C,7.32,0.75,5,Sorter-X,4766.56,2115.15,1.41,7068.02,56.39,0,0,Partial,97.51,3,73.27,5.07,1831.75,Good,Low,Monitor & Maintain
BATCH-01616,2021-07-17,Afternoon,Tomato,Vegetables,SUP-007,1455.94,5.3,59.29,1062.1,420.3,42.1,Yes,Zone-A,4.24,0.46,4,Conveyor-B,4145.77,1250.03,1.98,2597.11,,0,0,Fulfilled,63.58,2,135.26,9.29,3381.5,Good,Low,Quality Re-inspection Required
BATCH-01617,2022-11-08,Night,Potato,Root Vegetables,SUP-017,579.56,2.16,67.71,896.4,420.0,24.1,Yes,Zone-D,6.93,0.86,6,Conveyor-A,3580.43,1733.11,8.54,5927.55,76.19,0,0,Fulfilled,86.81,3,15.13,2.61,272.34,Good,Low,Monitor & Maintain
BATCH-01618,2020-04-11,Night,Tomato,Vegetables,SUP-006,1347.95,8.21,,1160.2,118.2,44.1,Yes,Zone-C,7.99,0.4,5,Conveyor-A,3741.77,1677.19,2.13,5279.77,63.4,0,1,Cancelled,63.08,1,126.44,9.38,3161.0,Good,Low,Quality Re-inspection Required
BATCH-01619,2023-11-20,Night,Mango,Fruits,SUP-019,476.59,10.69,76.82,1424.2,159.1,76.5,Yes,Zone-C,3.25,0.71,2,Conveyor-B,,2302.86,1.56,3422.67,80.43,0,0,Fulfilled,,3,56.57,11.87,3394.2,Good,Medium,Prioritize Dispatch
BATCH-01620,2020-01-21,Night,Onion,Root Vegetables,SUP-006,373.61,5.32,48.16,960.0,351.2,44.1,Yes,Zone-D,9.48,0.25,1,Sorter-X,3057.75,2585.04,8.86,4193.69,64.05,0,0,Fulfilled,87.65,3,18.61,4.98,409.42,Good,Low,Monitor & Maintain
BATCH-01621,2022-05-27,Afternoon,Strawberry,Berries,SUP-002,1998.99,10.86,79.07,1437.8,369.1,91.7,Yes,Zone-A,5.42,,3,Packer-Z,4734.76,2022.37,4.72,5594.94,73.95,0,0,Partial,96.04,2,217.89,10.9,17431.2,Good,Medium,Prioritize Dispatch
BATCH-01622,2022-04-01,Night,Lemon,Citrus,SUP-006,1282.51,8.09,,512.6,328.8,15.9,No,Zone-A,7.46,4.82,6,Conveyor-A,676.0,2941.45,1.99,2248.53,90.82,1,0,Delayed,93.68,2,184.94,14.42,5548.2,Good,Medium,Restore Cold Chain Immediately
BATCH-01623,2020-07-15,Morning,Banana,Fruits,SUP-005,918.88,10.19,57.55,1183.7,498.3,81.9,Yes,Zone-A,7.42,4.66,5,Sorter-X,1809.57,2502.04,6.02,2758.34,51.61,0,0,Fulfilled,79.18,0,127.36,13.86,2547.2,Good,Medium,Prioritize Dispatch
BATCH-01624,2020-08-08,Afternoon,Strawberry,Berries,SUP-019,647.51,8.25,,799.8,434.3,25.3,No,Zone-A,5.87,3.52,5,Packer-Z,731.8,461.48,0.89,1853.56,59.15,0,0,Partial,61.7,3,98.29,15.18,7863.2,Bad,Medium,Restore Cold Chain Immediately
BATCH-01625,2023-03-03,Afternoon,Lemon,Citrus,SUP-020,1247.45,13.31,89.37,864.1,208.5,89.8,Yes,Zone-C,3.57,0.52,1,Sorter-X,3063.84,1571.68,4.56,6901.79,97.83,0,0,Fulfilled,64.74,2,143.08,11.47,4292.4,Good,Medium,Prioritize Dispatch
BATCH-01626,2023-07-19,Morning,Onion,Root Vegetables,SUP-004,194.23,2.77,,1085.2,163.5,23.4,Yes,Zone-B,6.84,2.59,1,Conveyor-B,1022.9,2719.38,6.11,4994.34,72.25,0,0,Fulfilled,63.88,0,17.79,9.16,391.38,Good,Low,Quality Re-inspection Required
BATCH-01627,2021-02-17,Morning,Onion,Root Vegetables,SUP-017,279.89,5.08,81.28,975.9,298.4,72.2,Yes,Zone-C,1.33,1.78,5,Conveyor-A,2656.63,2837.41,9.59,4701.11,65.17,0,0,Fulfilled,64.71,1,24.77,8.85,544.94,Good,Low,Prioritize Dispatch
BATCH-01628,2021-10-01,Night,Banana,Fruits,SUP-011,162.43,9.79,78.76,858.1,408.8,7.8,Yes,Zone-C,9.82,0.11,3,Conveyor-A,3739.77,1202.6,3.6,5763.26,96.16,0,0,Fulfilled,75.96,0,9.19,5.66,183.8,Good,Low,Monitor & Maintain
BATCH-01629,2021-06-02,Morning,Banana,Fruits,SUP-004,1048.42,8.41,78.62,770.0,237.7,61.2,Yes,Zone-D,2.25,4.6,1,Conveyor-A,1239.97,2204.54,7.77,7402.31,95.56,0,0,Fulfilled,93.18,0,76.64,7.31,1532.8,Good,Low,Monitor & Maintain
BATCH-01630,2020-04-15,Afternoon,Onion,Root Vegetables,SUP-013,1241.15,9.05,88.08,1142.0,368.8,22.6,Yes,Zone-C,3.12,12.41,1,Conveyor-B,3899.14,1290.58,1.76,2660.7,,0,0,Fulfilled,56.02,0,133.05,10.72,2927.1,Good,Medium,Expedite Processing
BATCH-01631,2022-09-09,Afternoon,Lemon,Citrus,SUP-020,218.71,16.47,,1006.7,9.6,65.0,Yes,Zone-A,9.57,2.47,2,Packer-Z,770.92,458.61,4.62,2433.35,68.12,0,0,Delayed,65.49,0,35.41,16.19,1062.3,Bad,Medium,Reduce Storage Temperature
BATCH-01632,2023-04-19,Afternoon,Tomato,Vegetables,SUP-017,1470.33,17.95,75.34,788.0,462.9,61.8,Yes,Zone-D,2.27,0.53,4,Packer-Z,1173.31,2665.37,2.62,3372.73,95.64,0,1,Fulfilled,81.26,3,222.61,15.14,5565.25,Bad,Medium,Reduce Storage Temperature
BATCH-01633,2021-03-21,Night,Leafy Greens,Vegetables,SUP-009,537.75,6.48,82.07,,386.9,88.8,No,Zone-D,2.12,1.62,2,Conveyor-A,1760.5,2802.66,5.18,6911.92,58.99,0,0,Fulfilled,,0,63.99,11.9,959.85,Good,Medium,Restore Cold Chain Immediately
BATCH-01634,2023-12-16,Night,Orange,Fruits,SUP-004,1401.88,17.06,66.58,1329.4,197.1,60.9,Yes,Zone-D,8.14,0.23,3,Packer-Z,4082.45,1563.78,4.46,4050.59,78.91,0,0,Fulfilled,68.09,1,180.28,12.86,6309.8,Good,Medium,Reduce Storage Temperature
BATCH-01635,2020-04-20,Morning,Strawberry,Berries,SUP-014,1965.6,10.26,66.66,1359.7,192.0,40.4,Yes,Zone-D,2.89,0.71,4,Conveyor-A,4325.62,153.09,9.81,6270.22,66.04,0,1,Partial,,0,227.03,11.55,18162.4,Good,Medium,Monitor & Maintain
BATCH-01636,2022-08-24,Night,Potato,Root Vegetables,SUP-019,1413.1,6.93,59.34,656.5,51.4,20.2,Yes,Zone-D,1.4,33.56907033602508,5,Packer-Z,1491.71,2466.51,9.22,2839.01,86.83,1,0,Partial,71.43,1,154.17,10.91,2775.06,Good,Medium,Activate Backup Supplier
BATCH-01637,2021-10-16,Night,Strawberry,Berries,SUP-003,1778.07,19.74,80.14,714.0,408.1,63.8,Yes,Zone-A,2.65,0.72,3,Conveyor-A,931.03,1483.19,6.03,4527.85,57.91,0,0,Partial,67.92,2,243.24,13.68,19459.2,Good,Medium,Reduce Storage Temperature
BATCH-01638,2021-10-14,Afternoon,Potato,Root Vegetables,SUP-014,1901.58,16.85,75.88,687.0,384.3,12.9,No,Zone-B,8.94,0.32,3,Packer-Z,4315.79,317.58,2.18,2400.6,79.8,0,1,Fulfilled,85.75,0,304.82,16.03,5486.76,Bad,Medium,Restore Cold Chain Immediately
BATCH-01639,2021-10-30,Afternoon,Lemon,Citrus,SUP-008,1024.83,19.9,,1461.5,315.1,79.9,Yes,Zone-B,3.16,0.01,2,Sorter-X,3422.15,649.24,5.79,4058.94,50.0,0,0,Fulfilled,83.86,2,137.02,13.37,4110.6,Good,Medium,Reduce Storage Temperature
BATCH-01640,2021-01-12,Morning,Potato,Root Vegetables,SUP-001,1434.42,5.03,63.87,1329.0,50.7,25.2,Yes,Zone-D,7.1,1.7,4,Conveyor-A,1210.35,541.15,8.02,3183.86,62.63,0,0,Partial,92.1,1,53.65,3.74,965.7,Good,Low,Monitor & Maintain
BATCH-01641,2022-11-10,Afternoon,Banana,Fruits,SUP-010,1718.74,4.59,48.27,489.5,131.2,51.3,No,Zone-B,4.25,6.93,3,Conveyor-A,,2090.21,0.86,4852.2,58.11,0,0,Partial,95.37,0,238.56,13.88,4771.2,Good,Medium,Restore Cold Chain Immediately
BATCH-01642,2022-11-19,Night,Leafy Greens,Vegetables,SUP-018,777.56,11.06,45.29,1399.2,229.5,58.0,Yes,Zone-C,2.99,1.32,4,Washer-1,4425.67,968.29,4.62,6194.16,60.49,1,0,Fulfilled,94.62,3,100.15,12.88,1502.25,Good,Medium,Activate Backup Supplier
BATCH-01643,2021-02-16,Morning,Leafy Greens,Vegetables,SUP-016,596.65,13.5,68.8,444.2,133.0,36.1,Yes,Zone-B,1.87,0.48,6,Conveyor-A,812.82,470.3,0.91,7111.93,93.02,0,0,Fulfilled,78.77,0,58.47,9.8,877.05,Good,Low,Monitor & Maintain
BATCH-01644,2023-05-04,Morning,Banana,Fruits,SUP-008,1898.54,,63.79,703.8,217.0,64.4,No,Zone-C,9.74,1.24,5,Packer-Z,876.75,2761.18,2.82,3309.13,95.74,0,0,Delayed,63.17,3,295.41,15.56,5908.2,Bad,Medium,Restore Cold Chain Immediately
BATCH-01645,2021-04-07,Afternoon,Mango,Fruits,SUP-001,1479.98,17.49,80.82,1502.8,113.0,25.5,Yes,Zone-A,5.45,1.84,4,Sorter-X,1731.23,2873.94,1.38,5977.6,87.75,1,1,Fulfilled,64.78,3,252.48,17.06,15148.8,Bad,Medium,Reduce Storage Temperature
BATCH-01646,2022-11-24,Afternoon,Lemon,Citrus,SUP-012,517.4,11.58,69.42,1437.2,174.8,5.3,Yes,Zone-D,1.59,3.23,2,Sorter-X,3435.18,501.87,9.63,6805.29,79.51,0,0,Delayed,,2,30.06,5.81,901.8,Good,Low,Monitor & Maintain
BATCH-01647,2020-06-25,Afternoon,Mango,Fruits,SUP-008,953.26,,87.15,1337.7,326.1,92.2,Yes,Zone-C,2.39,1.21,2,Packer-Z,1301.04,767.68,2.1,2385.39,61.54,0,0,Fulfilled,95.41,2,92.75,9.73,5565.0,Good,Low,Prioritize Dispatch
BATCH-01648,2020-09-03,Morning,Mango,Fruits,SUP-016,1613.26,12.84,53.83,949.1,446.2,32.1,No,Zone-A,4.37,0.38,3,Conveyor-B,,1817.15,1.93,5064.27,63.74,0,0,Fulfilled,78.34,3,230.05,14.26,13803.0,Good,Medium,Restore Cold Chain Immediately
BATCH-01649,2021-04-06,Afternoon,Strawberry,Berries,SUP-018,1139.42,13.43,89.56,785.7,192.5,69.1,Yes,Zone-A,5.67,0.42,4,Conveyor-A,3876.94,536.47,9.73,5214.83,65.49,0,0,Fulfilled,96.17,2,101.18,8.88,8094.4,Good,Low,Monitor & Maintain
BATCH-01650,2022-05-17,Night,Onion,Root Vegetables,SUP-004,1334.91,,58.41,1457.9,346.0,49.7,Yes,Zone-D,2.23,4.6,2,Sorter-X,3024.52,559.92,5.4,3242.56,88.85,0,0,Fulfilled,66.54,3,110.66,8.29,2434.52,Good,Low,Quality Re-inspection Required
BATCH-01651,2022-07-31,Morning,Strawberry,Berries,SUP-006,1532.16,20.0,73.91,1188.5,67.4,64.9,Yes,Zone-B,3.14,0.54,1,Packer-Z,1022.3,1076.07,7.7,1790.81,62.64,0,0,Partial,58.8,1,208.22,13.59,16657.6,Good,Medium,Reduce Storage Temperature
BATCH-01652,2021-08-01,Afternoon,Onion,Root Vegetables,SUP-012,1281.82,8.55,67.58,754.6,270.4,12.4,Yes,Zone-A,7.95,2.6,2,Sorter-X,,2852.59,3.61,3151.44,98.67,0,0,Partial,90.04,1,62.94,4.91,1384.68,Good,Low,Monitor & Maintain
BATCH-01653,2020-04-23,Night,Orange,Fruits,SUP-009,1126.15,3.11,61.18,,460.9,50.8,Yes,Zone-B,4.47,0.63,5,Sorter-X,2705.15,2891.08,5.56,5057.31,89.82,0,0,Fulfilled,93.69,0,775.826867647071,3.45,1359.75,Good,Low,Monitor & Maintain
BATCH-01654,2021-06-29,Night,Potato,Root Vegetables,SUP-015,1524.27,17.34,51.27,1457.8,14.0,38.9,Yes,Zone-B,0.51,2.55,1,Packer-Z,2534.33,2541.19,0.57,2801.33,99.99,0,0,Fulfilled,74.72,2,171.63,11.26,3089.34,Good,Medium,Reduce Storage Temperature
BATCH-01655,2022-10-02,Afternoon,Onion,Root Vegetables,SUP-016,1482.37,19.87,51.07,1484.1,133.8,44.5,Yes,Zone-B,1.01,0.16,4,Washer-1,4980.06,2117.57,4.38,3329.48,72.96,0,1,Fulfilled,59.51,1,255.86,17.26,5628.92,Bad,Medium,Reduce Storage Temperature
BATCH-01656,2022-09-06,Night,Banana,Fruits,SUP-012,1296.76,,77.02,1191.2,66.2,92.8,Yes,Zone-C,4.67,0.46,6,Sorter-X,4387.41,2189.95,5.77,5773.03,79.47,0,0,Delayed,56.86,1,214.35,16.53,4287.0,Bad,Medium,Reduce Storage Temperature
BATCH-01657,2020-08-21,Morning,Strawberry,Berries,SUP-014,783.6,17.33,61.99,1279.1,266.6,14.8,Yes,Zone-B,1.07,1.05,3,Sorter-X,2553.65,1461.76,5.39,3974.21,64.02,1,0,Fulfilled,57.75,1,122.4,15.62,9792.0,Bad,Medium,Reduce Storage Temperature
BATCH-01658,2020-01-12,Morning,Lemon,Citrus,SUP-013,871.04,13.27,88.26,447.2,339.8,72.9,Yes,Zone-B,2.15,1.45,1,Conveyor-B,2384.61,1637.45,4.36,2040.12,80.19,0,1,Fulfilled,74.32,3,131.27,15.07,3938.1,Bad,Medium,Prioritize Dispatch
BATCH-01659,2023-01-04,Night,Potato,Root Vegetables,SUP-002,1943.83,18.6,59.65,1125.5,28.9,33.1,No,Zone-A,7.41,,2,Washer-1,931.59,1939.91,7.99,3979.15,98.7,0,0,Fulfilled,65.33,2,338.23,17.4,6088.14,Bad,Medium,Restore Cold Chain Immediately
BATCH-01660,2020-06-04,Morning,Orange,Fruits,SUP-003,313.53,2.64,89.26,1226.8,35.1,29.3,Yes,Zone-D,5.06,1.7,3,Conveyor-B,4669.3,2220.73,5.27,7468.66,51.52,0,0,Partial,75.32,1,20.79,6.63,727.65,Good,Low,Monitor & Maintain
BATCH-01661,2020-04-30,Afternoon,Onion,Root Vegetables,SUP-010,610.16,15.8,54.24,424.5,434.8,27.5,Yes,Zone-C,5.08,0.79,6,Packer-Z,4296.99,380.85,6.54,3176.71,64.46,1,0,Delayed,76.49,1,76.51,12.54,1683.22,Good,Medium,Reduce Storage Temperature
BATCH-01662,2020-01-04,Night,Orange,Fruits,SUP-009,1035.56,14.07,49.63,1412.6,228.1,34.8,Yes,Zone-B,6.18,2.27,6,Conveyor-A,1895.01,752.17,2.25,3201.14,64.06,0,1,Fulfilled,75.16,2,148.6,14.35,5201.0,Good,Medium,Reduce Storage Temperature
BATCH-01663,2021-09-23,Morning,Lemon,Citrus,SUP-020,1689.79,2.89,59.07,1513.9,231.5,35.6,Yes,Zone-D,7.99,1.43,3,Packer-Z,3889.95,2892.54,8.68,2647.04,99.12,0,0,Fulfilled,82.28,3,70.8,4.19,2124.0,Good,Low,Monitor & Maintain
BATCH-01664,2022-01-04,Afternoon,Mango,Fruits,SUP-008,410.98,11.79,84.85,685.5,472.3,27.5,Yes,Zone-B,2.01,,3,Washer-1,3932.28,1071.91,3.95,3238.21,56.63,0,0,Fulfilled,84.89,1,26.63,6.48,1597.8,Good,Low,Monitor & Maintain
BATCH-01665,2022-07-19,Afternoon,Leafy Greens,Vegetables,SUP-010,626.21,11.27,68.48,1415.0,160.1,64.7,Yes,Zone-B,2.14,1.13,3,Packer-Z,1525.6,878.58,5.08,4999.32,90.62,0,0,Fulfilled,72.42,2,59.43,9.49,891.45,Good,Low,Monitor & Maintain
BATCH-01666,2021-03-08,Morning,Lemon,Citrus,SUP-019,225.02,14.45,51.1,1198.6,448.5,6.5,Yes,Zone-A,1.65,4.18,4,Washer-1,3261.45,1323.54,3.85,7264.34,,0,0,Fulfilled,69.83,3,26.37,11.72,791.1,Good,Medium,Reduce Storage Temperature
BATCH-01667,2022-11-03,Night,Pineapple,Fruits,SUP-003,1441.37,3.4,54.11,1096.8,487.1,33.2,Yes,Zone-D,9.4,,4,Conveyor-B,1647.63,943.67,8.97,5190.71,93.03,0,0,Fulfilled,71.21,2,93.11,6.46,4189.95,Good,Low,Monitor & Maintain
BATCH-01668,2020-09-04,Afternoon,Lemon,Citrus,SUP-005,552.6,16.5,59.01,1411.8,120.8,28.3,No,Zone-A,5.98,0.74,4,Sorter-X,4054.49,364.42,9.06,4041.21,74.39,0,0,Delayed,58.09,1,94.55,17.11,2836.5,Bad,Medium,Restore Cold Chain Immediately
BATCH-01669,2023-04-29,Afternoon,Orange,Fruits,SUP-003,838.48,4.51,71.56,,257.0,72.6,Yes,Zone-A,1.38,1.63,2,Packer-Z,1192.14,703.09,2.63,3923.77,62.11,0,0,Delayed,69.15,2,78.57,9.37,2749.95,Good,Low,Prioritize Dispatch
BATCH-01670,2022-04-14,Afternoon,Banana,Fruits,SUP-016,943.03,9.54,59.96,1349.0,267.2,15.8,Yes,Zone-B,2.6,1.42,4,Packer-Z,3510.08,1956.46,7.65,1800.75,85.49,0,1,Delayed,63.8,0,109.2,11.58,2184.0,Good,Medium,Quality Re-inspection Required
BATCH-01671,2022-05-02,Afternoon,Strawberry,Berries,SUP-017,1793.5,17.86,78.62,,433.1,90.4,Yes,Zone-B,7.39,1.46,3,Sorter-X,,747.23,1.48,1674.77,92.08,0,0,Partial,67.8,2,333.41,18.59,26672.8,Bad,High,Reduce Storage Temperature
BATCH-01672,2020-11-02,Night,Banana,Fruits,SUP-015,881.53,12.09,,1344.9,152.0,18.0,Yes,Zone-B,0.78,3.18,1,Packer-Z,,1978.23,0.78,6291.69,73.51,0,0,Fulfilled,86.43,0,73.34,8.32,1466.8,Good,Low,Monitor & Maintain
BATCH-01673,2020-04-18,Morning,Orange,Fruits,SUP-003,375.93,8.83,84.32,,399.0,36.8,No,Zone-D,7.39,1.78,1,Packer-Z,1056.67,390.23,8.45,4507.83,,0,0,Fulfilled,,3,47.59,12.66,1665.65,Good,Medium,Restore Cold Chain Immediately
BATCH-01674,2021-11-09,Morning,Strawberry,Berries,SUP-012,1096.2,2.87,67.54,540.3,485.5,20.8,No,Zone-D,9.16,4.33,6,Conveyor-A,3447.05,221.44,1.75,1852.95,,0,0,Partial,95.64,0,104.8,9.56,8384.0,Good,Low,Restore Cold Chain Immediately
BATCH-01675,2022-06-17,Morning,Pineapple,Fruits,SUP-009,1929.62,14.1,59.9,857.8,420.2,28.9,Yes,Zone-D,1.04,,1,Conveyor-A,1579.61,2598.55,1.97,3321.82,96.88,0,0,Partial,91.15,3,169.03,8.76,7606.35,Good,Low,Reduce Storage Temperature
BATCH-01676,2020-05-18,Afternoon,Leafy Greens,Vegetables,SUP-012,1254.6,19.76,89.83,680.2,454.6,73.5,Yes,Zone-D,2.27,0.04,1,Sorter-X,3339.66,2304.08,6.26,3732.32,54.82,0,0,Partial,87.44,2,181.67,14.48,2725.05,Good,Medium,Reduce Storage Temperature
BATCH-01677,2023-10-19,Night,Potato,Root Vegetables,SUP-015,1968.44,18.41,61.0,520.6,354.2,46.8,Yes,Zone-B,0.52,4.09,1,Conveyor-B,,2031.48,8.26,6210.91,61.1,0,0,Partial,96.58,0,207.28,10.53,3731.04,Good,Medium,Reduce Storage Temperature
BATCH-01678,2023-12-02,Morning,Orange,Fruits,SUP-002,1698.1,,64.29,532.3,452.0,17.3,No,Zone-B,1.54,3.66,6,Packer-Z,3617.21,189.61,2.3,4183.79,64.42,1,0,Delayed,88.09,0,328.07,19.32,11482.45,Bad,High,Restore Cold Chain Immediately
BATCH-01679,2022-03-07,Night,Onion,Root Vegetables,SUP-018,168.33,3.9,,1336.1,82.4,6.4,Yes,Zone-A,6.36,0.1,5,Packer-Z,2718.27,794.13,1.58,6245.83,57.64,1,1,Partial,75.72,1,13.23,7.86,291.06,Good,Low,Activate Backup Supplier
BATCH-01680,2023-10-19,Morning,Orange,Fruits,SUP-020,1350.96,6.31,48.99,1457.7,356.2,23.6,Yes,Zone-B,0.93,0.27,1,Conveyor-B,1888.46,2455.71,1.23,5341.99,,0,0,Fulfilled,,2,54.58,4.04,1910.3,Good,Low,Monitor & Maintain
BATCH-01681,2020-09-18,Afternoon,Orange,Fruits,SUP-012,644.86,,62.39,1512.6,365.9,90.9,Yes,Zone-D,4.55,1.63,1,Packer-Z,1156.19,519.54,0.74,1852.52,72.89,1,0,Fulfilled,68.45,2,80.8,12.53,2828.0,Good,Medium,Prioritize Dispatch
BATCH-01682,2020-02-07,Morning,Strawberry,Berries,SUP-004,1163.27,8.4,48.86,1424.7,219.6,81.5,Yes,Zone-C,5.28,0.09,1,Conveyor-B,2034.94,2457.27,1.61,7288.08,75.93,0,0,Fulfilled,55.15,0,172.28,14.81,13782.4,Good,Medium,Prioritize Dispatch
BATCH-01683,2020-02-27,Afternoon,Tomato,Vegetables,SUP-016,630.76,6.24,51.27,1396.3,39.9,43.4,Yes,Zone-B,9.11,1.06,6,Sorter-X,3357.02,1794.28,9.46,2714.13,52.04,0,0,Partial,70.56,2,60.43,9.58,1510.75,Good,Low,Monitor & Maintain
BATCH-01684,2022-05-07,Afternoon,Lemon,Citrus,SUP-016,762.85,6.4,45.21,482.6,311.2,47.3,Yes,Zone-D,5.01,7.41,2,Sorter-X,3832.13,2247.07,1.41,3261.35,60.96,1,0,Fulfilled,72.81,3,91.54,12.0,2746.2,Good,Medium,Expedite Processing
BATCH-01685,2020-03-30,Morning,Tomato,Vegetables,SUP-001,1854.02,13.1,45.43,1348.1,25.9,86.5,Yes,Zone-A,1.85,0.38,5,Conveyor-B,1221.53,1969.07,6.18,6362.0,90.39,1,0,Fulfilled,87.26,2,278.66,15.03,6966.5,Bad,Medium,Prioritize Dispatch
BATCH-01686,2023-10-31,Night,Pineapple,Fruits,SUP-002,492.62,7.74,62.11,1339.9,191.2,57.6,Yes,Zone-B,3.25,0.46,1,Conveyor-B,3489.23,1309.27,9.25,2762.97,90.53,0,0,Cancelled,92.81,1,36.06,7.32,1622.7,Good,Low,Monitor & Maintain
BATCH-01687,2020-07-26,Afternoon,Onion,Root Vegetables,SUP-003,1760.81,14.19,81.41,557.5,196.8,84.8,Yes,Zone-C,6.89,2.26,6,Washer-1,1306.76,946.73,6.46,3990.32,66.5,0,0,Fulfilled,97.36,3,254.61,14.46,5601.42,Good,Medium,Reduce Storage Temperature
BATCH-01688,2021-03-20,Night,Leafy Greens,Vegetables,SUP-020,157.87,19.06,71.42,1194.4,499.5,48.2,Yes,Zone-D,1.57,0.09,6,Conveyor-A,1498.19,2050.91,0.81,6685.6,73.06,1,0,Fulfilled,70.48,1,24.63,15.6,369.45,Bad,Medium,Reduce Storage Temperature
BATCH-01689,2023-04-15,Morning,Mango,Fruits,SUP-017,272.67,13.49,73.57,943.0,149.9,20.8,No,Zone-B,2.7,3.44,4,Conveyor-A,2890.93,2440.05,6.17,5362.55,59.17,0,0,Fulfilled,97.13,2,29.18,10.7,1750.8,Good,Medium,Restore Cold Chain Immediately
BATCH-01690,2020-11-15,Afternoon,Pineapple,Fruits,SUP-020,1723.88,15.53,68.37,1480.0,410.2,70.2,Yes,Zone-D,9.96,,2,Packer-Z,1801.41,229.72,9.08,3415.09,91.11,0,0,Delayed,90.17,3,194.28,11.27,8742.6,Good,Medium,Reduce Storage Temperature
BATCH-01691,2020-12-20,Night,Mango,Fruits,SUP-001,1298.06,15.53,81.89,1234.5,26.6,51.5,Yes,Zone-C,0.55,1.52,6,Packer-Z,3477.18,1201.74,3.56,5401.93,97.83,1,0,Delayed,56.36,1,211.71,16.31,12702.6,Bad,Medium,Reduce Storage Temperature
BATCH-01692,2022-07-26,Afternoon,Mango,Fruits,SUP-020,1519.75,7.95,84.62,1541.2,264.9,64.8,Yes,Zone-C,1.95,,6,Conveyor-B,4800.99,1117.12,3.48,6381.35,64.57,0,0,Partial,81.19,2,141.03,9.28,8461.8,Good,Low,Monitor & Maintain
BATCH-01693,2021-02-07,Morning,Leafy Greens,Vegetables,SUP-006,497.89,2.27,83.24,525.9,268.3,16.8,Yes,Zone-A,8.52,2.15,5,Conveyor-B,1170.01,1722.47,2.86,4006.6,89.1,0,0,Fulfilled,71.09,1,29.33,5.89,439.95,Good,Low,Monitor & Maintain
BATCH-01694,2020-11-13,Afternoon,Banana,Fruits,SUP-015,1120.46,2.99,81.55,448.7,314.4,62.9,Yes,Zone-C,1.46,1.77,4,Conveyor-A,3067.3,430.38,5.3,4981.43,67.62,0,0,Cancelled,56.5,0,119.44,10.66,2388.8,Good,Medium,Quality Re-inspection Required
BATCH-01695,2021-01-06,Morning,Tomato,Vegetables,SUP-014,1500.72,7.08,53.22,1568.3,405.0,37.9,Yes,Zone-B,0.82,5.85,4,Packer-Z,4654.85,2806.92,2.76,7399.86,50.13,0,0,Fulfilled,78.39,3,158.48,10.56,3962.0,Good,Medium,Expedite Processing
BATCH-01696,2021-12-17,Night,Orange,Fruits,SUP-020,1291.9,14.41,71.72,496.2,381.0,33.2,Yes,Zone-C,1.65,1.18,2,Conveyor-A,1294.38,1690.68,7.38,7264.11,79.99,0,0,Fulfilled,80.73,1,138.88,10.75,4860.8,Good,Medium,Reduce Storage Temperature
BATCH-01697,2023-11-11,Afternoon,Potato,Root Vegetables,SUP-015,996.23,18.32,71.2,,380.5,65.1,Yes,Zone-B,7.09,4.16,6,Sorter-X,2150.83,2778.88,6.63,4617.51,70.52,0,0,Fulfilled,66.1,0,175.14,17.58,3152.52,Bad,Medium,Reduce Storage Temperature
BATCH-01698,2023-04-30,Night,Mango,Fruits,SUP-014,1923.59,19.26,68.76,1180.0,216.1,57.7,Yes,Zone-B,9.93,1.72,4,Conveyor-A,1056.28,2469.13,4.31,2218.58,87.92,0,0,Fulfilled,96.35,3,196.98,10.24,11818.8,Good,Medium,Reduce Storage Temperature
BATCH-01699,2021-02-19,Morning,Onion,Root Vegetables,SUP-005,1384.7,2.47,,1456.1,363.7,63.0,Yes,Zone-D,6.11,4.92,3,Conveyor-A,3389.17,655.75,7.36,5730.96,87.44,0,0,Fulfilled,,1,101.64,7.34,2236.08,Good,Low,Monitor & Maintain
BATCH-01700,2021-06-14,Morning,Pineapple,Fruits,SUP-006,1824.73,19.82,,705.5,245.7,92.7,Yes,Zone-B,1.68,0.69,2,Conveyor-B,3511.14,483.78,1.44,3220.69,97.3,0,0,Delayed,62.74,3,315.86,17.31,14213.7,Bad,Medium,Reduce Storage Temperature
BATCH-01701,2021-11-09,Night,Banana,Fruits,SUP-017,1486.56,7.8,,434.9,33.5,67.9,Yes,Zone-B,2.25,1.6,2,Packer-Z,3488.82,2597.63,7.62,5549.65,71.89,0,1,Fulfilled,86.74,2,168.28,11.32,3365.6,Good,Medium,Monitor & Maintain
BATCH-01702,2023-11-30,Night,Mango,Fruits,SUP-011,1497.38,17.17,85.6,1025.5,445.1,62.2,Yes,Zone-A,5.61,0.99,3,Sorter-X,2939.57,1654.69,6.23,3703.7,74.13,0,0,Delayed,76.96,2,181.63,12.13,10897.8,Good,Medium,Reduce Storage Temperature
BATCH-01703,2020-09-08,Morning,Banana,Fruits,SUP-016,252.03,5.25,73.36,965.3,445.1,59.7,Yes,Zone-D,7.3,0.14,2,Conveyor-A,3858.17,157.25,6.49,5835.99,,0,0,Partial,75.82,0,16.05,6.37,321.0,Good,Low,Monitor & Maintain
BATCH-01704,2021-06-05,Night,Banana,Fruits,SUP-012,782.98,3.13,56.8,768.3,161.4,39.5,No,Zone-B,6.8,1.71,4,Conveyor-A,661.45,2809.26,1.11,3794.14,64.85,1,0,Fulfilled,91.72,3,100.69,12.86,2013.8,Good,Medium,Restore Cold Chain Immediately
BATCH-01705,2022-11-30,Morning,Mango,Fruits,SUP-015,1730.9,8.81,57.57,1448.7,457.0,80.9,Yes,Zone-A,5.96,3.16,4,Conveyor-B,4808.81,1471.78,6.37,7128.34,81.89,0,0,Cancelled,61.08,0,232.98,13.46,13978.8,Good,Medium,Prioritize Dispatch
BATCH-01706,2023-11-08,Night,Strawberry,Berries,SUP-004,541.95,17.46,,,379.0,37.8,Yes,Zone-D,9.87,1.62,4,Washer-1,1499.43,972.72,5.19,2454.07,91.4,0,0,Partial,76.6,2,37.56,6.93,3004.8,Good,Low,Reduce Storage Temperature
BATCH-01707,2020-08-15,Morning,Lemon,Citrus,SUP-018,319.46,5.97,63.31,,200.4,67.8,No,Zone-C,2.38,0.66,3,Packer-Z,1047.03,1598.13,5.12,2057.43,57.89,0,0,Partial,89.35,1,42.1,13.18,1263.0,Good,Medium,Restore Cold Chain Immediately
BATCH-01708,2020-11-27,Morning,Onion,Root Vegetables,SUP-003,719.6,4.77,64.86,594.2,165.8,29.6,Yes,Zone-B,2.14,0.61,4,Packer-Z,4735.11,2486.46,3.56,6198.77,99.09,0,0,Fulfilled,84.06,3,26.34,3.66,579.48,Good,Low,Monitor & Maintain
BATCH-01709,2020-11-25,Afternoon,Orange,Fruits,SUP-008,518.83,18.38,47.73,,487.6,15.9,No,Zone-C,8.66,0.54,3,Packer-Z,4236.97,419.85,0.57,3991.7,84.19,0,0,Partial,55.24,0,89.13,17.18,3119.55,Bad,Medium,Restore Cold Chain Immediately
BATCH-01710,2020-01-31,Morning,Orange,Fruits,SUP-003,1858.05,18.89,51.24,1570.1,356.3,14.2,Yes,Zone-D,3.26,,3,Conveyor-A,3941.92,1140.91,4.52,4364.99,,1,0,Fulfilled,89.65,2,295.99,15.93,10359.65,Bad,Medium,Reduce Storage Temperature
BATCH-01711,2022-06-01,Morning,Onion,Root Vegetables,SUP-008,1749.14,,62.7,1134.3,189.4,61.6,Yes,Zone-D,3.66,1.02,3,Conveyor-A,971.36,1024.71,4.31,7085.48,,0,0,Fulfilled,96.57,1,85.36,4.88,1877.92,Good,Low,Monitor & Maintain
BATCH-01712,2022-09-06,Afternoon,Strawberry,Berries,SUP-018,1049.4,,76.49,605.6,321.0,32.8,Yes,Zone-A,5.71,0.76,2,Conveyor-A,4133.88,2534.98,4.52,5087.44,75.2,0,0,Fulfilled,86.01,2,102.0,9.72,8160.0,Good,Low,Reduce Storage Temperature
BATCH-01713,2022-05-29,Afternoon,Orange,Fruits,SUP-010,216.55,,47.16,1594.9,285.8,27.9,No,Zone-B,4.12,1.08,5,Washer-1,3240.61,2357.56,6.31,5495.59,53.56,1,0,Fulfilled,93.54,2,31.36,14.48,1097.6,Good,Medium,Restore Cold Chain Immediately
BATCH-01714,2020-04-14,Night,Banana,Fruits,SUP-020,1457.67,8.74,60.06,1034.0,262.3,57.7,Yes,Zone-B,3.23,0.25,6,Conveyor-A,3793.59,1260.3,3.35,1773.1,89.51,1,0,Partial,70.88,1,209.76,14.39,4195.2,Good,Medium,Activate Backup Supplier
BATCH-01715,2020-04-11,Night,Leafy Greens,Vegetables,SUP-017,1284.48,10.44,76.28,1408.1,322.4,4.4,Yes,Zone-A,9.21,0.44,3,Packer-Z,4901.32,2027.02,3.06,5555.69,93.54,0,0,Partial,70.43,1,110.47,8.6,1657.05,Good,Low,Monitor & Maintain
BATCH-01716,2020-11-03,Morning,Pineapple,Fruits,SUP-008,1944.05,9.68,80.64,579.2,268.8,25.1,Yes,Zone-C,1.73,1.42,4,Packer-Z,1374.99,1243.89,5.23,3916.33,58.12,0,0,Fulfilled,69.12,3,120.73,6.21,5432.85,Good,Low,Quality Re-inspection Required
BATCH-01717,2021-02-27,Night,Tomato,Vegetables,SUP-011,1162.01,,53.56,1199.3,327.4,34.0,Yes,Zone-D,4.34,3.21,3,Conveyor-B,2769.72,1756.81,6.13,4333.85,51.21,0,0,Partial,,1,92.03,7.92,2300.75,Good,Low,Monitor & Maintain
BATCH-01718,2023-02-22,Night,Orange,Fruits,SUP-005,739.15,12.48,77.92,1495.1,453.8,68.6,No,Zone-A,0.53,4.18,6,Washer-1,3890.08,2974.52,5.89,6354.77,56.79,0,0,Fulfilled,96.45,1,121.07,16.38,4237.45,Bad,Medium,Restore Cold Chain Immediately
BATCH-01719,2020-08-20,Morning,Onion,Root Vegetables,SUP-013,1086.14,10.38,87.99,,496.6,53.2,Yes,Zone-D,8.17,4.02,1,Sorter-X,2451.45,1653.17,8.88,4703.24,66.2,0,1,Fulfilled,,2,96.88,8.92,2131.36,Good,Low,Monitor & Maintain
BATCH-01720,2020-03-05,Afternoon,Leafy Greens,Vegetables,SUP-005,1960.6,14.63,85.81,746.4,354.6,82.5,Yes,Zone-C,2.1,,2,Conveyor-A,745.94,2966.87,7.81,7393.72,96.21,0,0,Fulfilled,61.61,2,403.49,20.58,6052.35,Bad,High,Reduce Storage Temperature
BATCH-01721,2021-07-29,Afternoon,Mango,Fruits,SUP-013,1423.09,14.93,80.52,552.9,463.9,33.4,Yes,Zone-C,7.84,0.27,4,Sorter-X,1001.48,2266.88,1.0,6289.47,50.12,0,0,Partial,82.55,2,137.33,9.65,8239.8,Good,Low,Reduce Storage Temperature
BATCH-01722,2021-08-30,Morning,Lemon,Citrus,SUP-006,1376.75,9.93,77.05,755.1,429.2,29.9,Yes,Zone-C,1.91,0.08,2,Conveyor-A,3209.41,450.09,5.85,5893.12,90.19,0,0,Partial,98.82,1,51.63,3.75,1548.9,Good,Low,Monitor & Maintain
BATCH-01723,2021-10-20,Morning,Onion,Root Vegetables,SUP-005,557.3,4.56,55.58,825.9,147.5,5.1,Yes,Zone-B,4.46,0.22,2,Washer-1,,2408.3,4.47,5080.27,92.74,1,0,Fulfilled,68.0,3,50.1,8.99,1102.2,Good,Low,Activate Backup Supplier
BATCH-01724,2023-04-22,Morning,Banana,Fruits,SUP-009,1512.84,13.53,73.53,1251.9,466.5,91.5,Yes,Zone-D,7.42,1.84,1,Washer-1,1120.28,567.73,3.93,4056.02,90.55,0,1,Fulfilled,82.93,2,231.46,15.3,4629.2,Bad,Medium,Prioritize Dispatch
BATCH-01725,2020-05-23,Morning,Lemon,Citrus,SUP-016,1525.52,15.91,73.95,614.3,35.4,49.1,Yes,Zone-D,3.07,1.62,3,Packer-Z,2029.51,1643.75,9.6,1967.19,54.11,0,0,Fulfilled,94.89,2,140.5,9.21,4215.0,Good,Low,Reduce Storage Temperature
BATCH-01726,2022-10-24,Morning,Pineapple,Fruits,SUP-002,702.85,13.49,63.31,,165.0,49.2,No,Zone-A,3.48,2.22,4,Washer-1,1404.41,1878.41,4.84,1767.46,83.96,0,0,Partial,94.58,1,116.67,16.6,5250.15,Bad,Medium,Restore Cold Chain Immediately
BATCH-01727,2021-05-08,Morning,Pineapple,Fruits,SUP-001,1019.06,12.58,67.19,864.3,320.0,88.8,Yes,Zone-D,6.84,0.93,5,Sorter-X,607.73,2687.47,7.33,1931.67,97.7,0,0,Delayed,69.14,1,150.21,14.74,6759.45,Good,Medium,Prioritize Dispatch
BATCH-01728,2021-03-28,Night,Strawberry,Berries,SUP-008,659.75,6.13,76.23,950.4,263.5,29.3,No,Zone-B,2.28,,2,Sorter-X,1183.16,710.23,9.69,7230.84,56.02,0,0,Partial,59.13,0,97.18,14.73,7774.4,Good,Medium,Restore Cold Chain Immediately
BATCH-01729,2023-09-23,Night,Potato,Root Vegetables,SUP-019,591.54,13.61,87.84,1154.1,271.2,33.2,No,Zone-A,9.54,,6,Washer-1,4473.85,2640.23,1.93,3537.86,51.58,0,0,Fulfilled,83.42,1,95.59,16.16,1720.62,Bad,Medium,Restore Cold Chain Immediately
BATCH-01730,2020-12-28,Night,Strawberry,Berries,SUP-011,149.2,,58.29,1249.0,397.4,63.7,Yes,Zone-C,2.29,0.16,5,Sorter-X,554.17,2810.03,1.02,5730.54,93.68,1,1,Fulfilled,96.67,2,16.35,10.96,1308.0,Good,Medium,Activate Backup Supplier
BATCH-01731,2022-07-27,Afternoon,Leafy Greens,Vegetables,SUP-012,641.9,18.55,56.09,,97.4,75.8,No,Zone-D,7.62,3.22,5,Conveyor-A,3982.33,359.51,3.48,5112.97,82.25,0,0,Cancelled,77.35,1,121.51,18.93,1822.65,Bad,High,Restore Cold Chain Immediately
BATCH-01732,2021-02-05,Morning,Lemon,Citrus,SUP-012,1152.54,13.77,72.08,746.7,491.0,67.7,Yes,Zone-B,8.12,5.12,3,Conveyor-B,3890.57,2667.33,0.92,4981.39,82.32,0,0,Delayed,,0,137.38,11.92,4121.4,Good,Medium,Expedite Processing
BATCH-01733,2022-01-10,Morning,Potato,Root Vegetables,SUP-007,103.04,,50.89,1034.3,218.7,76.1,No,Zone-B,4.06,0.98,5,Packer-Z,3039.07,851.62,1.61,5025.39,98.22,0,0,Cancelled,93.01,3,13.68,13.28,246.24,Good,Medium,Restore Cold Chain Immediately
BATCH-01734,2023-02-21,Night,Mango,Fruits,SUP-013,638.12,10.51,71.21,839.2,474.9,56.1,Yes,Zone-D,1.98,2.69,4,Conveyor-B,1438.01,334.9,9.92,3416.34,88.49,0,0,Partial,73.68,0,51.69,8.1,3101.4,Good,Low,Monitor & Maintain
BATCH-01735,2023-07-11,Afternoon,Banana,Fruits,SUP-008,1774.68,17.24,49.0,401.7,191.6,83.1,No,Zone-B,2.08,1.59,3,Sorter-X,4451.27,2879.87,9.62,6810.75,69.87,0,0,Fulfilled,84.96,3,401.79,22.64,8035.8,Bad,High,Restore Cold Chain Immediately
BATCH-01736,2023-05-09,Night,Lemon,Citrus,SUP-009,1227.93,8.04,67.08,1095.3,300.9,53.7,Yes,Zone-C,9.86,0.54,6,Packer-Z,2637.84,1237.39,7.07,7000.59,,1,0,Delayed,72.1,3,125.74,10.24,3772.2,Good,Medium,Activate Backup Supplier
BATCH-01737,2022-04-29,Morning,Strawberry,Berries,SUP-007,1254.94,11.46,72.92,1379.0,225.2,23.6,No,Zone-D,7.39,0.14,5,Conveyor-B,1279.43,1906.65,7.65,5404.69,57.23,0,0,Delayed,71.59,2,175.44,13.98,14035.2,Good,Medium,Restore Cold Chain Immediately
BATCH-01738,2020-12-29,Morning,Tomato,Vegetables,SUP-015,866.39,14.23,48.15,443.7,338.0,52.9,No,Zone-D,4.78,0.56,3,Conveyor-B,,1703.33,1.83,6679.54,65.2,0,0,Fulfilled,63.26,1,159.76,18.44,3994.0,Bad,High,Restore Cold Chain Immediately
BATCH-01739,2022-08-23,Night,Potato,Root Vegetables,SUP-002,1385.3,15.58,54.31,404.2,91.8,69.0,Yes,Zone-D,2.94,1.86,4,Sorter-X,1377.13,718.23,6.15,2008.49,72.27,0,0,Partial,58.89,1,227.19,16.4,4089.42,Bad,Medium,Reduce Storage Temperature
BATCH-01740,2022-11-02,Night,Potato,Root Vegetables,SUP-020,460.87,5.13,60.09,1273.4,200.3,63.4,Yes,Zone-A,0.68,0.08,2,Packer-Z,2192.04,2041.74,1.97,2243.27,63.05,0,0,Delayed,93.95,0,30.69,6.66,552.42,Good,Low,Monitor & Maintain
BATCH-01741,2020-01-16,Morning,Banana,Fruits,SUP-012,1655.62,12.17,61.59,1220.6,34.2,24.8,No,Zone-C,6.87,3.62,1,Packer-Z,2735.09,233.73,4.09,4908.17,,0,0,Delayed,62.97,1,283.11,17.1,5662.2,Bad,Medium,Restore Cold Chain Immediately
BATCH-01742,2021-10-03,Night,Orange,Fruits,SUP-001,321.71,18.42,75.42,887.0,299.1,5.9,Yes,Zone-B,9.59,7.03,3,Conveyor-B,2119.55,688.98,3.78,6578.21,50.59,0,0,Partial,57.74,3,57.07,17.74,1997.45,Bad,Medium,Reduce Storage Temperature
BATCH-01743,2023-05-16,Morning,Pineapple,Fruits,SUP-008,1346.4,,68.81,1193.9,481.3,25.7,Yes,Zone-D,1.52,0.17,6,Packer-Z,3456.7,2839.52,6.33,3492.64,79.35,0,0,Fulfilled,80.62,2,182.57,13.56,8215.65,Good,Medium,Reduce Storage Temperature
BATCH-01744,2021-12-15,Night,Pineapple,Fruits,SUP-005,748.18,13.81,62.19,1544.1,23.0,94.5,Yes,Zone-D,7.67,0.57,1,Packer-Z,4711.63,2865.17,1.26,4844.2,88.58,0,0,Partial,79.02,2,103.55,13.84,4659.75,Good,Medium,Prioritize Dispatch
BATCH-01745,2021-03-30,Afternoon,Tomato,Vegetables,SUP-015,1520.27,19.71,65.28,697.4,329.8,19.3,Yes,Zone-B,1.96,2.25,2,Conveyor-A,2066.67,1499.7,1.48,1717.87,86.61,1,0,Fulfilled,79.98,3,230.93,15.19,5773.25,Bad,Medium,Reduce Storage Temperature
BATCH-01746,2023-06-26,Morning,Leafy Greens,Vegetables,SUP-001,1144.55,12.27,45.58,695.1,387.5,45.7,Yes,Zone-C,8.02,3.28,6,Sorter-X,,590.31,6.29,7392.32,82.19,0,0,Fulfilled,75.6,3,122.47,10.7,1837.05,Good,Medium,Monitor & Maintain
BATCH-01747,2020-08-15,Afternoon,Leafy Greens,Vegetables,SUP-001,959.47,9.97,79.67,623.5,106.6,62.0,Yes,Zone-B,4.02,0.85,4,Sorter-X,3822.36,1322.7,6.54,6116.16,70.52,0,0,Fulfilled,61.25,3,117.92,12.29,1768.8,Good,Medium,Quality Re-inspection Required
BATCH-01748,2020-10-28,Night,Mango,Fruits,SUP-010,421.9,11.93,46.85,1268.8,136.5,84.7,Yes,Zone-B,7.26,1.45,6,Conveyor-A,2887.66,2643.51,3.73,3759.85,95.92,0,0,Fulfilled,55.92,3,57.59,13.65,3455.4,Good,Medium,Prioritize Dispatch
BATCH-01749,2022-09-30,Afternoon,Lemon,Citrus,SUP-010,1309.96,4.08,82.32,823.8,100.8,73.5,Yes,Zone-D,9.3,4.45,2,Conveyor-B,2429.78,303.79,1.9,7371.3,66.45,0,0,Fulfilled,57.04,1,131.13,10.01,3933.9,Good,Medium,Prioritize Dispatch
BATCH-01750,2021-05-29,Night,Onion,Root Vegetables,SUP-015,1952.06,9.23,69.34,1586.4,148.7,87.4,Yes,Zone-A,6.39,,1,Washer-1,4162.14,470.82,8.92,2197.01,87.51,0,1,Fulfilled,96.5,3,262.94,13.47,5784.68,Good,Medium,Prioritize Dispatch
BATCH-01751,2022-11-07,Afternoon,Orange,Fruits,SUP-017,1668.65,10.25,68.75,1257.6,55.0,58.8,Yes,Zone-A,9.25,0.17,4,Conveyor-B,4509.66,2697.39,1.0,4356.86,96.33,1,0,Fulfilled,78.4,1,186.56,11.18,6529.6,Good,Medium,Activate Backup Supplier
BATCH-01752,2020-08-18,Afternoon,Strawberry,Berries,SUP-006,214.02,17.28,76.71,840.9,185.2,83.3,Yes,Zone-A,2.73,10.55,6,Conveyor-A,3157.64,1304.61,7.32,2001.93,56.42,0,0,Partial,72.59,2,39.81,18.6,3184.8,Bad,High,Reduce Storage Temperature
BATCH-01753,2021-01-03,Afternoon,Onion,Root Vegetables,SUP-003,814.84,15.66,83.68,579.0,184.5,26.8,Yes,Zone-A,9.79,0.4,5,Packer-Z,1332.96,342.03,1.83,3606.15,97.35,0,0,Partial,73.08,1,79.2,9.72,1742.4,Good,Low,Reduce Storage Temperature
BATCH-01754,2020-08-16,Morning,Onion,Root Vegetables,SUP-013,1858.61,12.83,87.42,1110.4,403.6,42.5,Yes,Zone-A,8.79,0.1,5,Conveyor-A,2598.29,503.71,6.56,2934.51,88.8,0,0,Delayed,83.7,3,164.67,8.86,3622.74,Good,Low,Monitor & Maintain
BATCH-01755,2023-10-23,Afternoon,Potato,Root Vegetables,SUP-016,1055.78,8.25,69.45,753.9,400.5,81.3,No,Zone-D,1.52,1.06,3,Sorter-X,2769.67,2659.1,6.8,3499.16,80.83,1,0,Partial,71.57,0,212.32,20.11,3821.76,Bad,High,Restore Cold Chain Immediately
BATCH-01756,2021-08-14,Night,Tomato,Vegetables,SUP-008,1358.01,5.37,51.78,1486.6,398.4,32.6,Yes,Zone-A,4.43,0.26,5,Packer-Z,2444.93,1521.3,8.14,7164.45,,0,1,Partial,90.04,0,88.68,6.53,2217.0,Good,Low,Monitor & Maintain
BATCH-01757,2021-05-07,Night,Pineapple,Fruits,SUP-015,1833.94,8.26,84.54,,283.5,83.9,Yes,Zone-B,9.31,,6,Conveyor-B,1680.94,572.68,4.25,4141.96,95.21,0,0,Fulfilled,66.44,1,234.19,12.77,10538.55,Good,Medium,Expedite Processing
BATCH-01758,2020-01-21,Morning,Mango,Fruits,SUP-017,1760.21,14.24,46.83,751.2,162.9,36.1,Yes,Zone-D,1.24,0.96,1,Packer-Z,2625.45,2692.77,0.71,3547.44,,0,0,Fulfilled,71.16,0,176.55,10.03,10593.0,Good,Medium,Reduce Storage Temperature
BATCH-01759,2020-08-11,Morning,Leafy Greens,Vegetables,SUP-017,1053.46,6.73,81.33,1106.3,205.5,36.2,Yes,Zone-B,4.81,3.5,5,Sorter-X,,2551.31,8.2,5382.89,71.59,1,0,Fulfilled,96.14,2,106.29,10.09,1594.35,Good,Medium,Activate Backup Supplier
BATCH-01760,2021-09-06,Night,Tomato,Vegetables,SUP-013,931.53,9.68,75.62,564.4,158.9,31.0,Yes,Zone-A,7.37,0.39,3,Conveyor-A,1442.72,166.77,4.72,5630.38,87.83,0,0,Delayed,66.45,1,82.16,8.82,2054.0,Good,Low,Quality Re-inspection Required
BATCH-01761,2020-04-10,Afternoon,Potato,Root Vegetables,SUP-017,745.42,8.96,85.71,1073.9,291.0,53.4,No,Zone-C,0.82,0.3,4,Conveyor-B,4565.44,1784.87,8.55,7375.7,90.56,0,0,Partial,84.11,0,108.53,14.56,1953.54,Good,Medium,Restore Cold Chain Immediately
BATCH-01762,2022-01-15,Night,Strawberry,Berries,SUP-006,1466.14,15.78,85.39,467.3,469.0,14.1,Yes,Zone-A,7.65,2.1,5,Washer-1,4484.03,808.58,7.87,4832.6,60.11,0,0,Fulfilled,71.04,2,172.71,11.78,13816.8,Good,Medium,Reduce Storage Temperature
BATCH-01763,2021-10-26,Morning,Mango,Fruits,SUP-017,645.27,17.91,47.39,1128.3,142.2,5.4,Yes,Zone-D,3.93,,3,Washer-1,3918.27,1646.09,5.23,6032.39,52.38,0,0,Partial,75.73,1,79.37,12.3,4762.2,Good,Medium,Reduce Storage Temperature
BATCH-01764,2023-01-25,Morning,Potato,Root Vegetables,SUP-016,574.79,14.59,,1036.2,229.4,86.4,No,Zone-B,2.87,0.24,5,Conveyor-A,2304.26,909.88,9.99,3880.38,90.14,0,0,Fulfilled,56.99,1,115.07,20.02,2071.26,Bad,High,Restore Cold Chain Immediately
BATCH-01765,2022-08-21,Night,Pineapple,Fruits,SUP-014,776.87,,50.61,1024.9,327.6,89.3,Yes,Zone-C,5.97,40.73001771937996,5,Conveyor-B,2166.54,1016.04,4.89,2653.7,71.09,0,0,Fulfilled,62.36,1,99.91,12.86,4495.95,Good,Medium,Prioritize Dispatch
BATCH-01766,2021-10-13,Afternoon,Pineapple,Fruits,SUP-013,436.71,9.8,,1221.0,422.3,9.2,No,Zone-C,5.67,0.18,6,Conveyor-B,,1845.37,7.12,4157.34,57.18,0,0,Fulfilled,59.48,1,61.88,14.17,2784.6,Good,Medium,Restore Cold Chain Immediately
BATCH-01767,2020-11-24,Afternoon,Pineapple,Fruits,SUP-006,1420.73,4.58,65.17,453.3,126.7,53.7,No,Zone-C,8.8,3.34,1,Packer-Z,3236.54,1662.69,6.86,4093.09,54.28,1,0,Fulfilled,,3,186.83,13.15,8407.35,Good,Medium,Restore Cold Chain Immediately
BATCH-01768,2022-11-27,Morning,Tomato,Vegetables,SUP-003,1270.86,5.03,49.39,951.7,140.1,52.7,No,Zone-B,6.92,4.8,3,Conveyor-A,3202.69,1246.06,5.42,4103.76,82.03,1,1,Fulfilled,97.31,0,194.31,15.29,4857.75,Bad,Medium,Restore Cold Chain Immediately
BATCH-01769,2022-10-30,Night,Tomato,Vegetables,SUP-014,1017.47,4.96,77.76,932.8,442.6,37.0,No,Zone-D,4.51,1.98,3,Packer-Z,1058.5,411.95,6.06,5700.39,,0,1,Cancelled,57.99,1,171.14,16.82,4278.5,Bad,Medium,Restore Cold Chain Immediately
BATCH-01770,2020-08-11,Night,Leafy Greens,Vegetables,SUP-014,841.62,4.35,88.6,951.7,40.1,55.5,Yes,Zone-C,6.68,2.33,2,Conveyor-A,3282.28,2911.33,8.09,4018.52,92.7,0,0,Partial,58.38,1,69.85,8.3,1047.75,Good,Low,Quality Re-inspection Required
BATCH-01771,2023-08-28,Morning,Leafy Greens,Vegetables,SUP-015,1827.22,5.23,70.63,1575.9,302.7,45.1,Yes,Zone-B,7.63,0.11,2,Sorter-X,4558.38,606.36,5.93,7203.69,51.58,0,0,Partial,79.3,0,99.58,5.45,1493.7,Good,Low,Monitor & Maintain
BATCH-01772,2020-04-04,Night,Strawberry,Berries,SUP-008,155.34,5.65,,567.1,430.2,48.0,Yes,Zone-B,9.4,,3,Conveyor-A,886.17,1936.04,4.78,7369.78,93.42,0,0,Partial,77.18,0,11.06,7.12,884.8,Good,Low,Monitor & Maintain
BATCH-01773,2020-03-21,Morning,Mango,Fruits,SUP-015,1561.3,4.01,82.94,1228.5,460.9,73.0,No,Zone-A,7.19,0.4,6,Packer-Z,2026.27,339.96,6.79,4700.73,94.36,0,0,Fulfilled,83.63,2,204.37,13.09,12262.2,Good,Medium,Restore Cold Chain Immediately
BATCH-01774,2020-09-30,Afternoon,Banana,Fruits,SUP-013,1813.63,13.52,83.39,882.4,6.3,51.4,Yes,Zone-B,5.67,0.64,1,Conveyor-B,2790.56,2096.11,0.84,4904.56,72.31,0,0,Cancelled,87.42,0,174.47,9.62,3489.4,Good,Low,Monitor & Maintain
BATCH-01775,2023-08-20,Afternoon,Banana,Fruits,SUP-017,948.07,19.83,77.98,,184.8,32.4,Yes,Zone-D,4.04,2.85,5,Conveyor-A,3587.04,375.04,1.54,4028.31,53.83,1,0,Cancelled,90.08,1,163.26,17.22,3265.2,Bad,Medium,Reduce Storage Temperature
BATCH-01776,2022-01-29,Night,Potato,Root Vegetables,SUP-003,1146.31,17.83,72.68,1314.9,128.6,56.7,No,Zone-D,8.97,1.14,4,Conveyor-B,903.36,765.57,1.69,3726.0,97.34,0,0,Partial,61.56,3,230.18,20.08,4143.24,Bad,High,Restore Cold Chain Immediately
BATCH-01777,2023-02-24,Afternoon,Pineapple,Fruits,SUP-006,1894.48,2.82,84.05,588.9,284.0,62.2,Yes,Zone-C,8.03,0.16,6,Sorter-X,4427.63,1976.26,4.54,7384.75,53.6,1,0,Fulfilled,56.66,0,219.0,11.56,9855.0,Good,Medium,Activate Backup Supplier
BATCH-01778,2020-11-28,Afternoon,Mango,Fruits,SUP-005,503.33,9.62,52.35,1316.3,316.4,64.3,Yes,Zone-B,1.23,3.83,5,Washer-1,682.46,920.51,8.78,1896.22,79.53,0,0,Delayed,94.12,3,43.19,8.58,2591.4,Good,Low,Monitor & Maintain
BATCH-01779,2021-12-16,Morning,Onion,Root Vegetables,SUP-017,1088.26,17.47,86.92,484.4,499.9,60.1,No,Zone-B,7.15,10.18,4,Washer-1,4359.6,1645.27,6.61,4042.6,74.66,0,0,Fulfilled,75.66,1,265.75,24.42,5846.5,Bad,High,Restore Cold Chain Immediately
BATCH-01780,2021-06-07,Morning,Tomato,Vegetables,SUP-002,1001.97,4.42,87.62,980.0,256.4,64.5,Yes,Zone-A,5.62,,1,Packer-Z,624.43,461.07,9.74,2539.29,91.75,0,0,Partial,97.73,0,63.12,6.3,1578.0,Good,Low,Monitor & Maintain
BATCH-01781,2023-04-23,Night,Lemon,Citrus,SUP-015,590.95,17.26,84.24,1290.5,275.7,31.1,Yes,Zone-A,1.48,1.43,2,Conveyor-A,1190.85,686.96,0.88,5879.69,75.13,0,0,Fulfilled,78.44,3,81.91,13.86,2457.3,Good,Medium,Reduce Storage Temperature
BATCH-01782,2020-02-03,Morning,Orange,Fruits,SUP-005,1655.33,12.67,56.28,631.1,207.2,43.9,Yes,Zone-B,5.87,0.16,3,Sorter-X,4101.46,2227.95,7.36,2789.73,,1,0,Fulfilled,77.44,2,211.39,12.77,7398.65,Good,Medium,Activate Backup Supplier
BATCH-01783,2020-12-22,Night,Strawberry,Berries,SUP-020,1809.24,18.76,83.62,1325.1,73.8,64.9,Yes,Zone-B,2.33,0.97,1,Sorter-X,4370.74,201.9,3.48,6799.79,94.03,1,0,Delayed,82.41,2,306.12,16.92,24489.6,Bad,Medium,Reduce Storage Temperature
BATCH-01784,2020-08-10,Night,Pineapple,Fruits,SUP-006,1585.67,17.77,67.39,600.2,151.7,72.9,Yes,Zone-B,7.23,0.93,4,Conveyor-B,4920.2,424.22,0.72,3835.72,98.2,0,0,Cancelled,62.49,2,241.18,15.21,10853.1,Bad,Medium,Reduce Storage Temperature
BATCH-01785,2023-06-08,Morning,Pineapple,Fruits,SUP-006,471.18,14.19,71.77,1359.1,123.5,42.8,Yes,Zone-A,3.15,6.75,6,Packer-Z,1020.72,723.37,8.35,6988.63,77.46,0,0,Delayed,66.18,2,76.14,16.16,3426.3,Bad,Medium,Reduce Storage Temperature
BATCH-01786,2021-11-13,Afternoon,Pineapple,Fruits,SUP-018,264.82,13.84,82.83,962.7,400.6,36.3,Yes,Zone-A,1.93,2.16,3,Sorter-X,2869.03,158.55,2.05,7391.93,72.74,0,0,Fulfilled,94.86,3,24.89,9.4,1120.05,Good,Low,Monitor & Maintain
BATCH-01787,2021-08-13,Afternoon,Tomato,Vegetables,SUP-018,1250.34,5.84,46.33,1221.6,272.9,69.3,Yes,Zone-D,1.28,3.05,4,Conveyor-A,847.2,376.6,2.53,6140.51,,0,0,Fulfilled,64.34,3,128.91,10.31,3222.75,Good,Medium,Quality Re-inspection Required
BATCH-01788,2021-10-18,Afternoon,Tomato,Vegetables,SUP-004,208.48,4.1,,1500.9,148.1,22.9,Yes,Zone-C,5.16,0.27,5,Sorter-X,1203.83,916.04,3.73,5280.55,91.55,0,0,Cancelled,65.25,3,8.8,4.22,220.0,Good,Low,Quality Re-inspection Required
BATCH-01789,2023-11-20,Afternoon,Orange,Fruits,SUP-017,1378.37,9.48,81.71,890.1,244.5,2.9,Yes,Zone-C,2.4,1.08,5,Washer-1,1285.22,369.46,7.99,2530.93,65.97,0,1,Fulfilled,77.44,3,63.82,4.63,2233.7,Good,Low,Monitor & Maintain
BATCH-01790,2023-05-26,Night,Onion,Root Vegetables,SUP-014,1107.81,5.36,81.63,679.5,109.4,46.3,Yes,Zone-C,8.62,0.43,6,Packer-Z,785.25,2611.75,6.43,7081.08,78.81,0,0,Partial,83.21,2,68.57,6.19,1508.54,Good,Low,Monitor & Maintain
BATCH-01791,2022-10-28,Afternoon,Mango,Fruits,SUP-014,1359.29,3.84,83.19,1440.6,92.6,18.3,Yes,Zone-C,0.53,3.93,5,Conveyor-B,4518.41,291.61,3.02,6173.6,57.71,0,0,Fulfilled,55.04,3,96.24,7.08,5774.4,Good,Low,Quality Re-inspection Required
BATCH-01792,2021-02-28,Night,Pineapple,Fruits,SUP-013,1221.32,7.44,52.61,593.9,430.0,37.6,Yes,Zone-A,8.51,0.33,3,Conveyor-A,1068.6,2596.85,2.1,3333.55,,1,1,Fulfilled,75.1,0,90.13,7.38,4055.85,Good,Low,Activate Backup Supplier
BATCH-01793,2020-08-29,Morning,Banana,Fruits,SUP-007,903.13,17.49,76.76,1157.8,472.4,29.4,Yes,Zone-A,5.45,1.16,2,Washer-1,3332.03,2486.29,1.54,4382.0,91.7,0,1,Delayed,72.56,1,117.5,13.01,2350.0,Good,Medium,Reduce Storage Temperature
BATCH-01794,2023-09-07,Morning,Leafy Greens,Vegetables,SUP-012,481.67,2.31,51.59,1507.9,40.0,75.1,No,Zone-B,9.26,0.11,2,Sorter-X,,392.21,1.92,2053.13,59.38,0,0,Fulfilled,93.09,0,47.83,9.93,717.45,Good,Low,Restore Cold Chain Immediately
BATCH-01795,2021-09-09,Night,Banana,Fruits,SUP-015,680.83,7.27,80.33,1209.3,382.4,33.2,No,Zone-D,2.44,2.01,4,Packer-Z,1393.9,173.05,8.75,5488.79,66.15,1,0,Partial,91.95,3,118.74,17.44,2374.8,Bad,Medium,Restore Cold Chain Immediately
BATCH-01796,2021-02-10,Afternoon,Potato,Root Vegetables,SUP-019,1096.55,,56.03,634.8,226.7,62.2,Yes,Zone-D,1.47,1.32,2,Packer-Z,4992.85,244.98,9.27,2387.79,72.45,0,0,Fulfilled,94.86,3,89.59,8.17,1612.62,Good,Low,Monitor & Maintain
BATCH-01797,2021-11-18,Night,Banana,Fruits,SUP-011,1338.55,11.19,78.2,582.7,194.5,65.3,Yes,Zone-C,6.44,1.38,2,Conveyor-A,2063.15,1812.1,9.7,5445.4,92.25,0,0,Fulfilled,92.05,2,150.99,11.28,3019.8,Good,Medium,Monitor & Maintain
BATCH-01798,2023-09-02,Afternoon,Potato,Root Vegetables,SUP-015,1581.02,5.27,65.48,702.8,344.7,44.9,Yes,Zone-B,7.21,0.21,4,Conveyor-B,4572.92,2044.03,8.43,5561.73,86.57,0,0,Fulfilled,89.62,2,93.91,5.94,1690.38,Good,Low,Monitor & Maintain
BATCH-01799,2021-07-19,Afternoon,Lemon,Citrus,SUP-012,1557.62,19.36,89.38,869.7,133.1,9.6,No,Zone-B,4.04,1.44,4,Washer-1,4767.28,1899.89,8.93,3546.09,,1,0,Partial,92.8,1,312.46,20.06,9373.8,Bad,High,Restore Cold Chain Immediately
BATCH-01800,2022-04-01,Night,Leafy Greens,Vegetables,SUP-003,1948.11,,71.1,591.0,10.3,67.8,Yes,Zone-A,0.63,1.66,4,Conveyor-B,4770.45,1670.28,8.25,7171.73,62.15,0,0,Cancelled,62.69,2,317.54,16.3,4763.1,Bad,Medium,Quality Re-inspection Required
BATCH-01801,2023-03-18,Night,Banana,Fruits,SUP-017,643.1,11.4,73.47,,107.0,9.1,No,Zone-B,4.37,6.59,3,Conveyor-A,3887.77,606.58,9.6,6185.77,84.79,0,0,Delayed,70.0,0,111.13,17.28,2222.6,Bad,Medium,Restore Cold Chain Immediately
BATCH-01802,2021-09-15,Afternoon,Lemon,Citrus,SUP-003,235.11,2.16,61.57,828.4,92.5,11.3,Yes,Zone-D,2.72,0.07,4,Conveyor-A,1642.12,2538.77,8.53,4546.02,73.99,0,0,Partial,85.08,2,16.34,6.95,490.2,Good,Low,Monitor & Maintain
BATCH-01803,2020-12-06,Night,Strawberry,Berries,SUP-019,756.75,,78.05,1523.3,17.0,20.4,Yes,Zone-D,3.8,5.12,3,Washer-1,1042.95,1049.91,4.89,6996.89,79.68,0,0,Partial,95.62,2,64.55,8.53,5164.0,Good,Low,Expedite Processing
BATCH-01804,2023-12-23,Afternoon,Mango,Fruits,SUP-020,1512.26,17.08,67.27,1411.0,160.7,28.4,Yes,Zone-B,5.31,1.31,3,Packer-Z,3064.48,2959.92,3.57,6632.45,82.43,1,1,Delayed,84.34,1,260.41,17.22,15624.6,Bad,Medium,Reduce Storage Temperature
BATCH-01805,2023-10-28,Night,Lemon,Citrus,SUP-004,932.41,,,1490.6,237.3,81.6,Yes,Zone-A,7.17,0.47,3,Packer-Z,2120.18,1216.09,6.05,5681.79,77.93,0,0,Fulfilled,64.15,3,90.72,9.73,2721.6,Good,Low,Prioritize Dispatch
BATCH-01806,2023-05-16,Morning,Mango,Fruits,SUP-003,1653.8,8.32,72.39,753.4,367.9,65.4,Yes,Zone-D,9.65,2.19,4,Washer-1,4239.68,862.71,6.28,2548.73,80.65,0,0,Partial,96.57,2,98.24,5.94,5894.4,Good,Low,Monitor & Maintain
BATCH-01807,2022-10-02,Afternoon,Banana,Fruits,SUP-016,1143.72,2.37,,1088.5,162.8,38.4,Yes,Zone-A,1.87,1.46,2,Conveyor-B,3852.46,2693.33,5.96,4548.0,94.38,0,1,Delayed,88.46,3,27.68,2.42,553.6,Good,Low,Monitor & Maintain
BATCH-01808,2021-03-06,Morning,Onion,Root Vegetables,SUP-012,1866.6,19.58,55.66,785.7,97.3,94.0,Yes,Zone-A,6.96,0.51,6,Washer-1,1744.11,1745.5,7.21,6682.3,93.41,1,0,Partial,86.53,0,362.49,19.42,7974.78,Bad,High,Reduce Storage Temperature
BATCH-01809,2023-08-26,Night,Lemon,Citrus,SUP-008,1900.94,3.2,54.95,708.3,115.3,24.9,Yes,Zone-D,2.72,1.97,6,Packer-Z,576.57,2193.37,7.14,5197.66,57.45,0,0,Fulfilled,,3,60.26,3.17,1807.8,Good,Low,Monitor & Maintain
BATCH-01810,2021-02-06,Morning,Leafy Greens,Vegetables,SUP-017,231.68,18.17,72.4,1128.5,445.6,59.3,Yes,Zone-A,2.6,34.5129851987279,2,Conveyor-B,1567.92,1284.36,1.33,4829.42,79.32,0,0,Partial,84.0,2,28.54,12.32,428.1,Good,Medium,Reduce Storage Temperature
BATCH-01811,2023-03-15,Night,Banana,Fruits,SUP-007,967.19,7.63,81.81,1381.6,102.4,81.6,Yes,Zone-C,6.52,2.34,4,Sorter-X,,2672.05,3.21,7209.85,71.97,0,0,Fulfilled,55.97,3,115.29,11.92,2305.8,Good,Medium,Prioritize Dispatch
BATCH-01812,2023-09-02,Afternoon,Pineapple,Fruits,SUP-011,1258.41,12.58,56.23,512.3,439.6,77.4,No,Zone-C,7.87,2.34,2,Conveyor-B,855.49,2761.4,8.95,1756.14,,1,0,Delayed,66.16,0,270.31,21.48,12163.95,Bad,High,Restore Cold Chain Immediately
BATCH-01813,2022-05-30,Night,Tomato,Vegetables,SUP-018,586.16,14.23,86.95,730.9,223.5,10.5,No,Zone-C,9.79,,4,Packer-Z,3462.23,1366.63,6.11,1729.99,81.56,0,0,Partial,97.09,2,89.98,15.35,2249.5,Bad,Medium,Restore Cold Chain Immediately
BATCH-01814,2023-03-18,Night,Lemon,Citrus,SUP-001,873.45,,86.73,646.2,467.2,67.5,Yes,Zone-B,7.8,0.99,3,Conveyor-A,3522.63,798.1,3.62,6847.29,75.54,0,0,Delayed,67.7,0,63.67,7.29,1910.1,Good,Low,Quality Re-inspection Required
BATCH-01815,2023-03-01,Afternoon,Leafy Greens,Vegetables,SUP-003,1387.59,9.99,54.02,1358.0,204.0,26.2,No,Zone-D,1.99,0.13,5,Conveyor-B,1262.27,1978.25,8.58,1883.9,88.75,0,0,Fulfilled,88.95,2,179.83,12.96,2697.45,Good,Medium,Restore Cold Chain Immediately
BATCH-01816,2020-10-09,Night,Strawberry,Berries,SUP-004,530.8,7.86,56.87,1520.0,88.8,35.4,No,Zone-C,2.64,1.36,1,Conveyor-B,3183.43,2868.29,2.87,3592.08,54.67,0,0,Cancelled,73.68,1,76.59,14.43,6127.2,Good,Medium,Restore Cold Chain Immediately
BATCH-01817,2022-09-02,Afternoon,Pineapple,Fruits,SUP-013,1243.76,3.02,76.53,495.9,274.5,48.0,Yes,Zone-A,7.73,0.56,6,Conveyor-A,3231.37,1905.09,4.39,7028.59,65.13,0,0,Partial,94.93,0,23.63,1.9,1063.35,Good,Low,Monitor & Maintain
BATCH-01818,2020-05-16,Night,Strawberry,Berries,SUP-006,1425.15,17.0,87.83,,293.9,76.3,No,Zone-C,5.51,0.11,4,Packer-Z,2650.9,2867.25,3.12,5675.6,51.29,0,0,Delayed,,2,287.31,20.16,22984.8,Bad,High,Restore Cold Chain Immediately
BATCH-01819,2022-01-11,Afternoon,Banana,Fruits,SUP-014,271.94,2.81,76.94,1497.4,317.7,17.6,Yes,Zone-A,3.31,0.8,3,Sorter-X,4789.61,1097.04,8.78,5425.8,87.3,0,0,Partial,,0,4.3,1.58,86.0,Good,Low,Monitor & Maintain
BATCH-01820,2020-08-24,Morning,Tomato,Vegetables,SUP-005,1045.31,13.76,65.02,813.6,205.7,12.2,Yes,Zone-D,4.98,43.99570115299159,5,Sorter-X,986.73,2753.73,7.42,5477.16,,0,1,Fulfilled,65.54,2,114.88,10.99,2872.0,Good,Medium,Quality Re-inspection Required
BATCH-01821,2021-08-30,Night,Lemon,Citrus,SUP-016,599.85,7.65,52.61,1255.2,24.3,16.4,Yes,Zone-C,9.19,1.73,3,Washer-1,2329.82,426.44,4.87,3505.51,79.37,1,0,Fulfilled,57.53,1,62.56,10.43,1876.8,Good,Medium,Activate Backup Supplier
BATCH-01822,2023-05-01,Night,Lemon,Citrus,SUP-015,1476.33,5.46,65.75,520.8,313.4,22.5,No,Zone-D,7.68,1.4,1,Sorter-X,4473.14,1140.62,9.36,4742.4,80.85,0,0,Fulfilled,88.29,3,156.93,10.63,4707.9,Good,Medium,Restore Cold Chain Immediately
BATCH-01823,2023-12-12,Night,Onion,Root Vegetables,SUP-015,460.16,14.01,72.3,933.3,466.5,7.6,No,Zone-C,4.78,3.14,6,Sorter-X,2238.41,1533.97,9.31,5320.14,52.32,0,0,Fulfilled,57.98,3,81.49,17.71,1792.78,Bad,Medium,Restore Cold Chain Immediately
BATCH-01824,2021-04-09,Afternoon,Onion,Root Vegetables,SUP-004,1795.25,12.34,,,478.8,89.1,Yes,Zone-A,9.82,0.62,2,Conveyor-B,2410.88,1994.02,7.26,3436.21,75.19,0,0,Fulfilled,86.76,1,184.37,10.27,4056.14,Good,Medium,Prioritize Dispatch
BATCH-01825,2022-02-15,Night,Banana,Fruits,SUP-008,918.79,7.67,67.96,1309.2,298.4,32.0,Yes,Zone-A,8.05,0.93,2,Washer-1,,953.0,8.97,6281.06,76.34,0,1,Partial,79.44,1,72.03,7.84,1440.6,Good,Low,Monitor & Maintain
BATCH-01826,2022-01-16,Afternoon,Banana,Fruits,SUP-016,476.21,11.23,50.86,746.6,9.9,18.6,No,Zone-B,0.56,2.34,3,Sorter-X,3495.04,2780.29,7.33,3529.36,51.95,0,0,Partial,91.08,3,50.24,10.55,1004.8,Good,Medium,Restore Cold Chain Immediately
BATCH-01827,2023-10-25,Night,Tomato,Vegetables,SUP-016,932.24,6.43,65.35,717.0,53.0,62.0,No,Zone-B,1.57,9.91,1,Conveyor-B,603.06,2720.14,6.47,2075.09,89.12,0,0,Fulfilled,64.05,0,161.93,17.37,4048.25,Bad,Medium,Restore Cold Chain Immediately
BATCH-01828,2021-11-29,Morning,Onion,Root Vegetables,SUP-004,876.61,17.55,49.08,763.6,417.0,76.0,Yes,Zone-B,5.76,4.69,3,Washer-1,2550.64,2418.08,4.5,2830.45,63.92,0,0,Fulfilled,78.83,1,145.17,16.56,3193.74,Bad,Medium,Reduce Storage Temperature
BATCH-01829,2022-10-17,Night,Leafy Greens,Vegetables,SUP-013,914.95,7.65,47.21,1066.8,414.9,72.8,No,Zone-C,3.82,1.47,2,Conveyor-B,2000.8,431.65,3.1,4032.86,86.17,1,0,Fulfilled,82.02,3,161.85,17.69,2427.75,Bad,Medium,Restore Cold Chain Immediately
BATCH-01830,2023-09-07,Morning,Leafy Greens,Vegetables,SUP-013,1212.57,6.41,83.58,,473.0,69.6,Yes,Zone-D,8.22,2.27,3,Conveyor-A,,327.04,1.07,6935.8,70.15,1,0,Delayed,,3,185.4,15.29,2781.0,Bad,Medium,Activate Backup Supplier
BATCH-01831,2021-06-29,Afternoon,Tomato,Vegetables,SUP-002,1090.23,15.53,,1397.1,281.9,6.7,Yes,Zone-C,9.01,1.52,5,Packer-Z,3000.66,1544.58,8.11,4075.58,99.78,0,0,Fulfilled,87.51,3,73.26,6.72,1831.5,Good,Low,Reduce Storage Temperature
BATCH-01832,2023-08-10,Morning,Leafy Greens,Vegetables,SUP-003,384.58,2.32,70.88,469.5,431.9,75.5,Yes,Zone-A,2.79,1.14,1,Packer-Z,3428.88,2319.5,1.66,2181.76,60.61,1,0,Fulfilled,72.12,0,37.07,9.64,556.05,Good,Low,Prioritize Dispatch
BATCH-01833,2023-09-01,Night,Potato,Root Vegetables,SUP-008,224.6,6.82,51.7,1454.7,412.4,49.2,Yes,Zone-D,7.75,1.84,2,Packer-Z,3441.95,457.38,4.4,2801.41,,0,1,Partial,60.67,0,29.42,13.1,529.56,Good,Medium,Quality Re-inspection Required
BATCH-01834,2023-09-20,Night,Mango,Fruits,SUP-015,1485.89,,56.81,514.1,294.7,63.0,Yes,Zone-A,5.59,0.98,6,Sorter-X,1646.92,1960.17,2.73,4823.36,,0,0,Partial,,1,150.97,10.16,9058.2,Good,Medium,Monitor & Maintain
BATCH-01835,2021-01-29,Afternoon,Tomato,Vegetables,SUP-011,1163.46,17.88,,898.4,391.8,91.9,Yes,Zone-B,4.22,0.66,6,Packer-Z,1609.09,1630.78,4.82,2692.18,62.19,1,0,Fulfilled,59.33,0,202.91,17.44,5072.75,Bad,Medium,Reduce Storage Temperature
BATCH-01836,2021-08-07,Night,Tomato,Vegetables,SUP-009,782.1,19.11,51.47,,62.9,78.2,Yes,Zone-A,7.97,2.45,3,Packer-Z,2166.27,2205.37,3.49,2031.58,81.77,1,0,Fulfilled,94.07,0,126.31,16.15,3157.75,Bad,Medium,Reduce Storage Temperature
BATCH-01837,2023-06-24,Night,Orange,Fruits,SUP-007,1635.88,14.9,47.07,497.8,319.6,79.6,Yes,Zone-C,5.87,4.11,1,Washer-1,1588.81,1362.59,8.38,5813.15,68.73,1,0,Fulfilled,75.1,0,308.53,18.86,10798.55,Bad,High,Reduce Storage Temperature
BATCH-01838,2021-06-08,Afternoon,Pineapple,Fruits,SUP-013,837.31,10.87,,448.5,476.7,19.1,No,Zone-A,6.54,,3,Washer-1,3572.64,2110.56,9.79,6217.06,81.98,0,0,Fulfilled,61.07,0,122.41,14.62,5508.45,Good,Medium,Restore Cold Chain Immediately
BATCH-01839,2022-05-26,Afternoon,Pineapple,Fruits,SUP-002,1612.33,,45.53,796.0,81.0,46.8,No,Zone-A,1.09,2.45,2,Washer-1,3212.9,562.87,9.44,6602.18,,0,0,Fulfilled,66.09,1,320.37,19.87,14416.65,Bad,High,Restore Cold Chain Immediately
BATCH-01840,2020-06-21,Morning,Potato,Root Vegetables,SUP-008,680.94,,47.76,1275.9,372.0,91.2,No,Zone-A,6.07,1.14,1,Sorter-X,1473.74,722.32,6.41,6563.26,85.36,1,0,Fulfilled,86.88,0,120.46,17.69,2168.28,Bad,Medium,Restore Cold Chain Immediately
BATCH-01841,2020-03-23,Afternoon,Onion,Root Vegetables,SUP-007,238.41,7.38,81.23,,160.4,56.8,Yes,Zone-D,3.36,0.72,2,Packer-Z,4478.47,2719.67,9.8,3863.5,50.92,0,0,Fulfilled,89.59,1,21.39,8.97,470.58,Good,Low,Monitor & Maintain
BATCH-01842,2021-08-24,Night,Banana,Fruits,SUP-012,1872.02,19.11,57.69,900.4,408.6,11.6,Yes,Zone-A,5.19,1.94,5,Sorter-X,2572.98,1055.19,4.31,5927.27,91.81,0,0,Fulfilled,56.82,1,209.1,11.17,4182.0,Good,Medium,Reduce Storage Temperature
BATCH-01843,2022-04-25,Afternoon,Banana,Fruits,SUP-019,849.65,4.08,77.53,1375.7,348.6,70.8,Yes,Zone-A,2.61,5.61,5,Sorter-X,1071.74,2957.97,5.46,5050.36,73.93,0,0,Partial,57.63,0,99.66,11.73,1993.2,Good,Medium,Expedite Processing
BATCH-01844,2021-07-27,Night,Strawberry,Berries,SUP-007,1606.12,8.24,51.58,1320.1,463.1,6.0,Yes,Zone-B,6.34,0.87,6,Sorter-X,1458.35,233.99,2.94,1795.75,,0,0,Fulfilled,95.36,0,85.61,5.33,6848.8,Good,Low,Monitor & Maintain
BATCH-01845,2022-04-23,Morning,Potato,Root Vegetables,SUP-010,630.37,18.18,55.68,1343.3,356.0,71.8,No,Zone-B,1.9,2.85,4,Sorter-X,2929.33,1538.04,9.03,3993.29,70.55,0,0,Delayed,69.56,1,136.92,21.72,2464.56,Bad,High,Restore Cold Chain Immediately
BATCH-01846,2022-01-22,Afternoon,Tomato,Vegetables,SUP-016,1328.09,15.02,,951.7,205.2,84.7,Yes,Zone-C,1.67,0.76,1,Sorter-X,2022.91,1042.46,2.21,1967.23,,0,0,Delayed,63.51,1,205.72,15.49,5143.0,Bad,Medium,Reduce Storage Temperature
BATCH-01847,2022-09-28,Night,Potato,Root Vegetables,SUP-003,1759.29,2.52,89.49,423.3,5.4,42.0,No,Zone-B,2.29,3.26,5,Sorter-X,4330.5,2988.3,6.3,2144.3,90.08,1,0,Delayed,60.41,1,320.54,18.22,5769.72,Bad,High,Restore Cold Chain Immediately
BATCH-01848,2022-08-06,Afternoon,Potato,Root Vegetables,SUP-010,179.12,2.42,48.31,606.6,396.5,40.9,Yes,Zone-A,8.27,2.85,4,Packer-Z,,2971.1,8.09,1985.37,65.57,0,1,Fulfilled,75.94,3,15.64,8.73,281.52,Good,Low,Monitor & Maintain
BATCH-01849,2021-09-11,Afternoon,Potato,Root Vegetables,SUP-006,1678.21,,63.02,1289.6,204.2,30.6,Yes,Zone-B,0.82,2.9,6,Washer-1,4618.83,782.21,6.16,7243.1,89.15,0,0,Fulfilled,88.93,0,129.56,7.72,2332.08,Good,Low,Monitor & Maintain
BATCH-01850,2021-09-12,Afternoon,Pineapple,Fruits,SUP-018,1185.53,10.72,,1303.8,335.3,84.4,Yes,Zone-D,7.43,12.16,1,Conveyor-B,958.22,875.04,1.25,6564.81,71.85,0,0,Fulfilled,77.93,3,185.3,15.63,8338.5,Bad,Medium,Expedite Processing
BATCH-01851,2020-07-24,Afternoon,Potato,Root Vegetables,SUP-018,1254.2,9.97,53.97,1566.8,52.5,53.5,No,Zone-C,1.04,0.3,2,Conveyor-B,3508.67,2274.05,6.31,4211.2,93.5,0,0,Delayed,55.91,3,196.41,15.66,3535.38,Bad,Medium,Restore Cold Chain Immediately
BATCH-01852,2022-01-19,Morning,Mango,Fruits,SUP-005,1094.0,7.44,85.84,628.2,445.5,56.5,Yes,Zone-B,6.12,0.98,3,Conveyor-B,4486.03,2680.06,7.79,3100.87,51.54,0,0,Partial,76.29,0,72.42,6.62,4345.2,Good,Low,Monitor & Maintain
BATCH-01853,2022-05-07,Night,Banana,Fruits,SUP-007,1761.5,19.76,49.34,547.5,217.8,64.2,Yes,Zone-C,7.85,1.99,3,Conveyor-A,1818.19,2024.72,2.28,2080.94,67.77,0,0,Fulfilled,68.71,2,307.56,17.46,6151.2,Bad,Medium,Reduce Storage Temperature
BATCH-01854,2021-11-26,Afternoon,Strawberry,Berries,SUP-002,182.52,6.9,83.56,566.5,459.8,30.2,Yes,Zone-C,2.7,,2,Washer-1,,2607.66,7.5,4165.25,71.49,0,0,Fulfilled,85.05,3,12.83,7.03,1026.4,Good,Low,Monitor & Maintain
BATCH-01855,2021-04-20,Night,Mango,Fruits,SUP-011,595.95,10.82,53.0,621.7,353.5,42.7,No,Zone-C,2.36,35.761793894219416,5,Packer-Z,2554.9,283.55,8.85,5148.05,87.21,0,0,Fulfilled,78.03,0,106.79,17.92,6407.4,Bad,Medium,Restore Cold Chain Immediately
BATCH-01856,2022-11-19,Morning,Strawberry,Berries,SUP-013,1763.95,9.29,83.78,1034.2,60.7,71.7,Yes,Zone-D,3.25,,3,Sorter-X,4826.0,1957.53,9.87,6291.17,59.12,1,0,Delayed,,3,209.91,11.9,16792.8,Good,Medium,Activate Backup Supplier
BATCH-01857,2020-04-19,Night,Orange,Fruits,SUP-005,1529.46,5.06,69.21,1570.3,289.6,94.6,Yes,Zone-A,7.15,2.44,2,Conveyor-B,3350.58,2130.5,4.4,1959.57,64.31,0,0,Partial,,0,143.46,9.38,5021.1,Good,Low,Prioritize Dispatch
BATCH-01858,2023-08-28,Night,Strawberry,Berries,SUP-006,133.53,5.65,84.52,1107.3,455.0,5.2,Yes,Zone-D,2.92,2.68,4,Washer-1,3397.9,651.93,0.74,4087.82,86.19,1,0,Partial,82.83,1,7.74,5.8,619.2,Good,Low,Activate Backup Supplier
BATCH-01859,2020-01-31,Morning,Banana,Fruits,SUP-014,1082.31,18.53,51.83,1027.2,400.0,6.0,No,Zone-C,5.27,0.13,4,Packer-Z,3521.76,2356.11,4.48,7335.54,53.84,0,0,Fulfilled,77.89,3,162.02,14.97,3240.4,Good,Medium,Restore Cold Chain Immediately
BATCH-01860,2023-11-06,Afternoon,Banana,Fruits,SUP-012,1106.19,,79.29,1208.0,209.0,42.2,Yes,Zone-B,1.78,1.55,2,Conveyor-B,678.93,2838.37,6.77,2361.39,60.06,0,0,Partial,68.68,3,153.98,13.92,3079.6,Good,Medium,Reduce Storage Temperature
BATCH-01861,2021-11-06,Night,Potato,Root Vegetables,SUP-004,861.68,5.58,75.63,488.7,477.5,64.0,No,Zone-B,4.88,0.56,1,Washer-1,2505.42,2704.1,8.97,3985.74,87.67,0,0,Fulfilled,82.75,3,105.81,12.28,1904.58,Good,Medium,Restore Cold Chain Immediately
BATCH-01862,2021-08-25,Night,Lemon,Citrus,SUP-006,665.05,17.76,69.43,1378.4,134.3,38.3,Yes,Zone-D,6.43,3.24,5,Packer-Z,849.07,810.41,9.41,3258.07,93.78,0,0,Partial,69.65,0,102.22,15.37,3066.6,Bad,Medium,Reduce Storage Temperature
BATCH-01863,2021-01-09,Afternoon,Orange,Fruits,SUP-010,1395.28,5.77,81.48,,187.6,96.0,Yes,Zone-B,1.18,,5,Washer-1,1921.36,1039.58,9.14,2438.77,86.44,1,0,Delayed,86.56,2,158.64,11.37,5552.4,Good,Medium,Prioritize Dispatch
BATCH-01864,2020-01-15,Afternoon,Tomato,Vegetables,SUP-018,494.8,,74.17,605.4,374.9,20.4,Yes,Zone-C,8.25,0.32,2,Sorter-X,4197.2,1548.87,6.75,6534.27,76.36,0,0,Partial,65.42,1,38.0,7.68,950.0,Good,Low,Quality Re-inspection Required
BATCH-01865,2021-02-05,Night,Leafy Greens,Vegetables,SUP-015,1618.0,3.46,84.47,1156.9,116.5,2.7,Yes,Zone-C,9.41,0.22,3,Washer-1,3453.21,559.25,6.98,5710.24,,0,0,Fulfilled,71.18,2,48.54,3.0,728.1,Good,Low,Monitor & Maintain
BATCH-01866,2020-06-08,Morning,Strawberry,Berries,SUP-008,1625.77,17.85,,1115.4,257.7,19.9,Yes,Zone-A,2.34,0.13,6,Washer-1,4980.08,2866.46,0.52,4051.14,91.36,1,0,Delayed,80.68,3,217.85,13.4,17428.0,Good,Medium,Reduce Storage Temperature
BATCH-01867,2022-08-21,Afternoon,Lemon,Citrus,SUP-009,889.0,2.93,71.55,477.8,364.4,85.4,No,Zone-C,7.71,1.83,5,Conveyor-A,1274.69,568.63,3.96,3804.28,56.2,1,0,Fulfilled,82.65,0,501.3058866439919,19.58,5222.1,Bad,High,Restore Cold Chain Immediately
BATCH-01868,2021-04-10,Afternoon,Potato,Root Vegetables,SUP-005,638.74,11.99,84.18,720.3,322.0,15.6,Yes,Zone-B,3.48,4.06,5,Sorter-X,,2308.13,9.12,6469.22,69.25,1,1,Fulfilled,84.42,3,86.8,13.59,1562.4,Good,Medium,Activate Backup Supplier
BATCH-01869,2023-01-25,Morning,Pineapple,Fruits,SUP-010,639.37,16.03,54.67,869.1,77.7,47.0,Yes,Zone-A,6.93,1.43,4,Washer-1,4143.38,1090.14,7.05,2187.45,,0,0,Partial,,3,64.38,10.07,2897.1,Good,Medium,Reduce Storage Temperature
BATCH-01870,2020-10-29,Night,Tomato,Vegetables,SUP-020,1016.35,4.1,66.86,693.9,314.8,41.4,Yes,Zone-B,3.41,0.47,4,Sorter-X,1470.61,1763.79,4.95,2513.1,,0,0,Fulfilled,69.01,2,87.3,8.59,2182.5,Good,Low,Quality Re-inspection Required
BATCH-01871,2023-08-07,Afternoon,Onion,Root Vegetables,SUP-006,1467.2,9.28,88.23,691.8,286.4,64.6,Yes,Zone-D,8.69,0.84,4,Washer-1,,236.8,1.49,6927.06,75.17,0,0,Fulfilled,94.27,3,144.37,9.84,3176.14,Good,Low,Monitor & Maintain
BATCH-01872,2022-02-02,Night,Lemon,Citrus,SUP-016,781.85,2.76,66.31,1087.5,278.9,7.1,Yes,Zone-A,3.8,0.89,6,Sorter-X,,694.53,2.84,6407.97,95.38,0,0,Fulfilled,,0,38.0,4.86,1140.0,Good,Low,Quality Re-inspection Required
BATCH-01873,2020-06-16,Night,Pineapple,Fruits,SUP-003,1259.08,14.29,56.38,965.0,413.0,63.9,Yes,Zone-C,8.56,1.2,5,Packer-Z,2226.77,1388.73,5.77,6162.04,56.94,0,0,Partial,,1,135.6,10.77,6102.0,Good,Medium,Reduce Storage Temperature
BATCH-01874,2021-08-08,Night,Orange,Fruits,SUP-010,826.72,7.53,60.8,1200.8,91.9,35.3,Yes,Zone-A,7.78,1.09,5,Conveyor-B,4910.93,2063.85,9.03,5285.3,,0,0,Fulfilled,58.09,2,65.72,7.95,2300.2,Good,Low,Quality Re-inspection Required
BATCH-01875,2020-10-28,Morning,Potato,Root Vegetables,SUP-011,678.59,12.07,84.83,1547.7,375.8,89.0,Yes,Zone-C,2.37,2.22,6,Conveyor-A,2553.13,2354.93,1.41,3359.13,75.53,0,0,Fulfilled,84.55,0,90.86,13.39,1635.48,Good,Medium,Prioritize Dispatch
BATCH-01876,2020-10-18,Night,Tomato,Vegetables,SUP-011,147.23,18.79,87.97,1192.7,380.5,81.8,Yes,Zone-C,1.99,0.83,5,Conveyor-B,4374.26,187.41,1.96,7091.11,68.3,0,0,Fulfilled,67.04,3,26.07,17.71,651.75,Bad,Medium,Reduce Storage Temperature
BATCH-01877,2022-01-09,Night,Tomato,Vegetables,SUP-017,107.44,7.51,87.75,1098.5,361.3,39.6,No,Zone-B,7.91,2.18,3,Washer-1,4495.84,542.22,6.72,4517.76,82.18,0,0,Partial,63.76,1,16.36,15.23,409.0,Bad,Medium,Restore Cold Chain Immediately
BATCH-01878,2022-09-07,Afternoon,Tomato,Vegetables,SUP-004,531.69,2.88,76.45,1417.1,253.0,95.3,Yes,Zone-C,4.21,1.58,3,Washer-1,1210.42,2216.4,3.29,3290.4,89.52,1,0,Fulfilled,,1,63.64,11.97,1591.0,Good,Medium,Prioritize Dispatch
BATCH-01879,2023-08-23,Afternoon,Orange,Fruits,SUP-004,872.17,14.16,,1158.5,197.8,6.9,Yes,Zone-C,9.52,0.1,3,Packer-Z,3718.87,2457.86,2.11,3783.99,72.01,0,0,Cancelled,82.24,1,58.35,6.69,2042.25,Good,Low,Reduce Storage Temperature
BATCH-01880,2022-01-03,Morning,Strawberry,Berries,SUP-017,1717.4,16.16,53.22,598.7,197.3,76.1,Yes,Zone-C,9.46,5.04,1,Washer-1,1749.23,786.06,2.2,1757.85,,1,0,Partial,82.25,0,322.18,18.76,25774.4,Bad,High,Reduce Storage Temperature
BATCH-01881,2023-11-11,Morning,Onion,Root Vegetables,SUP-009,1617.12,19.24,50.54,777.7,366.9,42.8,Yes,Zone-B,7.09,0.39,5,Sorter-X,926.33,765.99,5.18,3142.47,95.79,1,1,Fulfilled,79.53,1,255.34,15.79,5617.48,Bad,Medium,Reduce Storage Temperature
BATCH-01882,2023-10-06,Afternoon,Orange,Fruits,SUP-019,607.61,,47.69,1280.0,248.9,42.7,Yes,Zone-C,5.26,1.2,6,Conveyor-B,4436.17,355.29,6.05,2752.02,65.65,0,0,Partial,98.65,0,22.54,3.71,788.9,Good,Low,Monitor & Maintain
BATCH-01883,2023-06-16,Afternoon,Leafy Greens,Vegetables,SUP-005,564.63,9.06,45.8,1286.1,169.2,18.0,Yes,Zone-D,2.35,5.9,5,Washer-1,1815.95,535.85,9.09,2447.58,99.91,0,0,Fulfilled,92.85,2,52.62,9.32,789.3,Good,Low,Expedite Processing
BATCH-01884,2021-12-30,Morning,Onion,Root Vegetables,SUP-006,531.91,17.19,84.52,1584.4,312.7,50.4,Yes,Zone-B,8.88,,6,Packer-Z,2054.15,123.25,5.53,1846.73,,0,0,Delayed,65.51,0,77.92,14.65,1714.24,Good,Medium,Reduce Storage Temperature
BATCH-01885,2020-07-24,Night,Banana,Fruits,SUP-003,744.55,16.52,81.41,1152.4,418.5,10.0,Yes,Zone-D,1.28,0.04,2,Conveyor-A,1957.95,1810.51,7.07,2978.15,84.39,1,0,Fulfilled,88.38,3,99.47,13.36,1989.4,Good,Medium,Reduce Storage Temperature
BATCH-01886,2020-11-14,Morning,Potato,Root Vegetables,SUP-001,1046.58,13.25,70.55,1479.5,30.8,60.0,Yes,Zone-A,4.02,1.35,2,Conveyor-B,1401.33,2721.28,2.22,2261.44,50.62,0,1,Fulfilled,80.05,0,126.53,12.09,2277.54,Good,Medium,Monitor & Maintain
BATCH-01887,2022-08-03,Night,Orange,Fruits,SUP-020,933.47,6.85,89.94,465.5,486.1,24.7,Yes,Zone-B,3.53,0.51,1,Packer-Z,2455.27,533.77,7.28,1922.27,72.43,0,0,Partial,58.1,0,53.67,5.75,1878.45,Good,Low,Quality Re-inspection Required
BATCH-01888,2021-09-07,Afternoon,Pineapple,Fruits,SUP-016,514.72,7.11,87.89,1079.5,48.3,70.1,Yes,Zone-D,9.61,1.74,2,Packer-Z,2427.32,2279.19,6.66,2457.84,75.12,0,0,Fulfilled,57.18,3,68.87,13.38,3099.15,Good,Medium,Quality Re-inspection Required
BATCH-01889,2020-08-02,Afternoon,Onion,Root Vegetables,SUP-011,347.86,4.23,74.48,,255.9,59.1,No,Zone-B,1.62,3.4,3,Conveyor-B,2339.38,1763.61,2.55,2835.96,68.82,0,0,Partial,90.18,2,48.77,14.02,1072.94,Good,Medium,Restore Cold Chain Immediately
BATCH-01890,2021-11-30,Afternoon,Leafy Greens,Vegetables,SUP-013,123.9,18.59,65.91,744.7,280.1,72.2,Yes,Zone-C,8.96,1.43,1,Packer-Z,4623.34,2825.77,6.86,4076.74,57.5,1,0,Delayed,78.98,0,23.38,18.87,350.7,Bad,High,Reduce Storage Temperature
BATCH-01891,2020-01-26,Night,Banana,Fruits,SUP-010,392.53,5.11,51.85,585.9,69.1,72.5,No,Zone-B,4.84,2.07,1,Conveyor-A,2028.88,2414.56,2.51,5051.27,68.37,1,1,Partial,80.14,3,80.98,20.63,1619.6,Bad,High,Restore Cold Chain Immediately
BATCH-01892,2022-12-07,Morning,Strawberry,Berries,SUP-003,1440.18,12.31,68.2,820.6,457.8,20.5,Yes,Zone-A,0.95,2.19,1,Conveyor-A,,2572.91,6.14,3532.36,53.75,0,0,Fulfilled,,3,175.85,12.21,14068.0,Good,Medium,Quality Re-inspection Required
BATCH-01893,2020-04-17,Night,Pineapple,Fruits,SUP-009,562.91,12.52,52.1,1350.7,235.7,2.1,Yes,Zone-D,7.42,3.44,4,Washer-1,1302.97,1953.51,6.85,2480.72,64.55,0,0,Delayed,95.94,2,42.84,7.61,1927.8,Good,Low,Monitor & Maintain
BATCH-01894,2022-07-07,Morning,Onion,Root Vegetables,SUP-012,990.34,8.65,62.93,501.6,71.6,36.4,Yes,Zone-B,1.46,2.33,2,Sorter-X,3746.74,2452.87,7.09,7123.28,54.18,0,0,Fulfilled,86.39,2,76.16,7.69,1675.52,Good,Low,Monitor & Maintain
BATCH-01895,2023-03-03,Morning,Potato,Root Vegetables,SUP-014,1223.47,8.35,87.42,1120.4,355.8,88.4,Yes,Zone-C,2.75,7.47,5,Washer-1,3158.86,1117.52,9.14,4651.3,87.62,1,0,Fulfilled,95.82,3,185.85,15.19,3345.3,Bad,Medium,Expedite Processing
BATCH-01896,2020-07-12,Morning,Pineapple,Fruits,SUP-001,1785.0,14.03,60.39,562.8,331.7,56.3,No,Zone-D,8.1,1.22,4,Sorter-X,4782.81,706.15,9.5,5970.32,83.56,0,0,Partial,59.37,2,344.68,19.31,15510.6,Bad,High,Restore Cold Chain Immediately
BATCH-01897,2022-01-27,Afternoon,Banana,Fruits,SUP-018,1788.82,8.99,51.88,922.6,481.4,70.4,Yes,Zone-D,1.97,0.1,6,Conveyor-B,3624.96,2746.31,8.2,5694.67,97.0,1,0,Fulfilled,80.68,3,261.7,14.63,5234.0,Good,Medium,Activate Backup Supplier
BATCH-01898,2023-02-11,Morning,Pineapple,Fruits,SUP-017,1516.89,6.59,71.21,1559.2,220.8,84.7,Yes,Zone-D,3.59,1.0,3,Packer-Z,1374.09,2229.57,8.85,3315.25,69.0,0,0,Partial,83.05,2,168.68,11.12,7590.6,Good,Medium,Prioritize Dispatch
BATCH-01899,2021-01-15,Afternoon,Mango,Fruits,SUP-009,166.8,9.18,72.11,634.2,133.9,87.2,No,Zone-A,3.93,3.66,4,Washer-1,,363.04,0.68,4912.8,89.31,0,0,Partial,60.54,3,36.7,22.0,2202.0,Bad,High,Restore Cold Chain Immediately
BATCH-01900,2020-08-25,Morning,Lemon,Citrus,SUP-009,1192.63,16.54,53.72,440.8,30.0,51.7,Yes,Zone-C,6.09,0.29,3,Packer-Z,2843.42,2614.04,3.95,5158.57,79.38,0,0,Delayed,70.24,1,112.7,9.45,3381.0,Good,Low,Reduce Storage Temperature
BATCH-01901,2021-05-06,Morning,Strawberry,Berries,SUP-010,1594.51,19.4,53.85,912.6,366.6,52.8,Yes,Zone-C,8.0,2.66,5,Washer-1,3493.68,1111.82,0.88,3703.91,82.31,0,0,Fulfilled,64.45,2,237.74,14.91,19019.2,Good,Medium,Reduce Storage Temperature
BATCH-01902,2022-03-20,Afternoon,Banana,Fruits,SUP-019,132.85,13.45,89.53,1093.2,308.6,82.0,Yes,Zone-D,2.69,1.53,5,Washer-1,1245.37,965.01,2.64,5557.15,77.37,1,0,Fulfilled,98.32,1,16.79,12.64,335.8,Good,Medium,Prioritize Dispatch
BATCH-01903,2022-04-19,Afternoon,Pineapple,Fruits,SUP-015,1144.4,16.08,55.95,757.0,486.3,77.9,No,Zone-B,2.45,4.62,2,Conveyor-A,3207.62,1907.61,4.13,6253.83,88.96,0,0,Fulfilled,78.91,3,270.88,23.67,12189.6,Bad,High,Restore Cold Chain Immediately
BATCH-01904,2020-07-10,Night,Lemon,Citrus,SUP-005,1729.75,,82.72,1050.1,356.1,67.7,Yes,Zone-D,2.61,2.63,6,Sorter-X,4392.63,1748.94,8.74,3776.06,52.1,1,0,Partial,68.87,2,246.14,14.23,7384.2,Good,Medium,Activate Backup Supplier
BATCH-01905,2021-10-30,Morning,Lemon,Citrus,SUP-015,1000.79,13.25,66.16,1544.1,466.6,58.8,Yes,Zone-C,4.13,2.16,4,Conveyor-B,3774.06,1660.94,5.36,1746.66,54.02,1,0,Partial,84.24,2,148.92,14.88,4467.6,Good,Medium,Activate Backup Supplier
BATCH-01906,2021-01-26,Afternoon,Pineapple,Fruits,SUP-020,107.8,19.79,64.57,774.1,495.8,60.0,Yes,Zone-A,5.58,4.36,5,Packer-Z,3488.86,839.14,6.66,3689.64,54.8,1,0,Fulfilled,,1,22.47,20.84,1011.15,Bad,High,Reduce Storage Temperature
BATCH-01907,2023-05-14,Night,Potato,Root Vegetables,SUP-002,120.93,9.89,58.27,771.3,214.2,36.1,Yes,Zone-A,0.63,4.78,3,Washer-1,4051.99,2883.34,3.95,2338.7,64.43,0,0,Fulfilled,70.28,1,13.12,10.85,236.16,Good,Medium,Monitor & Maintain
BATCH-01908,2021-04-02,Night,Mango,Fruits,SUP-013,891.61,3.19,79.82,979.3,75.1,81.0,No,Zone-D,7.91,0.97,5,Packer-Z,968.37,2855.35,6.23,2564.08,79.56,0,0,Fulfilled,98.73,0,103.25,11.58,6195.0,Good,Medium,Restore Cold Chain Immediately
BATCH-01909,2023-05-09,Afternoon,Orange,Fruits,SUP-016,394.52,19.23,84.63,1018.4,97.9,60.1,Yes,Zone-A,9.3,5.26,2,Conveyor-A,1417.24,112.07,8.25,3786.17,82.28,0,0,Partial,90.59,1,57.99,14.7,2029.65,Good,Medium,Reduce Storage Temperature
BATCH-01910,2021-09-17,Morning,Mango,Fruits,SUP-015,1362.46,16.28,56.75,401.6,159.2,23.0,Yes,Zone-A,8.51,,3,Conveyor-B,,1079.7,3.36,2866.28,85.63,1,0,Delayed,72.61,3,153.55,11.27,9213.0,Good,Medium,Reduce Storage Temperature
BATCH-01911,2022-11-26,Night,Pineapple,Fruits,SUP-010,1446.72,9.17,49.28,1139.1,254.4,24.5,Yes,Zone-B,0.85,2.88,1,Sorter-X,1152.4,232.09,9.36,7091.7,64.04,0,0,Fulfilled,84.04,3,73.49,5.08,3307.05,Good,Low,Monitor & Maintain
BATCH-01912,2022-01-14,Morning,Strawberry,Berries,SUP-014,437.97,19.68,51.16,1596.8,61.2,83.0,No,Zone-A,5.48,0.82,6,Sorter-X,4609.32,2565.72,2.53,5452.78,82.51,0,0,Fulfilled,86.26,1,93.99,21.46,7519.2,Bad,High,Restore Cold Chain Immediately
BATCH-01913,2022-06-27,Morning,Orange,Fruits,SUP-010,1788.21,8.22,80.68,750.4,150.9,60.8,Yes,Zone-B,8.23,1.34,2,Washer-1,1499.65,2670.9,9.23,4671.7,,1,0,Partial,62.65,1,175.24,9.8,6133.4,Good,Low,Activate Backup Supplier
BATCH-01914,2021-07-31,Night,Banana,Fruits,SUP-014,939.62,8.7,64.61,1157.0,153.9,39.5,Yes,Zone-D,3.77,,2,Conveyor-B,3479.44,1603.07,0.77,1716.5,50.5,0,1,Fulfilled,93.64,3,88.23,9.39,1764.6,Good,Low,Monitor & Maintain
BATCH-01915,2023-01-26,Afternoon,Mango,Fruits,SUP-009,371.41,12.98,50.94,405.5,2.0,19.6,Yes,Zone-C,9.02,2.03,1,Sorter-X,3612.05,2535.07,5.66,2262.02,84.73,0,0,Fulfilled,91.35,0,27.89,7.51,1673.4,Good,Low,Monitor & Maintain
BATCH-01916,2021-09-12,Morning,Pineapple,Fruits,SUP-014,1552.08,6.94,60.31,1125.2,177.1,59.4,Yes,Zone-C,8.93,1.22,6,Conveyor-B,3403.96,2139.74,9.86,6241.06,85.78,0,0,Partial,88.25,0,161.57,10.41,7270.65,Good,Medium,Monitor & Maintain
BATCH-01917,2021-10-29,Afternoon,Mango,Fruits,SUP-003,1600.95,14.57,68.14,936.5,58.1,19.3,No,Zone-B,1.85,,5,Packer-Z,2992.64,1548.76,6.29,3924.41,81.11,1,0,Fulfilled,64.8,2,318.43,19.89,19105.8,Bad,High,Restore Cold Chain Immediately
BATCH-01918,2022-01-25,Night,Orange,Fruits,SUP-020,1314.66,4.75,83.34,1036.4,214.9,46.2,Yes,Zone-C,5.19,,2,Conveyor-A,2687.59,1155.05,5.77,1924.32,62.94,0,0,Delayed,60.99,3,123.84,9.42,4334.4,Good,Low,Expedite Processing
BATCH-01919,2023-04-29,Morning,Leafy Greens,Vegetables,SUP-016,1721.58,3.94,,1052.7,98.3,65.7,Yes,Zone-D,0.74,0.81,1,Conveyor-B,2389.64,872.05,6.98,6456.5,96.37,1,0,Fulfilled,62.94,2,224.32,13.03,3364.8,Good,Medium,Activate Backup Supplier
BATCH-01920,2022-08-20,Afternoon,Onion,Root Vegetables,SUP-002,1501.01,11.63,52.92,,411.1,55.1,Yes,Zone-C,3.18,0.21,6,Conveyor-B,4626.04,852.34,3.25,3418.37,93.78,0,1,Fulfilled,59.09,0,206.39,13.75,4540.58,Good,Medium,Quality Re-inspection Required
BATCH-01921,2021-05-24,Afternoon,Mango,Fruits,SUP-010,1776.19,12.0,52.14,1324.0,40.3,88.7,Yes,Zone-A,8.21,1.66,1,Sorter-X,542.81,1729.99,1.01,3904.38,75.78,1,0,Cancelled,96.37,1,219.54,12.36,13172.4,Good,Medium,Prioritize Dispatch
BATCH-01922,2022-09-05,Morning,Banana,Fruits,SUP-003,924.39,3.92,63.56,1066.6,432.8,5.7,Yes,Zone-D,9.76,1.04,6,Washer-1,740.7,583.75,2.89,7321.08,99.46,0,0,Fulfilled,92.47,0,25.51,2.76,510.2,Good,Low,Monitor & Maintain
BATCH-01923,2022-07-26,Afternoon,Banana,Fruits,SUP-011,1520.43,19.36,,724.2,290.3,28.3,No,Zone-D,9.18,1.79,2,Washer-1,2716.31,606.9,2.17,1750.13,64.93,0,1,Partial,58.99,0,336.02,22.1,6720.4,Bad,High,Restore Cold Chain Immediately
BATCH-01924,2023-09-21,Afternoon,Tomato,Vegetables,SUP-011,1999.53,12.32,79.0,1524.9,229.3,7.4,Yes,Zone-C,0.9,0.53,4,Packer-Z,,130.14,9.27,5850.89,74.56,1,0,Fulfilled,,0,195.15,9.76,4878.75,Good,Low,Activate Backup Supplier
BATCH-01925,2023-05-13,Night,Mango,Fruits,SUP-013,1477.37,4.72,63.07,415.3,274.9,20.3,Yes,Zone-C,9.3,0.95,2,Sorter-X,2337.04,1878.65,8.6,7173.02,96.4,0,0,Partial,65.81,0,97.51,6.6,5850.6,Good,Low,Quality Re-inspection Required
BATCH-01926,2022-08-03,Night,Onion,Root Vegetables,SUP-007,316.95,7.61,60.44,1271.1,188.1,13.7,Yes,Zone-B,8.32,,6,Sorter-X,4990.32,2983.6,3.52,2031.02,73.11,0,1,Fulfilled,55.76,3,43.68,13.78,960.96,Good,Medium,Expedite Processing
BATCH-01927,2021-05-13,Afternoon,Potato,Root Vegetables,SUP-017,1084.81,16.4,67.91,857.5,63.8,70.9,No,Zone-A,8.74,5.51,4,Conveyor-A,3988.11,2678.74,8.44,6691.91,73.55,0,0,Fulfilled,67.87,3,243.76,22.47,4387.68,Bad,High,Restore Cold Chain Immediately
BATCH-01928,2023-02-12,Afternoon,Lemon,Citrus,SUP-002,1215.96,11.42,76.9,1027.1,382.9,36.7,Yes,Zone-C,9.19,4.0,5,Washer-1,4448.34,2146.5,2.51,4078.36,53.97,0,1,Fulfilled,,3,127.31,10.47,3819.3,Good,Medium,Monitor & Maintain
BATCH-01929,2022-04-19,Morning,Onion,Root Vegetables,SUP-012,431.0,,70.62,749.8,464.0,89.0,Yes,Zone-C,5.14,3.02,1,Sorter-X,2158.59,2378.02,2.4,6761.16,60.57,0,0,Partial,55.88,0,42.88,9.95,943.36,Good,Low,Prioritize Dispatch
BATCH-01930,2023-12-09,Night,Lemon,Citrus,SUP-010,1929.49,3.85,81.11,785.5,475.0,4.2,Yes,Zone-B,2.51,0.34,3,Packer-Z,1578.02,1308.87,7.79,3451.08,57.89,0,0,Partial,69.24,2,65.8,3.41,1974.0,Good,Low,Quality Re-inspection Required
BATCH-01931,2020-12-27,Morning,Lemon,Citrus,SUP-018,433.6,9.75,73.32,418.2,335.4,63.4,Yes,Zone-C,0.7,1.26,2,Conveyor-A,3955.96,964.43,3.61,7369.27,78.26,0,0,Cancelled,85.82,1,36.94,8.52,1108.2,Good,Low,Monitor & Maintain
BATCH-01932,2020-04-26,Afternoon,Leafy Greens,Vegetables,SUP-011,437.36,8.07,80.46,1275.8,205.2,93.2,No,Zone-A,0.72,2.6,3,Washer-1,4134.09,1169.02,1.12,5419.36,65.92,0,0,Partial,65.05,2,84.1,19.23,1261.5,Bad,High,Restore Cold Chain Immediately
BATCH-01933,2020-04-12,Morning,Tomato,Vegetables,SUP-016,1838.82,13.81,76.36,1253.0,239.2,18.5,Yes,Zone-A,6.6,0.61,5,Washer-1,2974.54,336.12,7.34,5303.39,53.85,0,1,Fulfilled,76.34,3,234.63,12.76,5865.75,Good,Medium,Monitor & Maintain
BATCH-01934,2022-07-23,Afternoon,Onion,Root Vegetables,SUP-017,983.89,18.65,53.69,1185.2,328.5,43.6,Yes,Zone-D,3.7,0.07,2,Washer-1,4531.74,1938.01,9.9,6342.3,75.5,1,0,Fulfilled,94.05,3,157.91,16.05,3474.02,Bad,Medium,Reduce Storage Temperature
BATCH-01935,2023-10-03,Night,Onion,Root Vegetables,SUP-019,220.06,6.46,47.36,1453.5,411.5,68.0,No,Zone-D,5.21,1.08,3,Conveyor-A,,607.11,5.88,4196.57,83.46,0,0,Partial,56.25,3,34.33,15.6,755.26,Bad,Medium,Restore Cold Chain Immediately
BATCH-01936,2020-01-03,Night,Leafy Greens,Vegetables,SUP-018,1236.56,17.39,85.65,,187.3,61.5,No,Zone-A,1.75,1.11,5,Packer-Z,2619.59,2312.35,3.0,3162.87,86.83,0,0,Delayed,89.57,2,190.68,15.42,2860.2,Bad,Medium,Restore Cold Chain Immediately
BATCH-01937,2022-11-25,Afternoon,Mango,Fruits,SUP-003,1243.47,18.57,87.55,1067.7,458.4,55.2,Yes,Zone-B,9.77,0.13,4,Packer-Z,1502.0,650.93,4.04,3187.62,91.88,0,0,Partial,71.89,3,167.5,13.47,10050.0,Good,Medium,Reduce Storage Temperature
BATCH-01938,2022-08-17,Night,Mango,Fruits,SUP-016,222.55,18.24,77.71,1221.8,162.1,32.7,Yes,Zone-D,1.73,0.77,5,Sorter-X,2827.01,761.56,6.66,3580.81,74.1,0,0,Fulfilled,78.81,3,29.18,13.11,1750.8,Good,Medium,Reduce Storage Temperature
BATCH-01939,2022-12-05,Afternoon,Mango,Fruits,SUP-006,1947.79,19.14,77.59,413.2,265.4,70.5,Yes,Zone-A,4.73,4.99,2,Sorter-X,4952.9,2876.19,7.16,5246.82,69.53,1,0,Delayed,65.16,0,379.23,19.47,22753.8,Bad,High,Reduce Storage Temperature
BATCH-01940,2021-06-02,Morning,Strawberry,Berries,SUP-012,1133.66,17.16,57.16,1415.6,480.7,63.4,Yes,Zone-A,4.71,0.58,6,Washer-1,1818.17,405.65,8.92,6531.04,84.21,0,0,Fulfilled,80.47,3,144.66,12.76,11572.8,Good,Medium,Reduce Storage Temperature
BATCH-01941,2023-04-12,Afternoon,Lemon,Citrus,SUP-011,1163.61,12.68,69.41,1379.7,469.1,17.3,Yes,Zone-D,0.58,1.68,6,Conveyor-B,3279.2,1546.64,9.13,4562.55,50.67,0,1,Fulfilled,87.15,3,109.38,9.4,3281.4,Good,Low,Monitor & Maintain
BATCH-01942,2020-03-06,Morning,Strawberry,Berries,SUP-015,1088.22,9.38,89.65,424.3,347.9,92.6,Yes,Zone-A,6.84,1.34,6,Sorter-X,,281.79,8.68,4004.03,81.68,0,0,Fulfilled,,2,165.41,15.2,13232.8,Bad,Medium,Prioritize Dispatch
BATCH-01943,2023-01-07,Afternoon,Tomato,Vegetables,SUP-015,1260.39,10.85,83.53,1051.4,162.3,54.2,No,Zone-A,5.61,3.96,2,Packer-Z,1462.68,362.13,6.66,6272.26,70.28,0,0,Fulfilled,70.1,1,265.06,21.03,6626.5,Bad,High,Restore Cold Chain Immediately
BATCH-01944,2021-01-24,Night,Leafy Greens,Vegetables,SUP-016,602.17,17.71,58.7,1488.0,109.5,51.4,Yes,Zone-A,5.23,2.12,2,Washer-1,3148.07,1937.15,4.77,3342.97,72.64,0,0,Partial,79.96,3,83.28,13.83,1249.2,Good,Medium,Reduce Storage Temperature
BATCH-01945,2021-11-27,Afternoon,Onion,Root Vegetables,SUP-010,645.76,7.43,58.55,617.7,40.1,81.7,Yes,Zone-A,8.27,0.34,5,Packer-Z,1915.28,1929.11,6.95,5663.29,64.81,0,0,Fulfilled,73.34,1,71.42,11.06,1571.24,Good,Medium,Prioritize Dispatch
BATCH-01946,2023-04-16,Afternoon,Lemon,Citrus,SUP-012,1071.54,4.87,,823.2,354.3,62.2,Yes,Zone-D,2.79,0.31,2,Washer-1,4343.94,660.05,6.83,2274.73,56.36,0,0,Fulfilled,67.9,1,64.83,6.05,1944.9,Good,Low,Quality Re-inspection Required
BATCH-01947,2021-01-31,Afternoon,Strawberry,Berries,SUP-013,1632.7,4.53,63.21,,251.7,9.0,Yes,Zone-B,8.68,1.63,5,Conveyor-A,3716.39,2630.21,2.57,2317.91,,0,0,Fulfilled,74.87,3,64.33,3.94,5146.4,Good,Low,Monitor & Maintain
BATCH-01948,2020-09-27,Night,Strawberry,Berries,SUP-004,194.74,16.89,,827.1,286.1,49.6,Yes,Zone-A,8.72,0.1,6,Sorter-X,4218.2,2136.34,5.32,5401.96,65.41,0,1,Partial,,0,31.06,15.95,2484.8,Bad,Medium,Reduce Storage Temperature
BATCH-01949,2022-09-21,Afternoon,Pineapple,Fruits,SUP-007,1246.47,15.71,73.21,450.3,236.2,75.4,Yes,Zone-C,8.36,1.0,1,Conveyor-A,1398.57,971.77,2.48,2140.78,98.01,0,0,Fulfilled,68.28,3,182.48,14.64,8211.6,Good,Medium,Reduce Storage Temperature
BATCH-01950,2022-02-17,Night,Strawberry,Berries,SUP-002,1632.88,10.96,45.52,734.8,241.5,67.8,No,Zone-B,3.74,1.02,1,Sorter-X,655.59,820.32,9.04,2560.85,97.18,0,0,Fulfilled,81.87,2,277.75,17.01,22220.0,Bad,Medium,Restore Cold Chain Immediately
BATCH-01951,2022-01-21,Afternoon,Potato,Root Vegetables,SUP-015,398.14,6.95,79.35,,285.6,93.3,No,Zone-C,2.04,0.44,1,Packer-Z,4327.37,2287.43,3.57,5287.58,82.2,0,0,Fulfilled,75.99,3,54.86,13.78,987.48,Good,Medium,Restore Cold Chain Immediately
BATCH-01952,2021-01-09,Morning,Onion,Root Vegetables,SUP-008,128.54,14.2,78.3,1439.0,457.1,4.3,Yes,Zone-C,5.01,0.72,3,Packer-Z,2240.39,2227.51,8.15,4205.96,95.19,0,0,Fulfilled,84.79,0,5.32,4.14,117.04,Good,Low,Reduce Storage Temperature
BATCH-01953,2020-02-20,Afternoon,Potato,Root Vegetables,SUP-007,694.16,2.69,82.36,822.5,14.7,26.6,Yes,Zone-A,2.97,39.5521869887004,1,Conveyor-B,1308.75,531.61,4.08,4921.13,87.56,0,0,Partial,91.85,3,41.3,5.95,743.4,Good,Low,Monitor & Maintain
BATCH-01954,2021-08-21,Morning,Onion,Root Vegetables,SUP-015,1217.47,12.23,82.87,936.7,400.8,53.6,No,Zone-D,1.0,0.02,1,Packer-Z,913.53,1112.64,7.76,7336.04,67.29,0,0,Fulfilled,96.49,2,170.32,13.99,3747.04,Good,Medium,Restore Cold Chain Immediately
BATCH-01955,2020-06-04,Night,Leafy Greens,Vegetables,SUP-014,362.74,9.17,70.49,856.9,195.3,60.2,Yes,Zone-C,3.15,3.28,5,Washer-1,2824.25,728.36,2.6,5331.69,80.2,0,0,Fulfilled,61.66,2,33.26,9.17,498.9,Good,Low,Quality Re-inspection Required
BATCH-01956,2023-08-15,Night,Onion,Root Vegetables,SUP-008,909.63,19.6,80.1,544.8,372.5,27.8,No,Zone-C,4.96,6.31,5,Conveyor-B,,953.02,7.76,5092.84,61.02,0,0,Partial,82.55,1,176.92,19.45,3892.24,Bad,High,Restore Cold Chain Immediately
BATCH-01957,2020-03-01,Afternoon,Potato,Root Vegetables,SUP-012,1149.41,,67.16,1588.4,474.3,79.7,Yes,Zone-C,1.57,0.68,6,Washer-1,3050.11,933.94,2.21,3868.6,84.36,0,0,Fulfilled,80.63,2,102.18,8.89,1839.24,Good,Low,Prioritize Dispatch
BATCH-01958,2021-09-22,Night,Onion,Root Vegetables,SUP-013,1237.88,11.94,,1391.0,153.1,17.4,Yes,Zone-A,9.47,0.24,2,Conveyor-B,3772.88,2930.47,5.16,5325.4,52.24,1,0,Delayed,93.15,1,92.59,7.48,2036.98,Good,Low,Activate Backup Supplier
BATCH-01959,2020-03-17,Afternoon,Leafy Greens,Vegetables,SUP-011,621.38,14.82,53.58,1049.1,44.8,2.1,Yes,Zone-A,6.73,6.14,2,Washer-1,2907.76,2275.61,1.58,1735.53,91.57,1,0,Partial,94.42,0,66.3,10.67,994.5,Good,Medium,Reduce Storage Temperature
BATCH-01960,2020-05-19,Night,Leafy Greens,Vegetables,SUP-017,860.06,10.72,86.2,971.6,116.1,91.5,Yes,Zone-D,1.8,2.7,2,Conveyor-B,4566.65,2362.15,5.52,4898.03,,0,0,Fulfilled,88.46,2,82.14,9.55,1232.1,Good,Low,Prioritize Dispatch
BATCH-01961,2022-08-19,Morning,Tomato,Vegetables,SUP-017,1578.84,6.04,56.63,1179.1,111.0,38.8,Yes,Zone-A,8.21,4.44,6,Sorter-X,1200.06,904.53,8.3,2060.29,52.92,0,0,Fulfilled,81.2,2,40.58,2.57,1014.5,Good,Low,Monitor & Maintain
BATCH-01962,2022-08-02,Night,Onion,Root Vegetables,SUP-004,1888.31,11.67,49.62,791.7,370.9,92.0,No,Zone-B,9.32,,5,Sorter-X,2722.79,101.53,7.68,2939.2,93.59,0,0,Delayed,,1,392.2,20.77,8628.4,Bad,High,Restore Cold Chain Immediately
BATCH-01963,2020-02-18,Morning,Pineapple,Fruits,SUP-008,1737.57,19.0,64.76,460.3,30.9,28.1,Yes,Zone-D,3.0,1.32,5,Conveyor-B,1234.36,268.66,0.98,4931.73,93.89,1,0,Partial,67.17,2,258.55,14.88,11634.75,Good,Medium,Reduce Storage Temperature
BATCH-01964,2020-01-02,Afternoon,Mango,Fruits,SUP-005,1172.14,9.38,72.67,885.2,25.5,8.0,Yes,Zone-A,1.86,5.33,1,Conveyor-A,4441.56,1703.7,5.18,5540.79,92.64,1,0,Partial,81.52,3,140.42,11.98,8425.2,Good,Medium,Expedite Processing
BATCH-01965,2020-04-25,Afternoon,Banana,Fruits,SUP-016,879.56,14.23,55.39,1580.8,346.8,74.6,Yes,Zone-A,3.56,1.23,4,Conveyor-B,4695.08,927.9,8.6,3895.67,88.72,0,0,Partial,61.13,1,124.02,14.1,2480.4,Good,Medium,Reduce Storage Temperature
BATCH-01966,2023-01-18,Afternoon,Leafy Greens,Vegetables,SUP-004,732.62,19.6,70.01,618.8,278.4,80.6,Yes,Zone-C,8.41,2.23,5,Conveyor-A,2299.98,659.57,6.68,4094.27,83.9,0,0,Fulfilled,,0,104.76,14.3,1571.4,Good,Medium,Reduce Storage Temperature
BATCH-01967,2022-05-03,Morning,Orange,Fruits,SUP-015,337.42,16.94,81.36,1033.2,208.9,48.3,Yes,Zone-A,2.16,2.44,6,Washer-1,1875.87,243.96,1.06,4553.51,69.85,0,0,Fulfilled,95.1,2,37.22,11.03,1302.7,Good,Medium,Reduce Storage Temperature
BATCH-01968,2020-02-25,Afternoon,Mango,Fruits,SUP-012,302.45,13.86,56.57,410.2,287.7,8.9,Yes,Zone-C,7.9,3.63,4,Conveyor-B,1756.92,2640.06,3.59,6070.22,56.82,0,0,Fulfilled,97.08,0,29.22,9.66,1753.2,Good,Low,Monitor & Maintain
BATCH-01969,2021-12-13,Afternoon,Lemon,Citrus,SUP-005,1407.88,15.25,71.11,546.4,367.6,63.5,Yes,Zone-A,7.3,7.39,5,Conveyor-A,,1840.37,5.79,1762.42,,0,0,Partial,55.23,0,234.27,16.64,7028.1,Bad,Medium,Reduce Storage Temperature
BATCH-01970,2022-11-05,Morning,Onion,Root Vegetables,SUP-016,593.61,18.86,60.27,1104.6,51.7,19.1,Yes,Zone-A,6.69,0.82,6,Conveyor-B,3570.99,411.38,2.14,4257.47,67.35,0,0,Delayed,92.95,3,50.81,8.56,1117.82,Good,Low,Reduce Storage Temperature
BATCH-01971,2023-06-22,Night,Potato,Root Vegetables,SUP-014,583.86,19.28,68.84,756.9,276.6,81.8,Yes,Zone-A,4.62,0.57,5,Sorter-X,,2322.57,6.98,1742.93,67.9,1,0,Fulfilled,96.27,1,82.85,14.19,1491.3,Good,Medium,Reduce Storage Temperature
BATCH-01972,2023-09-25,Afternoon,Banana,Fruits,SUP-010,1996.57,19.44,75.01,1486.8,412.2,27.8,Yes,Zone-A,3.98,0.16,3,Sorter-X,1028.83,2291.89,6.53,3514.21,78.27,0,0,Fulfilled,78.13,1,212.24,10.63,4244.8,Good,Medium,Reduce Storage Temperature
BATCH-01973,2021-04-23,Night,Orange,Fruits,SUP-007,457.06,,60.77,887.4,181.2,81.7,Yes,Zone-A,1.31,3.88,4,Conveyor-B,,939.27,2.42,4680.32,60.42,0,0,Cancelled,74.75,2,55.58,12.16,1945.3,Good,Medium,Prioritize Dispatch
BATCH-01974,2020-07-17,Night,Mango,Fruits,SUP-013,381.31,8.92,89.75,649.6,381.5,42.1,Yes,Zone-D,3.89,0.69,3,Conveyor-B,,646.44,5.73,2124.33,59.48,0,0,Fulfilled,95.43,0,21.62,5.67,1297.2,Good,Low,Monitor & Maintain
BATCH-01975,2020-12-11,Afternoon,Onion,Root Vegetables,SUP-020,287.5,4.4,70.37,1054.7,422.7,58.1,Yes,Zone-A,6.22,0.1,1,Packer-Z,4536.91,2460.55,8.21,4479.09,85.85,1,0,Fulfilled,55.33,1,24.24,8.43,533.28,Good,Low,Activate Backup Supplier
BATCH-01976,2023-02-07,Afternoon,Tomato,Vegetables,SUP-005,1201.63,,82.1,1354.0,410.5,76.2,Yes,Zone-A,9.03,4.01,3,Sorter-X,2219.09,1055.74,4.06,7031.77,50.38,0,0,Fulfilled,91.98,2,100.22,8.34,2505.5,Good,Low,Prioritize Dispatch
BATCH-01977,2023-11-19,Morning,Lemon,Citrus,SUP-003,1292.94,18.97,77.63,,325.2,5.8,No,Zone-C,8.41,1.43,3,Washer-1,1908.91,2557.54,2.85,5641.84,57.48,0,1,Fulfilled,68.05,3,261.3,20.21,7839.0,Bad,High,Restore Cold Chain Immediately
BATCH-01978,2021-11-11,Morning,Banana,Fruits,SUP-015,793.93,18.02,83.38,1006.6,358.7,79.2,Yes,Zone-B,0.81,,6,Conveyor-B,4608.35,226.59,7.16,6204.89,71.75,0,1,Fulfilled,83.21,0,136.87,17.24,2737.4,Bad,Medium,Reduce Storage Temperature
BATCH-01979,2021-03-21,Afternoon,Pineapple,Fruits,SUP-004,1117.29,11.43,52.82,1328.1,393.8,15.0,Yes,Zone-B,1.82,1.62,1,Packer-Z,713.9,1547.94,1.17,5032.21,57.45,0,0,Fulfilled,69.22,3,89.49,8.01,4027.05,Good,Low,Quality Re-inspection Required
BATCH-01980,2021-09-18,Night,Tomato,Vegetables,SUP-015,1597.96,11.67,55.01,524.3,366.9,35.7,Yes,Zone-D,8.56,0.75,4,Conveyor-B,2658.18,620.83,8.41,6867.85,97.99,0,0,Fulfilled,78.01,2,109.94,6.88,2748.5,Good,Low,Monitor & Maintain
BATCH-01981,2021-03-21,Morning,Orange,Fruits,SUP-014,1654.4,7.56,66.93,1483.4,225.8,46.4,Yes,Zone-A,9.42,0.28,2,Sorter-X,2563.82,2048.93,9.46,2513.31,83.51,0,0,Partial,90.57,0,145.42,8.79,5089.7,Good,Low,Monitor & Maintain
BATCH-01982,2021-01-09,Morning,Banana,Fruits,SUP-020,1920.03,10.18,83.35,717.4,79.6,86.2,Yes,Zone-B,1.03,1.15,5,Conveyor-A,1157.25,2991.92,9.67,4273.26,71.64,0,0,Partial,62.98,3,307.97,16.04,6159.4,Bad,Medium,Prioritize Dispatch
BATCH-01983,2022-05-16,Afternoon,Tomato,Vegetables,SUP-019,1666.11,14.86,53.89,604.7,154.9,4.1,Yes,Zone-C,7.16,0.05,6,Conveyor-A,2277.28,1296.28,4.61,5128.76,55.61,0,0,Delayed,84.21,0,854.2297865863746,5.53,2303.5,Good,Low,Reduce Storage Temperature
BATCH-01984,2020-01-23,Afternoon,Lemon,Citrus,SUP-013,1173.2,9.24,88.7,1107.1,103.6,54.6,Yes,Zone-C,3.97,,4,Sorter-X,3751.7,390.9,6.42,6734.89,69.26,0,1,Delayed,94.53,2,130.81,11.15,3924.3,Good,Medium,Monitor & Maintain
BATCH-01985,2021-01-13,Afternoon,Pineapple,Fruits,SUP-010,441.35,5.38,50.74,610.0,180.7,62.4,No,Zone-D,3.96,1.12,1,Washer-1,2150.91,1021.25,8.64,3449.54,82.53,0,0,Delayed,,0,46.56,10.55,2095.2,Good,Medium,Restore Cold Chain Immediately
BATCH-01986,2022-08-23,Afternoon,Tomato,Vegetables,SUP-005,289.55,11.74,52.88,1215.6,244.7,31.8,Yes,Zone-C,6.61,0.31,3,Packer-Z,1893.47,2685.37,2.62,1666.55,98.44,0,0,Fulfilled,,3,22.41,7.74,560.25,Good,Low,Monitor & Maintain
BATCH-01987,2020-02-16,Morning,Strawberry,Berries,SUP-020,203.57,6.06,52.53,988.1,479.5,29.3,Yes,Zone-B,8.2,1.51,2,Conveyor-B,4018.53,2320.71,0.76,7321.35,73.63,0,0,Fulfilled,77.81,1,5.27,2.59,421.6,Good,Low,Monitor & Maintain
BATCH-01988,2020-05-01,Morning,Pineapple,Fruits,SUP-020,1366.4,19.54,71.37,531.9,479.7,48.1,No,Zone-B,3.11,3.23,3,Conveyor-B,4949.22,773.41,4.15,1810.93,84.62,0,0,Fulfilled,88.78,2,248.27,18.17,11172.15,Bad,High,Restore Cold Chain Immediately
BATCH-01989,2021-03-04,Morning,Orange,Fruits,SUP-006,1634.32,9.03,86.29,1495.0,384.8,19.6,Yes,Zone-B,7.2,7.36,5,Conveyor-B,,2865.44,8.9,2545.25,59.77,0,0,Fulfilled,74.66,0,160.65,9.83,5622.75,Good,Low,Expedite Processing
BATCH-01990,2023-07-05,Night,Lemon,Citrus,SUP-004,1066.5,18.37,,1207.8,490.1,46.0,No,Zone-A,6.54,1.5,1,Packer-Z,4308.54,1904.35,5.3,4112.09,81.18,0,0,Fulfilled,75.25,0,208.29,19.53,6248.7,Bad,High,Restore Cold Chain Immediately
BATCH-01991,2023-01-21,Morning,Onion,Root Vegetables,SUP-002,203.96,6.06,,1055.2,499.0,73.9,No,Zone-C,5.41,0.28,2,Packer-Z,4727.75,587.34,5.54,4543.91,61.95,0,0,Partial,67.49,0,28.35,13.9,623.7,Good,Medium,Restore Cold Chain Immediately
BATCH-01992,2020-02-02,Morning,Potato,Root Vegetables,SUP-016,1117.39,5.41,52.91,,442.6,81.5,No,Zone-C,6.22,3.33,4,Sorter-X,4107.98,1759.73,7.07,6508.25,59.91,0,1,Partial,67.55,0,220.24,19.71,3964.32,Bad,High,Restore Cold Chain Immediately
BATCH-01993,2022-01-02,Afternoon,Potato,Root Vegetables,SUP-018,1877.92,13.1,73.4,561.8,39.8,38.2,Yes,Zone-A,0.67,2.38,4,Packer-Z,4911.59,1408.7,5.96,4261.82,75.46,0,0,Fulfilled,56.66,0,225.35,12.0,4056.3,Good,Medium,Quality Re-inspection Required
BATCH-01994,2021-02-05,Morning,Potato,Root Vegetables,SUP-005,1235.47,16.03,50.55,1249.0,213.0,60.0,Yes,Zone-B,0.54,6.16,1,Conveyor-B,3862.78,2477.12,1.02,4840.56,60.58,0,0,Partial,78.38,3,150.36,12.17,2706.48,Good,Medium,Reduce Storage Temperature
BATCH-01995,2022-08-05,Morning,Banana,Fruits,SUP-004,1637.91,12.2,67.11,1376.4,267.1,2.0,No,Zone-C,5.73,1.53,1,Conveyor-B,3476.85,1098.06,5.83,2822.0,86.07,0,0,Fulfilled,68.59,3,202.61,12.37,4052.2,Good,Medium,Restore Cold Chain Immediately
BATCH-01996,2022-11-19,Morning,Orange,Fruits,SUP-013,1620.29,6.14,74.48,551.0,62.0,53.7,No,Zone-B,5.48,0.88,6,Packer-Z,3620.07,2637.44,6.66,4966.81,96.87,1,0,Fulfilled,63.26,2,328.59,20.28,11500.65,Bad,High,Restore Cold Chain Immediately
BATCH-01997,2023-06-13,Afternoon,Lemon,Citrus,SUP-019,1871.05,2.68,71.06,993.5,404.3,93.7,No,Zone-A,1.18,6.59,3,Packer-Z,4550.37,2454.71,6.6,3684.11,69.68,0,0,Fulfilled,60.36,2,347.83,18.59,10434.9,Bad,High,Restore Cold Chain Immediately
BATCH-01998,2021-11-25,Morning,Pineapple,Fruits,SUP-002,1563.43,13.13,51.3,981.8,74.3,31.4,No,Zone-B,5.17,1.55,2,Sorter-X,3573.54,2056.35,7.42,2233.63,66.12,0,0,Cancelled,70.27,3,242.64,15.52,10918.8,Bad,Medium,Restore Cold Chain Immediately
BATCH-01999,2023-12-22,Morning,Banana,Fruits,SUP-013,1520.63,4.36,52.26,819.9,191.7,57.9,Yes,Zone-D,7.7,0.03,5,Conveyor-A,3925.42,849.96,5.44,7158.95,58.79,1,0,Delayed,94.56,1,89.41,5.88,1788.2,Good,Low,Activate Backup Supplier
BATCH-02000,2023-12-01,Night,Orange,Fruits,SUP-011,544.8,8.18,75.21,1347.2,34.5,73.7,Yes,Zone-A,5.64,1.28,1,Packer-Z,1472.04,2913.96,9.05,2134.59,69.52,0,0,Fulfilled,77.72,3,48.98,8.99,1714.3,Good,Low,Prioritize Dispatch
BATCH-02001,2023-07-11,Night,Onion,Root Vegetables,SUP-004,213.86,14.16,81.4,519.4,262.3,59.2,Yes,Zone-B,5.42,,2,Conveyor-A,4606.92,1691.13,4.91,5598.48,,0,0,Delayed,79.51,1,24.0,11.22,528.0,Good,Medium,Reduce Storage Temperature
BATCH-02002,2022-04-19,Night,Strawberry,Berries,SUP-020,1083.44,3.76,85.86,646.0,298.5,41.3,Yes,Zone-A,7.32,2.68,6,Washer-1,2512.46,2731.79,5.42,6936.6,68.65,0,0,Fulfilled,57.39,3,95.34,8.8,7627.2,Good,Low,Quality Re-inspection Required
BATCH-02003,2021-08-04,Night,Lemon,Citrus,SUP-020,336.42,4.29,81.61,401.9,367.6,16.3,Yes,Zone-C,2.13,1.67,1,Conveyor-A,1224.8,725.62,7.91,2701.18,81.15,0,0,Partial,77.87,2,16.35,4.86,490.5,Good,Low,Monitor & Maintain
BATCH-02004,2021-06-16,Afternoon,Potato,Root Vegetables,SUP-015,1928.17,3.11,88.83,847.6,169.7,45.6,Yes,Zone-D,4.85,0.23,1,Packer-Z,4099.04,2951.8,8.42,3037.65,83.12,0,0,Fulfilled,,2,73.27,3.8,1318.86,Good,Low,Monitor & Maintain
BATCH-02005,2020-01-18,Night,Tomato,Vegetables,SUP-004,650.86,19.93,63.37,749.4,295.3,29.7,Yes,Zone-A,1.91,3.35,4,Conveyor-B,,2466.57,6.66,4139.17,,0,0,Partial,61.63,0,76.28,11.72,1907.0,Good,Medium,Reduce Storage Temperature
BATCH-02006,2020-12-29,Morning,Lemon,Citrus,SUP-009,1720.59,,59.9,1440.4,367.1,67.4,Yes,Zone-B,5.48,1.54,2,Conveyor-B,1328.54,2852.76,1.7,3371.1,84.89,0,0,Fulfilled,98.28,1,995.5850172048422,7.94,4098.3,Good,Low,Monitor & Maintain
BATCH-02007,2022-11-15,Night,Leafy Greens,Vegetables,SUP-007,836.49,18.3,46.27,1295.0,381.0,43.5,No,Zone-C,6.12,,4,Packer-Z,1653.13,715.86,3.65,6069.98,95.02,1,0,Fulfilled,95.27,1,162.45,19.42,2436.75,Bad,High,Restore Cold Chain Immediately
BATCH-02008,2022-05-31,Afternoon,Orange,Fruits,SUP-019,714.07,7.28,65.25,501.4,150.8,81.9,Yes,Zone-B,1.66,0.35,6,Sorter-X,657.27,1348.91,0.69,3624.67,,0,0,Fulfilled,98.7,1,45.77,6.41,1601.95,Good,Low,Prioritize Dispatch
BATCH-02009,2023-08-30,Night,Mango,Fruits,SUP-019,1876.8,15.56,74.31,1289.1,33.9,20.2,Yes,Zone-B,1.22,3.45,4,Packer-Z,907.8,383.14,3.31,7387.7,77.57,0,0,Fulfilled,,0,205.32,10.94,12319.2,Good,Medium,Reduce Storage Temperature
BATCH-02010,2020-03-14,Night,Onion,Root Vegetables,SUP-006,790.31,5.94,81.69,1210.5,18.8,41.3,Yes,Zone-A,2.08,0.88,6,Packer-Z,3166.81,497.21,5.92,6649.55,80.19,0,0,Partial,91.18,1,44.42,5.62,977.24,Good,Low,Monitor & Maintain
BATCH-02011,2020-08-14,Afternoon,Strawberry,Berries,SUP-006,841.55,10.97,57.04,738.1,384.0,54.4,No,Zone-A,6.07,3.44,2,Sorter-X,4397.98,923.48,8.15,6861.95,85.49,0,0,Partial,69.46,0,151.23,17.97,12098.4,Bad,Medium,Restore Cold Chain Immediately
BATCH-02012,2023-02-26,Afternoon,Onion,Root Vegetables,SUP-020,301.57,16.84,68.11,418.6,192.7,13.8,Yes,Zone-B,2.3,0.14,6,Sorter-X,2518.39,2859.71,6.06,2029.89,69.29,0,0,Fulfilled,87.96,0,29.58,9.81,650.76,Good,Low,Reduce Storage Temperature
BATCH-02013,2021-06-07,Afternoon,Lemon,Citrus,SUP-015,1373.85,16.69,74.79,538.2,67.0,57.3,Yes,Zone-A,3.11,0.56,6,Washer-1,3317.26,2034.86,0.88,2684.35,90.94,0,0,Cancelled,96.7,0,95.48,6.95,2864.4,Good,Low,Reduce Storage Temperature
BATCH-02014,2020-06-21,Afternoon,Mango,Fruits,SUP-015,648.79,16.3,69.82,699.9,92.2,29.3,Yes,Zone-B,7.17,2.89,4,Washer-1,4143.8,1012.43,2.96,2644.03,76.99,1,0,Cancelled,61.82,0,106.6,16.43,6396.0,Bad,Medium,Reduce Storage Temperature
BATCH-02015,2023-12-25,Afternoon,Leafy Greens,Vegetables,SUP-020,1212.65,16.83,57.33,1379.9,383.1,23.6,Yes,Zone-A,2.86,2.05,3,Washer-1,2105.46,2868.26,5.99,5564.11,70.45,1,1,Fulfilled,61.17,3,180.68,14.9,2710.2,Good,Medium,Reduce Storage Temperature
BATCH-02016,2023-02-23,Afternoon,Pineapple,Fruits,SUP-009,1223.57,,80.83,,299.5,15.3,Yes,Zone-D,4.28,0.73,5,Sorter-X,3444.41,2245.22,7.24,1729.21,85.96,0,0,Fulfilled,59.59,2,60.57,4.95,2725.65,Good,Low,Quality Re-inspection Required
BATCH-02017,2021-08-19,Morning,Tomato,Vegetables,SUP-004,1466.48,10.68,52.8,1502.1,250.7,34.9,Yes,Zone-A,9.32,5.5,5,Conveyor-A,2076.95,2730.24,8.73,6345.34,96.37,0,0,Partial,90.13,1,157.5,10.74,3937.5,Good,Medium,Expedite Processing
BATCH-02018,2023-04-17,Night,Mango,Fruits,SUP-018,1515.96,10.73,85.72,1347.0,311.5,89.3,No,Zone-B,8.34,0.47,3,Packer-Z,3392.22,2788.94,9.69,4838.34,,0,0,Fulfilled,,2,230.12,15.18,13807.2,Bad,Medium,Restore Cold Chain Immediately
BATCH-02019,2022-09-20,Night,Orange,Fruits,SUP-018,1077.46,18.03,87.87,,68.7,4.9,Yes,Zone-C,2.93,3.79,1,Washer-1,1479.23,2277.23,8.97,4950.28,,0,0,Fulfilled,77.98,1,131.67,12.22,4608.45,Good,Medium,Reduce Storage Temperature
BATCH-02020,2023-02-27,Afternoon,Potato,Root Vegetables,SUP-005,728.88,7.34,61.45,1414.4,159.5,82.1,Yes,Zone-A,6.18,2.38,4,Conveyor-A,4900.28,805.09,4.94,4781.92,63.3,0,0,Fulfilled,89.05,2,62.25,8.54,1120.5,Good,Low,Prioritize Dispatch
BATCH-02021,2023-04-05,Afternoon,Leafy Greens,Vegetables,SUP-020,1691.16,18.77,61.93,540.1,187.0,39.4,Yes,Zone-D,6.83,0.26,5,Packer-Z,,2990.11,7.6,4770.36,55.93,0,0,Partial,92.4,0,219.01,12.95,3285.15,Good,Medium,Reduce Storage Temperature
BATCH-02022,2020-05-03,Morning,Tomato,Vegetables,SUP-011,688.74,,78.45,443.3,157.2,54.8,Yes,Zone-D,9.05,1.62,2,Conveyor-A,2773.55,1042.76,2.79,2809.72,76.72,0,0,Fulfilled,96.78,2,40.7,5.91,1017.5,Good,Low,Monitor & Maintain
BATCH-02023,2022-06-28,Morning,Strawberry,Berries,SUP-005,1064.27,14.06,65.53,1130.2,432.2,50.2,Yes,Zone-D,5.7,5.32,6,Conveyor-B,1788.33,2047.95,1.11,3305.27,52.22,0,0,Fulfilled,63.86,0,145.8,13.7,11664.0,Good,Medium,Reduce Storage Temperature
BATCH-02024,2020-01-10,Afternoon,Potato,Root Vegetables,SUP-004,862.38,6.84,46.29,810.1,290.7,89.0,Yes,Zone-D,5.83,1.93,6,Conveyor-B,3203.77,2549.95,1.02,4493.06,83.73,0,0,Partial,74.43,2,56.31,6.53,1013.58,Good,Low,Prioritize Dispatch
BATCH-02025,2020-03-04,Morning,Lemon,Citrus,SUP-012,1724.65,9.39,86.39,795.3,364.7,74.4,No,Zone-B,8.94,1.5,1,Packer-Z,2427.38,607.94,2.79,5598.28,62.0,0,0,Cancelled,95.61,0,259.73,15.06,7791.9,Bad,Medium,Restore Cold Chain Immediately
BATCH-02026,2023-08-12,Morning,Mango,Fruits,SUP-002,920.65,14.78,64.38,1224.6,118.4,94.6,Yes,Zone-D,1.02,0.91,5,Conveyor-A,,1866.22,0.86,3240.05,,0,1,Partial,75.3,2,125.76,13.66,7545.6,Good,Medium,Reduce Storage Temperature
BATCH-02027,2022-02-09,Afternoon,Tomato,Vegetables,SUP-013,833.59,11.23,54.16,,132.0,76.7,No,Zone-C,6.47,3.11,4,Conveyor-A,1625.17,1188.0,8.58,6343.64,82.78,1,0,Fulfilled,76.46,0,173.8,20.85,4345.0,Bad,High,Restore Cold Chain Immediately
BATCH-02028,2022-12-10,Afternoon,Banana,Fruits,SUP-010,1410.67,18.75,70.0,786.6,112.7,29.8,No,Zone-A,4.46,4.89,5,Sorter-X,1321.24,808.44,5.15,6369.55,74.15,0,0,Fulfilled,96.47,1,229.37,16.26,4587.4,Bad,Medium,Restore Cold Chain Immediately
BATCH-02029,2023-05-09,Afternoon,Pineapple,Fruits,SUP-009,1244.64,15.27,,790.0,344.0,92.5,Yes,Zone-D,9.14,2.8,4,Washer-1,4022.96,134.14,8.2,3251.24,61.8,0,0,Fulfilled,87.33,3,206.98,16.63,9314.1,Bad,Medium,Reduce Storage Temperature
BATCH-02030,2023-10-18,Afternoon,Pineapple,Fruits,SUP-010,303.77,12.16,54.27,1040.6,174.5,94.5,Yes,Zone-A,9.63,2.58,1,Packer-Z,1499.9,2628.72,9.43,4913.98,94.02,0,0,Partial,79.29,0,38.31,12.61,1723.95,Good,Medium,Prioritize Dispatch
BATCH-02031,2023-06-23,Night,Leafy Greens,Vegetables,SUP-007,1065.52,17.96,69.56,1183.8,202.5,13.6,Yes,Zone-B,2.12,0.43,6,Conveyor-A,3980.87,494.06,9.94,3687.24,88.23,0,0,Fulfilled,70.72,2,140.86,13.22,2112.9,Good,Medium,Reduce Storage Temperature
BATCH-02032,2021-12-06,Night,Strawberry,Berries,SUP-004,1497.41,13.98,62.6,643.5,354.6,86.7,Yes,Zone-A,3.17,3.59,3,Washer-1,2682.67,2646.54,9.4,2767.88,,0,0,Partial,95.28,1,166.06,11.09,13284.8,Good,Medium,Prioritize Dispatch
BATCH-02033,2021-05-05,Afternoon,Leafy Greens,Vegetables,SUP-019,1984.94,13.65,70.78,1495.2,485.9,64.4,Yes,Zone-B,3.1,0.08,6,Packer-Z,825.03,1842.0,7.31,6342.86,84.93,0,0,Delayed,55.39,0,162.77,8.2,2441.55,Good,Low,Quality Re-inspection Required
BATCH-02034,2020-08-13,Morning,Banana,Fruits,SUP-010,1295.38,,89.86,,80.9,88.7,Yes,Zone-B,1.46,2.83,4,Conveyor-A,1244.49,1901.06,4.7,7420.51,70.77,0,0,Fulfilled,69.12,2,823.7395978715031,12.53,3246.2,Good,Medium,Prioritize Dispatch
BATCH-02035,2021-08-07,Afternoon,Orange,Fruits,SUP-003,803.56,9.11,83.66,1150.2,31.3,88.1,No,Zone-A,5.09,26.596664381383157,4,Conveyor-B,4518.07,2503.09,6.18,4946.83,68.79,0,1,Partial,96.63,3,123.11,15.32,4308.85,Bad,Medium,Restore Cold Chain Immediately
BATCH-02036,2021-06-19,Night,Strawberry,Berries,SUP-019,529.69,14.3,45.35,1485.0,97.4,85.8,Yes,Zone-D,5.37,1.34,1,Conveyor-A,3212.67,1577.38,8.26,6970.03,58.01,0,0,Partial,76.92,3,79.93,15.09,6394.4,Bad,Medium,Reduce Storage Temperature
BATCH-02037,2022-03-27,Morning,Onion,Root Vegetables,SUP-002,1758.38,18.05,47.28,1488.7,367.5,85.2,Yes,Zone-C,5.94,2.38,1,Conveyor-B,1329.5,1136.13,9.03,5391.0,90.18,0,0,Delayed,82.45,2,259.54,14.76,5709.88,Good,Medium,Reduce Storage Temperature
BATCH-02038,2022-08-29,Night,Orange,Fruits,SUP-020,1647.67,7.68,72.45,562.7,97.3,13.1,No,Zone-A,6.8,2.85,2,Conveyor-B,3666.94,502.54,9.59,4946.85,69.05,0,0,Cancelled,78.44,0,219.14,13.3,7669.9,Good,Medium,Restore Cold Chain Immediately
BATCH-02039,2023-11-29,Afternoon,Strawberry,Berries,SUP-010,544.45,5.88,73.18,574.1,292.2,15.5,No,Zone-C,1.1,4.38,6,Sorter-X,4204.68,1754.2,7.44,4449.64,84.62,0,0,Fulfilled,72.48,1,77.48,14.23,6198.4,Good,Medium,Restore Cold Chain Immediately
BATCH-02040,2022-11-29,Night,Strawberry,Berries,SUP-002,481.2,12.69,84.52,1314.3,295.2,13.1,Yes,Zone-A,6.41,0.66,6,Sorter-X,1987.94,1704.18,5.63,3029.5,65.0,0,0,Fulfilled,84.27,2,50.81,10.56,4064.8,Good,Medium,Monitor & Maintain
BATCH-02041,2022-07-28,Night,Banana,Fruits,SUP-002,1458.76,3.21,73.31,1548.3,147.2,10.6,Yes,Zone-C,9.18,0.51,1,Washer-1,3004.68,952.3,9.7,2149.52,89.8,0,0,Fulfilled,88.72,3,58.35,4.0,1167.0,Good,Low,Monitor & Maintain
BATCH-02042,2021-05-04,Night,Lemon,Citrus,SUP-017,698.41,14.86,55.25,1199.8,34.4,35.2,Yes,Zone-A,4.82,11.17,5,Packer-Z,1820.52,1840.17,9.61,4229.97,55.26,0,0,Fulfilled,71.03,2,106.51,15.25,3195.3,Bad,Medium,Reduce Storage Temperature
BATCH-02043,2020-02-20,Morning,Banana,Fruits,SUP-016,682.16,14.66,66.08,893.6,199.6,66.3,No,Zone-C,1.51,0.47,4,Washer-1,860.28,1374.16,5.04,4921.21,81.25,0,0,Fulfilled,80.98,2,129.27,18.95,2585.4,Bad,High,Restore Cold Chain Immediately
BATCH-02044,2021-02-24,Night,Strawberry,Berries,SUP-016,389.35,8.39,81.4,1220.2,93.4,35.3,No,Zone-C,1.32,2.19,3,Sorter-X,2297.79,2436.04,6.66,4619.9,90.38,0,0,Delayed,58.64,1,65.18,16.74,5214.4,Bad,Medium,Restore Cold Chain Immediately
BATCH-02045,2023-01-26,Morning,Tomato,Vegetables,SUP-014,601.55,18.07,86.53,674.6,92.2,69.7,Yes,Zone-A,3.18,6.1,1,Washer-1,,1722.51,8.19,5701.27,83.01,0,1,Fulfilled,79.09,1,111.59,18.55,2789.75,Bad,High,Reduce Storage Temperature
BATCH-02046,2020-10-26,Afternoon,Orange,Fruits,SUP-007,912.26,11.04,55.66,1597.6,261.3,79.1,Yes,Zone-A,7.65,4.54,4,Packer-Z,2564.06,2807.67,4.61,2776.09,84.81,1,0,Fulfilled,87.9,2,163.2,17.89,5712.0,Bad,Medium,Prioritize Dispatch
BATCH-02047,2022-11-05,Afternoon,Banana,Fruits,SUP-011,1492.39,13.62,69.28,,336.6,64.6,Yes,Zone-B,2.98,1.17,3,Packer-Z,2323.71,1602.15,8.38,3717.92,76.3,0,0,Partial,80.75,2,164.76,11.04,3295.2,Good,Medium,Monitor & Maintain
BATCH-02048,2022-04-26,Night,Lemon,Citrus,SUP-001,738.99,5.77,52.15,1518.0,37.7,45.7,No,Zone-C,8.24,2.03,2,Conveyor-A,2147.03,2673.74,1.56,4074.45,77.95,0,0,Partial,93.65,1,89.71,12.14,2691.3,Good,Medium,Restore Cold Chain Immediately
BATCH-02049,2020-09-07,Morning,Mango,Fruits,SUP-011,724.35,9.51,67.36,917.0,289.2,29.8,Yes,Zone-A,8.29,1.51,5,Washer-1,2565.13,1609.52,5.07,2743.7,53.29,0,0,Partial,67.59,1,56.64,7.82,3398.4,Good,Low,Quality Re-inspection Required
BATCH-02050,2021-01-16,Afternoon,Leafy Greens,Vegetables,SUP-004,641.34,17.52,,1513.8,123.1,13.7,Yes,Zone-D,4.84,0.85,2,Sorter-X,1932.03,1718.3,5.08,6926.56,62.54,1,0,Fulfilled,76.64,0,111.08,17.32,1666.2,Bad,Medium,Reduce Storage Temperature
BATCH-02051,2021-12-25,Morning,Strawberry,Berries,SUP-007,1008.74,5.83,87.38,802.8,336.6,48.4,Yes,Zone-D,3.36,0.31,1,Conveyor-A,3254.83,1163.74,7.0,5619.58,86.1,0,0,Fulfilled,58.85,0,81.1,8.04,6488.0,Good,Low,Quality Re-inspection Required
BATCH-02052,2021-09-02,Morning,Onion,Root Vegetables,SUP-015,443.21,,73.71,1312.7,405.1,69.6,Yes,Zone-B,6.18,3.25,5,Washer-1,786.05,1260.49,1.61,2193.72,97.27,0,0,Fulfilled,85.8,0,46.85,10.57,1030.7,Good,Medium,Monitor & Maintain
BATCH-02053,2023-02-10,Night,Mango,Fruits,SUP-018,1022.7,7.73,83.44,1541.2,403.5,53.5,Yes,Zone-D,8.2,0.19,2,Packer-Z,4133.25,2805.99,1.48,5801.36,77.09,0,0,Cancelled,74.49,0,69.54,6.8,4172.4,Good,Low,Monitor & Maintain
BATCH-02054,2022-12-08,Night,Pineapple,Fruits,SUP-012,1437.93,4.72,89.92,1175.2,184.9,69.8,Yes,Zone-A,1.11,,4,Sorter-X,1279.25,747.52,9.06,4842.65,86.28,0,0,Cancelled,78.34,2,109.71,7.63,4936.95,Good,Low,Monitor & Maintain
BATCH-02055,2022-04-18,Morning,Potato,Root Vegetables,SUP-017,156.6,,53.22,1213.1,283.6,33.5,Yes,Zone-C,9.56,1.8,1,Washer-1,3350.5,452.23,3.39,4704.09,84.18,0,0,Fulfilled,60.65,2,15.89,10.15,286.02,Good,Medium,Quality Re-inspection Required
BATCH-02056,2023-04-15,Morning,Lemon,Citrus,SUP-001,118.58,,76.24,523.5,396.8,8.3,Yes,Zone-A,6.64,0.82,6,Packer-Z,2524.47,2507.61,3.61,7410.66,99.97,0,0,Partial,,0,3.11,2.62,93.3,Good,Low,Monitor & Maintain
BATCH-02057,2022-04-01,Night,Onion,Root Vegetables,SUP-011,242.73,18.62,84.91,969.1,30.4,74.5,No,Zone-D,4.28,0.29,2,Packer-Z,3980.72,1773.04,7.88,5251.75,89.75,0,0,Delayed,88.96,2,50.75,20.91,1116.5,Bad,High,Restore Cold Chain Immediately
BATCH-02058,2023-11-09,Morning,Potato,Root Vegetables,SUP-001,1117.75,15.34,70.92,1464.1,302.8,22.7,Yes,Zone-D,5.31,3.22,5,Washer-1,4217.63,925.48,4.44,6869.99,,0,1,Fulfilled,72.63,1,159.84,14.3,2877.12,Good,Medium,Reduce Storage Temperature
BATCH-02059,2020-11-13,Night,Lemon,Citrus,SUP-015,1723.46,7.69,73.79,689.1,418.3,59.9,No,Zone-A,4.16,1.24,5,Washer-1,1418.9,1353.96,8.41,6967.72,,0,0,Partial,80.08,1,247.83,14.38,7434.9,Good,Medium,Restore Cold Chain Immediately
BATCH-02060,2022-11-08,Morning,Tomato,Vegetables,SUP-010,109.28,15.74,63.35,1346.0,186.2,77.6,Yes,Zone-B,4.42,2.58,6,Sorter-X,3547.31,1622.23,4.31,2249.24,68.13,1,0,Fulfilled,,0,16.65,15.24,416.25,Bad,Medium,Reduce Storage Temperature
BATCH-02061,2021-06-24,Night,Leafy Greens,Vegetables,SUP-007,1879.66,2.4,,1210.9,227.7,15.1,Yes,Zone-A,6.16,0.03,3,Conveyor-A,1354.58,1817.21,7.73,1708.58,,0,0,Fulfilled,97.27,2,34.21,1.82,513.15,Good,Low,Monitor & Maintain
BATCH-02062,2021-02-11,Morning,Mango,Fruits,SUP-002,301.93,11.48,62.8,667.6,349.4,58.3,Yes,Zone-B,1.07,0.15,5,Packer-Z,1057.99,2481.05,5.49,4188.9,92.68,0,1,Delayed,88.81,1,34.3,11.36,2058.0,Good,Medium,Monitor & Maintain
BATCH-02063,2020-09-20,Night,Orange,Fruits,SUP-010,1699.77,6.51,66.45,739.3,33.9,66.8,No,Zone-D,2.17,0.39,5,Conveyor-A,4686.33,1243.62,9.39,6129.55,,0,0,Partial,70.39,2,254.8,14.99,8918.0,Good,Medium,Restore Cold Chain Immediately
BATCH-02064,2022-03-17,Morning,Lemon,Citrus,SUP-004,1017.42,4.06,,913.1,192.8,72.2,Yes,Zone-C,2.66,0.24,1,Conveyor-A,1239.75,2061.86,3.61,6448.58,76.76,0,0,Delayed,98.02,1,62.57,6.15,1877.1,Good,Low,Prioritize Dispatch
BATCH-02065,2020-11-10,Afternoon,Orange,Fruits,SUP-012,1352.78,17.91,45.35,550.2,147.9,15.9,Yes,Zone-C,4.37,0.43,5,Packer-Z,1526.59,2520.82,3.95,6235.34,98.24,0,0,Fulfilled,68.28,2,135.28,10.0,4734.8,Good,Medium,Reduce Storage Temperature
BATCH-02066,2020-10-19,Afternoon,Leafy Greens,Vegetables,SUP-019,1070.3,5.59,47.48,,8.5,79.6,Yes,Zone-A,4.03,2.32,3,Washer-1,1086.46,2546.94,9.71,4258.74,91.83,0,0,Fulfilled,80.39,1,109.6,10.24,1644.0,Good,Medium,Prioritize Dispatch
BATCH-02067,2023-12-17,Morning,Strawberry,Berries,SUP-011,1006.39,16.8,53.66,1287.2,98.0,10.8,Yes,Zone-B,7.36,0.1,5,Packer-Z,2616.31,837.31,7.51,6017.29,89.49,0,0,Fulfilled,85.83,1,92.49,9.19,7399.2,Good,Low,Reduce Storage Temperature
BATCH-02068,2023-03-16,Afternoon,Pineapple,Fruits,SUP-008,1686.31,9.44,65.55,838.0,197.9,50.8,Yes,Zone-D,2.96,0.08,3,Conveyor-A,4638.23,1115.5,7.84,5836.09,57.11,0,0,Delayed,66.93,1,140.13,8.31,6305.85,Good,Low,Quality Re-inspection Required
BATCH-02069,2022-12-28,Morning,Mango,Fruits,SUP-018,1536.18,2.26,45.94,759.6,98.7,43.7,No,Zone-C,1.04,0.06,4,Sorter-X,1688.25,1825.23,3.31,3483.29,51.14,0,0,Fulfilled,97.08,0,129.35,8.42,7761.0,Good,Low,Restore Cold Chain Immediately
BATCH-02070,2023-03-05,Morning,Leafy Greens,Vegetables,SUP-011,1018.46,15.19,52.02,1227.5,301.2,22.8,No,Zone-A,1.03,2.39,3,Packer-Z,2938.33,2668.74,5.55,2640.27,56.28,0,0,Fulfilled,64.51,2,176.4,17.32,2646.0,Bad,Medium,Restore Cold Chain Immediately
BATCH-02071,2023-11-15,Afternoon,Leafy Greens,Vegetables,SUP-011,312.11,12.73,80.17,909.1,224.3,30.4,No,Zone-A,0.61,1.54,1,Sorter-X,2351.56,2392.29,3.48,5270.44,87.01,0,0,Fulfilled,74.44,0,46.38,14.86,695.7,Good,Medium,Restore Cold Chain Immediately
BATCH-02072,2022-04-16,Morning,Tomato,Vegetables,SUP-013,319.27,8.2,79.3,675.2,19.7,17.5,Yes,Zone-D,0.86,0.92,2,Washer-1,2012.04,1793.49,2.97,5593.87,70.54,1,0,Fulfilled,62.91,2,29.85,9.35,746.25,Good,Low,Activate Backup Supplier
BATCH-02073,2020-11-17,Night,Potato,Root Vegetables,SUP-003,1622.92,,,916.2,137.5,42.0,No,Zone-D,8.66,2.25,6,Washer-1,3074.69,2952.83,5.58,4959.91,55.87,1,0,Fulfilled,93.5,1,274.6,16.92,4942.8,Bad,Medium,Restore Cold Chain Immediately
BATCH-02074,2023-06-12,Morning,Pineapple,Fruits,SUP-012,1105.84,3.33,,1445.6,9.7,5.3,Yes,Zone-A,7.12,1.61,2,Sorter-X,3015.02,1373.06,9.88,2898.57,86.95,1,0,Delayed,64.75,3,99.97,9.04,4498.65,Good,Low,Activate Backup Supplier
BATCH-02075,2022-12-20,Morning,Mango,Fruits,SUP-003,1015.02,18.95,50.36,482.3,179.1,85.6,No,Zone-A,9.96,0.01,4,Sorter-X,2117.15,2543.11,2.54,3267.47,59.73,0,0,Fulfilled,56.53,0,240.15,23.66,14409.0,Bad,High,Restore Cold Chain Immediately
BATCH-02076,2021-08-27,Afternoon,Strawberry,Berries,SUP-010,1393.08,10.89,52.34,842.0,129.6,17.4,Yes,Zone-A,0.69,,1,Packer-Z,4327.53,2473.42,2.8,5776.31,79.45,1,0,Delayed,56.71,1,161.46,11.59,12916.8,Good,Medium,Activate Backup Supplier
BATCH-02077,2021-11-22,Night,Strawberry,Berries,SUP-017,1731.8,3.54,60.01,1554.8,344.1,85.3,Yes,Zone-B,8.57,0.86,4,Washer-1,739.27,2733.31,2.81,7252.84,87.08,0,0,Fulfilled,73.21,0,199.5,11.52,15960.0,Good,Medium,Prioritize Dispatch
BATCH-02078,2021-08-23,Morning,Banana,Fruits,SUP-002,1294.86,17.64,86.18,,153.7,83.2,No,Zone-D,7.11,1.02,4,Sorter-X,883.57,2964.27,8.02,7149.49,80.4,1,1,Fulfilled,78.0,3,336.53,25.99,6730.6,Bad,High,Restore Cold Chain Immediately
BATCH-02079,2023-09-19,Morning,Leafy Greens,Vegetables,SUP-017,1549.41,,79.9,1468.8,187.6,44.5,Yes,Zone-A,6.58,3.05,5,Conveyor-B,4958.52,1537.52,5.35,4679.21,99.68,0,0,Fulfilled,56.83,2,153.08,9.88,2296.2,Good,Low,Quality Re-inspection Required
BATCH-02080,2021-05-16,Morning,Lemon,Citrus,SUP-016,1554.01,,59.59,849.8,362.7,48.8,No,Zone-D,3.89,0.41,5,Packer-Z,3864.57,667.33,4.16,6810.91,71.71,0,0,Partial,59.09,2,244.29,15.72,7328.7,Bad,Medium,Restore Cold Chain Immediately
BATCH-02081,2023-11-07,Morning,Tomato,Vegetables,SUP-002,776.9,7.06,48.94,627.4,240.5,30.4,Yes,Zone-A,4.08,0.02,1,Packer-Z,4117.68,1436.6,8.52,1831.11,65.59,0,0,Partial,59.29,3,59.04,7.6,1476.0,Good,Low,Quality Re-inspection Required
BATCH-02082,2023-08-21,Morning,Pineapple,Fruits,SUP-020,620.76,12.16,72.74,418.0,278.2,95.7,No,Zone-A,8.53,4.79,2,Conveyor-B,3212.15,2576.27,3.33,6663.29,60.06,1,1,Partial,,3,127.13,20.48,5720.85,Bad,High,Restore Cold Chain Immediately
BATCH-02083,2022-07-09,Morning,Strawberry,Berries,SUP-006,1622.21,3.33,,484.6,420.7,65.1,Yes,Zone-A,7.28,1.41,3,Washer-1,2389.37,2524.71,4.23,4426.44,75.19,0,0,Partial,68.19,2,137.08,8.45,10966.4,Good,Low,Quality Re-inspection Required
BATCH-02084,2022-04-26,Night,Mango,Fruits,SUP-010,816.64,10.67,68.9,606.2,103.4,91.5,Yes,Zone-D,6.87,0.86,5,Sorter-X,3331.52,1074.31,1.2,6200.67,92.62,1,0,Fulfilled,79.75,3,133.52,16.35,8011.2,Bad,Medium,Prioritize Dispatch
BATCH-02085,2021-06-24,Night,Banana,Fruits,SUP-010,1816.34,18.12,87.38,430.5,494.6,41.0,Yes,Zone-A,0.79,3.42,1,Sorter-X,916.63,237.19,1.63,1692.44,97.35,0,0,Fulfilled,58.24,1,279.35,15.38,5587.0,Bad,Medium,Reduce Storage Temperature
BATCH-02086,2020-01-27,Morning,Mango,Fruits,SUP-008,232.41,5.39,70.77,803.0,450.1,85.0,Yes,Zone-A,2.25,0.05,1,Washer-1,3909.96,1578.54,1.8,6706.34,98.6,0,0,Fulfilled,94.25,0,10.6,4.56,636.0,Good,Low,Prioritize Dispatch
BATCH-02087,2020-07-05,Morning,Tomato,Vegetables,SUP-001,210.61,7.96,86.57,453.9,143.3,44.1,Yes,Zone-D,9.64,0.45,2,Conveyor-B,2933.34,1474.89,3.8,5116.83,76.57,0,0,Fulfilled,68.4,0,20.37,9.67,509.25,Good,Low,Quality Re-inspection Required
BATCH-02088,2023-01-06,Afternoon,Lemon,Citrus,SUP-013,1861.31,9.13,62.69,1230.7,446.5,83.5,Yes,Zone-A,4.82,0.34,1,Conveyor-B,4805.29,348.72,5.48,3055.74,80.26,0,0,Partial,89.24,0,184.08,9.89,5522.4,Good,Low,Prioritize Dispatch
BATCH-02089,2021-11-19,Night,Banana,Fruits,SUP-009,1332.06,12.55,73.5,1382.7,377.0,14.3,Yes,Zone-C,7.92,2.68,6,Conveyor-B,3368.64,2405.18,0.51,3678.88,79.08,0,0,Fulfilled,91.37,0,105.63,7.93,2112.6,Good,Low,Monitor & Maintain
BATCH-02090,2020-08-06,Night,Banana,Fruits,SUP-010,821.24,18.55,85.23,1465.0,465.4,61.9,Yes,Zone-C,4.2,,1,Packer-Z,1182.62,922.41,2.3,2825.87,73.3,1,1,Fulfilled,,0,118.01,14.37,2360.2,Good,Medium,Reduce Storage Temperature
BATCH-02091,2021-01-20,Morning,Potato,Root Vegetables,SUP-015,1534.61,9.1,71.46,1059.0,345.6,65.8,Yes,Zone-A,7.76,2.96,2,Sorter-X,2648.98,1972.68,2.17,4125.8,57.61,1,0,Fulfilled,87.61,0,179.86,11.72,3237.48,Good,Medium,Activate Backup Supplier
BATCH-02092,2023-10-15,Night,Pineapple,Fruits,SUP-005,1377.42,,72.67,1535.8,337.2,63.7,Yes,Zone-B,1.63,0.08,5,Conveyor-A,760.2,394.31,2.91,3577.34,53.27,0,0,Fulfilled,74.48,2,71.35,5.18,3210.75,Good,Low,Monitor & Maintain
BATCH-02093,2021-06-20,Night,Banana,Fruits,SUP-016,1109.28,8.26,77.23,406.8,1.7,44.0,Yes,Zone-D,0.9,1.87,2,Packer-Z,3854.43,2596.04,2.08,4765.46,71.83,1,0,Partial,61.72,2,155.74,14.04,3114.8,Good,Medium,Activate Backup Supplier
BATCH-02094,2023-08-18,Afternoon,Potato,Root Vegetables,SUP-013,287.86,5.42,84.69,560.8,237.3,66.3,Yes,Zone-A,4.93,,4,Packer-Z,2758.24,2243.9,2.35,6393.9,59.31,0,0,Fulfilled,57.11,0,30.2,10.49,543.6,Good,Medium,Quality Re-inspection Required
BATCH-02095,2021-03-20,Afternoon,Potato,Root Vegetables,SUP-020,1643.14,13.73,48.97,751.8,100.1,24.5,No,Zone-D,6.12,0.41,5,Sorter-X,2163.44,1226.43,9.85,7367.02,94.33,0,0,Fulfilled,,0,205.39,12.5,3697.02,Good,Medium,Restore Cold Chain Immediately
BATCH-02096,2022-03-04,Night,Tomato,Vegetables,SUP-018,1745.44,2.53,,1346.8,162.0,58.0,Yes,Zone-B,3.58,3.39,4,Washer-1,4858.47,1925.52,6.15,3120.97,88.08,0,0,Cancelled,74.65,3,110.84,6.35,2771.0,Good,Low,Monitor & Maintain
BATCH-02097,2020-01-30,Night,Orange,Fruits,SUP-011,427.12,,62.9,1462.5,489.4,54.1,Yes,Zone-B,7.3,1.06,1,Sorter-X,4732.69,643.62,7.75,2278.81,80.92,0,1,Delayed,88.0,3,37.29,8.73,1305.15,Good,Low,Monitor & Maintain
BATCH-02098,2022-01-31,Night,Mango,Fruits,SUP-009,1715.97,11.81,85.94,1141.8,42.8,31.9,Yes,Zone-D,5.21,,4,Washer-1,4787.74,2957.73,8.28,3958.83,52.37,0,1,Delayed,76.84,3,197.85,11.53,11871.0,Good,Medium,Monitor & Maintain
BATCH-02099,2022-07-18,Morning,Lemon,Citrus,SUP-016,1767.91,,88.02,859.9,361.2,75.2,Yes,Zone-B,9.32,0.07,2,Sorter-X,1494.37,2408.71,6.84,2494.05,81.11,0,0,Fulfilled,93.71,0,156.28,8.84,4688.4,Good,Low,Prioritize Dispatch
BATCH-02100,2020-12-08,Afternoon,Onion,Root Vegetables,SUP-002,1143.91,11.92,50.42,1199.0,86.5,9.6,Yes,Zone-B,1.31,3.14,2,Packer-Z,3778.56,2387.93,7.19,6506.94,81.05,0,0,Partial,87.99,3,68.18,5.96,1499.96,Good,Low,Monitor & Maintain
BATCH-02101,2022-04-25,Morning,Mango,Fruits,SUP-002,1346.74,4.06,50.36,617.1,3.7,18.1,Yes,Zone-D,1.13,0.68,3,Conveyor-B,,544.8,6.51,4571.54,71.96,0,1,Fulfilled,58.76,0,114.88,8.53,6892.8,Good,Low,Quality Re-inspection Required
BATCH-02102,2022-08-02,Afternoon,Banana,Fruits,SUP-012,826.25,26.38957974924225,87.07,949.4,250.7,46.3,Yes,Zone-B,9.1,2.36,6,Packer-Z,3068.92,151.43,6.67,5261.98,,0,0,Fulfilled,88.09,2,98.24,11.89,1964.8,Good,Medium,Reduce Storage Temperature
BATCH-02103,2022-09-29,Afternoon,Lemon,Citrus,SUP-008,635.4,7.24,58.31,1009.1,80.6,85.8,No,Zone-C,6.86,2.86,1,Packer-Z,,1797.58,9.32,2535.06,92.9,0,0,Partial,66.74,1,84.95,13.37,2548.5,Good,Medium,Restore Cold Chain Immediately
BATCH-02104,2023-02-07,Afternoon,Strawberry,Berries,SUP-009,1471.77,18.61,55.88,525.8,482.7,56.1,No,Zone-A,6.88,0.25,2,Conveyor-A,4180.16,517.95,2.26,6015.23,87.9,0,0,Partial,89.01,2,252.7,17.17,20216.0,Bad,Medium,Restore Cold Chain Immediately
BATCH-02105,2021-03-30,Night,Orange,Fruits,SUP-012,1737.56,7.87,46.6,440.6,101.8,81.2,No,Zone-C,0.76,0.7,5,Packer-Z,4459.63,2363.26,3.11,7316.51,73.67,0,0,Fulfilled,96.73,0,258.2,14.86,9037.0,Good,Medium,Restore Cold Chain Immediately
BATCH-02106,2022-04-08,Afternoon,Strawberry,Berries,SUP-009,1342.75,16.07,57.4,1300.1,96.0,50.7,Yes,Zone-C,9.41,2.57,2,Packer-Z,3664.56,1306.62,1.39,4462.66,63.11,0,0,Delayed,95.93,0,128.77,9.59,10301.6,Good,Low,Reduce Storage Temperature
BATCH-02107,2023-12-04,Morning,Strawberry,Berries,SUP-010,1072.02,6.43,,1041.6,16.1,75.8,Yes,Zone-A,7.83,0.53,5,Packer-Z,1820.99,1081.92,8.45,7251.88,73.89,0,0,Partial,60.5,2,117.39,10.95,9391.2,Good,Medium,Prioritize Dispatch
BATCH-02108,2023-08-04,Afternoon,Pineapple,Fruits,SUP-002,401.96,14.06,,798.7,164.9,32.6,Yes,Zone-C,7.76,3.77,1,Conveyor-A,1358.12,313.58,4.76,1861.7,97.3,0,0,Delayed,57.41,2,55.23,13.74,2485.35,Good,Medium,Reduce Storage Temperature
BATCH-02109,2023-10-22,Morning,Mango,Fruits,SUP-016,201.57,,68.26,924.7,12.1,78.6,Yes,Zone-A,9.16,0.75,6,Washer-1,3309.21,2988.59,9.12,1867.55,91.0,1,0,Delayed,89.19,3,27.21,13.5,1632.6,Good,Medium,Prioritize Dispatch
BATCH-02110,2021-07-17,Afternoon,Onion,Root Vegetables,SUP-020,946.81,11.16,86.28,1549.2,249.4,39.8,Yes,Zone-A,5.99,1.03,3,Conveyor-A,2672.6,2872.43,4.41,7237.68,51.35,0,0,Partial,86.24,3,62.49,6.6,1374.78,Good,Low,Monitor & Maintain
BATCH-02111,2023-02-22,Afternoon,Tomato,Vegetables,SUP-007,193.76,14.13,50.16,861.9,252.8,54.5,Yes,Zone-D,4.25,0.21,3,Conveyor-B,,481.63,4.7,5728.54,89.15,0,0,Fulfilled,62.75,1,27.05,13.96,676.25,Good,Medium,Reduce Storage Temperature
BATCH-02112,2022-06-24,Night,Onion,Root Vegetables,SUP-002,1181.74,12.6,48.21,524.2,26.6,18.5,Yes,Zone-A,5.07,,4,Washer-1,1002.65,1065.15,4.76,2756.29,58.53,0,0,Fulfilled,85.12,3,87.09,7.37,1915.98,Good,Low,Monitor & Maintain
BATCH-02113,2020-04-30,Morning,Strawberry,Berries,SUP-001,827.19,12.37,83.34,956.3,120.0,88.5,Yes,Zone-A,7.88,0.64,2,Conveyor-A,1111.61,1233.28,6.32,3774.11,78.56,0,0,Fulfilled,55.68,3,99.1,11.98,7928.0,Good,Medium,Prioritize Dispatch
BATCH-02114,2023-04-18,Afternoon,Banana,Fruits,SUP-019,1538.66,3.18,79.87,1177.7,416.1,67.9,Yes,Zone-B,7.8,0.1,1,Conveyor-B,2133.0,960.72,7.78,4610.05,90.33,0,0,Fulfilled,82.77,3,92.01,5.98,1840.2,Good,Low,Monitor & Maintain
BATCH-02115,2022-09-15,Afternoon,Orange,Fruits,SUP-004,680.73,6.48,56.87,414.5,231.3,82.7,Yes,Zone-B,6.29,0.43,4,Conveyor-B,1664.42,2809.96,3.84,5742.33,78.06,0,1,Partial,,1,65.55,9.63,2294.25,Good,Low,Prioritize Dispatch
BATCH-02116,2020-10-17,Morning,Leafy Greens,Vegetables,SUP-002,1226.67,12.29,59.59,798.8,217.3,21.5,Yes,Zone-C,2.57,1.05,1,Sorter-X,3287.02,2191.89,6.49,6552.17,70.19,0,0,Fulfilled,83.24,3,86.11,7.02,1291.65,Good,Low,Monitor & Maintain
BATCH-02117,2020-04-26,Afternoon,Onion,Root Vegetables,SUP-014,1121.6,2.33,58.96,872.2,349.4,8.4,Yes,Zone-A,8.28,,1,Sorter-X,2153.93,2872.16,2.44,2140.23,66.06,0,0,Delayed,57.88,3,32.98,2.94,725.56,Good,Low,Quality Re-inspection Required
BATCH-02118,2023-05-07,Night,Strawberry,Berries,SUP-002,108.95,6.51,74.15,956.5,357.4,33.7,Yes,Zone-A,6.65,0.44,4,Packer-Z,3577.87,2636.07,5.76,5474.7,65.26,0,0,Partial,98.6,2,5.2,4.77,416.0,Good,Low,Monitor & Maintain
BATCH-02119,2020-04-25,Morning,Orange,Fruits,SUP-015,237.54,6.13,47.75,762.0,381.0,50.6,No,Zone-D,2.6,0.17,1,Washer-1,3959.59,2288.17,5.69,4429.69,91.87,0,0,Fulfilled,70.67,2,32.26,13.58,1129.1,Good,Medium,Restore Cold Chain Immediately
BATCH-02120,2020-05-13,Night,Lemon,Citrus,SUP-012,651.7,6.5,,1200.3,415.2,77.4,Yes,Zone-A,5.07,0.77,4,Conveyor-A,1342.25,2121.2,8.94,5132.19,91.25,0,0,Fulfilled,71.74,3,57.55,8.83,1726.5,Good,Low,Prioritize Dispatch
BATCH-02121,2021-09-16,Morning,Mango,Fruits,SUP-005,1776.25,11.64,51.02,1533.7,116.1,39.4,Yes,Zone-D,9.97,2.74,6,Packer-Z,4639.21,2611.87,9.01,4614.57,91.17,0,0,Fulfilled,58.73,2,179.05,10.08,10743.0,Good,Medium,Quality Re-inspection Required
BATCH-02122,2020-07-15,Morning,Potato,Root Vegetables,SUP-020,379.33,12.48,81.89,1496.8,33.2,27.4,Yes,Zone-A,3.62,1.43,2,Washer-1,,2084.03,5.13,4278.53,64.14,1,0,Fulfilled,62.35,0,39.98,10.54,719.64,Good,Medium,Activate Backup Supplier
BATCH-02123,2023-08-26,Morning,Pineapple,Fruits,SUP-007,1450.7,18.36,62.13,1197.3,190.1,37.0,Yes,Zone-B,1.61,5.87,4,Sorter-X,3320.51,647.29,0.73,2854.03,89.95,0,0,Fulfilled,66.93,2,249.38,17.19,11222.1,Bad,Medium,Reduce Storage Temperature
BATCH-02124,2021-11-17,Afternoon,Orange,Fruits,SUP-010,1949.4,8.95,68.74,1008.3,427.5,68.1,Yes,Zone-B,0.71,0.3,2,Conveyor-A,4590.18,1979.57,8.52,4404.27,51.83,1,0,Delayed,90.16,1,213.26,10.94,7464.1,Good,Medium,Activate Backup Supplier
BATCH-02125,2022-04-10,Morning,Banana,Fruits,SUP-014,1602.08,18.68,46.32,1391.0,39.0,33.6,Yes,Zone-B,2.25,0.46,3,Conveyor-B,1696.41,1593.5,0.51,2761.9,60.32,0,0,Fulfilled,85.44,3,195.13,12.18,3902.6,Good,Medium,Reduce Storage Temperature
BATCH-02126,2023-09-17,Morning,Banana,Fruits,SUP-014,561.6,13.74,,1403.1,288.0,94.0,Yes,Zone-C,2.28,,4,Conveyor-B,2397.71,2947.49,5.04,1919.19,75.73,0,0,Fulfilled,,0,82.84,14.75,1656.8,Good,Medium,Prioritize Dispatch
BATCH-02127,2022-02-13,Morning,Orange,Fruits,SUP-005,1825.89,18.43,,1395.5,350.5,18.4,Yes,Zone-A,8.65,0.03,6,Packer-Z,886.04,1578.9,0.69,3831.92,70.34,0,0,Fulfilled,93.01,2,194.27,10.64,6799.45,Good,Medium,Reduce Storage Temperature
BATCH-02128,2021-05-31,Night,Banana,Fruits,SUP-018,276.9,17.0,79.5,,240.7,72.8,No,Zone-B,1.98,,3,Packer-Z,2552.82,211.52,3.85,1804.99,55.59,1,0,Fulfilled,98.9,0,65.4,23.62,1308.0,Bad,High,Restore Cold Chain Immediately
BATCH-02129,2023-03-09,Morning,Mango,Fruits,SUP-014,989.47,14.38,76.95,430.5,127.6,57.4,Yes,Zone-D,8.7,1.18,4,Conveyor-A,2778.8,866.15,6.55,4928.39,52.09,0,1,Partial,71.93,0,142.38,14.39,8542.8,Good,Medium,Reduce Storage Temperature
BATCH-02130,2021-10-08,Afternoon,Banana,Fruits,SUP-002,1786.33,8.41,78.17,1579.8,163.2,23.9,No,Zone-B,1.32,,1,Conveyor-B,3272.3,2760.41,4.03,2080.6,80.56,0,0,Partial,72.21,3,192.75,10.79,3855.0,Good,Medium,Restore Cold Chain Immediately
BATCH-02131,2021-04-09,Morning,Onion,Root Vegetables,SUP-012,1318.4,6.34,49.71,,35.8,72.8,Yes,Zone-A,9.11,0.34,3,Packer-Z,788.18,2890.83,9.31,4202.19,65.67,0,0,Fulfilled,,0,916.6497055051285,10.1,2929.52,Good,Medium,Prioritize Dispatch
BATCH-02132,2022-11-21,Morning,Potato,Root Vegetables,SUP-006,885.92,6.0,76.21,,146.3,44.1,Yes,Zone-B,2.94,4.12,5,Conveyor-B,646.1,2212.65,6.59,7354.63,50.8,0,0,Cancelled,83.35,1,52.71,5.95,948.78,Good,Low,Monitor & Maintain
BATCH-02133,2023-03-16,Night,Banana,Fruits,SUP-004,656.34,19.14,53.18,1591.7,22.2,66.1,Yes,Zone-A,6.31,2.36,5,Sorter-X,,264.91,6.64,1717.41,71.54,0,0,Partial,55.59,0,123.92,18.88,2478.4,Bad,High,Reduce Storage Temperature
BATCH-02134,2023-03-01,Afternoon,Potato,Root Vegetables,SUP-013,812.69,19.25,49.41,1324.7,363.2,64.3,Yes,Zone-A,2.02,1.13,5,Packer-Z,1351.1,168.27,4.06,3791.43,65.34,0,0,Fulfilled,83.84,3,106.71,13.13,1920.78,Good,Medium,Reduce Storage Temperature
BATCH-02135,2023-11-28,Afternoon,Strawberry,Berries,SUP-004,1066.99,15.05,79.07,1020.9,449.0,12.4,Yes,Zone-B,4.21,4.21,3,Washer-1,3914.55,1490.83,0.87,5571.66,78.83,0,0,Fulfilled,86.66,1,116.62,10.93,9329.6,Good,Medium,Reduce Storage Temperature
BATCH-02136,2023-02-22,Afternoon,Tomato,Vegetables,SUP-014,706.18,17.91,,867.2,316.8,81.0,Yes,Zone-D,1.31,48.60456584539294,2,Packer-Z,3509.31,2999.05,7.51,2583.31,96.49,0,1,Fulfilled,98.38,1,123.16,17.44,3079.0,Bad,Medium,Reduce Storage Temperature
BATCH-02137,2023-01-29,Morning,Mango,Fruits,SUP-016,1941.04,18.54,77.25,1111.4,328.4,66.1,Yes,Zone-C,6.01,0.1,4,Sorter-X,1966.22,2620.96,7.3,4917.86,65.39,0,0,Fulfilled,80.82,1,267.28,13.77,16036.8,Good,Medium,Reduce Storage Temperature
BATCH-02138,2023-06-05,Morning,Tomato,Vegetables,SUP-004,1872.85,11.21,,1019.0,236.1,75.4,Yes,Zone-A,3.79,0.25,1,Conveyor-A,706.02,2806.01,5.54,3160.09,,1,0,Partial,85.11,1,257.7,13.76,6442.5,Good,Medium,Prioritize Dispatch
BATCH-02139,2020-01-01,Afternoon,Strawberry,Berries,SUP-001,1754.28,13.32,89.6,,78.0,44.1,Yes,Zone-C,8.6,0.06,1,Conveyor-B,1321.0,1908.27,4.45,2954.29,54.3,0,1,Fulfilled,89.7,0,183.5,10.46,14680.0,Good,Medium,Monitor & Maintain
BATCH-02140,2021-06-13,Afternoon,Mango,Fruits,SUP-013,901.48,9.54,51.06,988.6,3.9,20.3,No,Zone-B,2.23,1.74,3,Conveyor-A,3612.56,2591.46,5.61,6859.85,54.41,0,0,Delayed,59.22,2,135.31,15.01,8118.6,Bad,Medium,Restore Cold Chain Immediately
BATCH-02141,2022-12-12,Night,Orange,Fruits,SUP-004,1413.47,9.53,,1403.1,172.0,32.7,Yes,Zone-A,3.16,0.49,5,Packer-Z,4955.74,1027.13,7.59,2841.06,85.65,0,0,Fulfilled,87.32,2,95.69,6.77,3349.15,Good,Low,Monitor & Maintain
BATCH-02142,2022-05-25,Afternoon,Orange,Fruits,SUP-020,1815.38,2.69,72.05,1376.3,375.7,86.7,Yes,Zone-A,2.18,3.73,6,Washer-1,1969.07,179.36,7.27,3847.77,87.43,0,0,Delayed,79.06,2,169.19,9.32,5921.65,Good,Low,Prioritize Dispatch
BATCH-02143,2020-09-16,Morning,Potato,Root Vegetables,SUP-018,1715.82,9.81,81.6,485.7,480.2,90.2,No,Zone-B,5.86,1.25,1,Conveyor-A,4108.98,2762.93,6.75,2645.36,71.14,1,0,Partial,59.4,2,377.82,22.02,6800.76,Bad,High,Restore Cold Chain Immediately
BATCH-02144,2021-03-19,Morning,Strawberry,Berries,SUP-006,887.22,14.12,74.26,504.4,215.5,47.3,Yes,Zone-C,1.56,3.64,6,Washer-1,4401.93,733.45,9.09,3309.39,,0,0,Fulfilled,84.47,2,81.45,9.18,6516.0,Good,Low,Reduce Storage Temperature
BATCH-02145,2021-05-06,Morning,Potato,Root Vegetables,SUP-003,313.53,9.6,70.65,1191.8,182.7,30.1,Yes,Zone-D,2.3,1.62,6,Packer-Z,716.81,2212.61,6.29,3362.95,89.7,0,0,Fulfilled,65.32,3,26.21,8.36,471.78,Good,Low,Quality Re-inspection Required
BATCH-02146,2022-04-09,Night,Pineapple,Fruits,SUP-013,243.7,17.7,76.66,710.9,223.0,70.6,Yes,Zone-B,6.95,3.18,1,Washer-1,4623.0,2011.01,0.64,3558.55,97.81,0,0,Delayed,78.67,2,37.04,15.2,1666.8,Bad,Medium,Reduce Storage Temperature
BATCH-02147,2023-04-29,Afternoon,Banana,Fruits,SUP-016,1196.42,7.99,59.41,1189.0,213.9,74.0,Yes,Zone-B,1.21,0.93,2,Washer-1,2597.91,558.67,6.37,5384.6,99.5,1,0,Fulfilled,67.36,3,159.84,13.36,3196.8,Good,Medium,Prioritize Dispatch
BATCH-02148,2023-09-23,Morning,Leafy Greens,Vegetables,SUP-005,1320.99,4.39,86.59,573.6,312.9,78.7,Yes,Zone-D,7.56,5.82,1,Sorter-X,4839.09,667.76,6.32,5974.46,81.72,0,0,Fulfilled,59.6,2,157.33,11.91,2359.95,Good,Medium,Expedite Processing
BATCH-02149,2022-12-31,Night,Pineapple,Fruits,SUP-004,1714.7,16.61,50.19,,367.1,4.9,Yes,Zone-D,1.49,2.2,1,Conveyor-A,2923.5,1054.31,1.16,4626.99,87.01,0,0,Delayed,,2,167.87,9.79,7554.15,Good,Low,Reduce Storage Temperature
BATCH-02150,2023-05-15,Night,Banana,Fruits,SUP-008,655.78,14.13,59.31,,392.5,2.9,Yes,Zone-D,6.06,1.81,4,Packer-Z,1558.15,2295.1,4.56,5206.87,91.11,1,0,Cancelled,74.31,1,81.58,12.44,1631.6,Good,Medium,Reduce Storage Temperature
BATCH-02151,2021-11-17,Morning,Mango,Fruits,SUP-019,418.19,6.35,46.4,738.5,324.8,35.6,Yes,Zone-D,9.98,0.87,1,Sorter-X,4886.01,213.81,6.69,6385.09,89.94,0,0,Delayed,76.74,0,31.41,7.51,1884.6,Good,Low,Monitor & Maintain
BATCH-02152,2021-07-23,Night,Potato,Root Vegetables,SUP-014,820.11,11.66,57.21,506.0,218.9,16.3,Yes,Zone-B,2.15,5.54,4,Washer-1,1594.87,1280.5,7.19,7467.45,99.67,0,0,Partial,61.53,1,61.1,7.45,1099.8,Good,Low,Expedite Processing
BATCH-02153,2021-07-27,Night,Mango,Fruits,SUP-007,771.79,9.23,54.82,1564.7,475.1,77.7,No,Zone-D,2.98,0.82,5,Sorter-X,4471.15,2028.83,8.98,4312.3,90.52,0,0,Fulfilled,69.12,2,114.22,14.8,6853.2,Good,Medium,Restore Cold Chain Immediately
BATCH-02154,2022-06-18,Morning,Mango,Fruits,SUP-014,351.69,18.9,47.23,874.1,355.5,52.1,No,Zone-C,9.04,3.61,2,Sorter-X,1279.08,597.27,8.49,7100.68,83.13,1,0,Fulfilled,92.81,3,75.89,21.58,4553.4,Bad,High,Restore Cold Chain Immediately
BATCH-02155,2020-06-30,Night,Banana,Fruits,SUP-006,1377.34,12.93,67.13,1481.4,213.3,79.6,Yes,Zone-D,6.45,1.04,6,Washer-1,3536.45,446.31,1.61,4509.05,68.81,0,1,Partial,95.06,2,185.11,13.44,3702.2,Good,Medium,Prioritize Dispatch
BATCH-02156,2022-04-26,Morning,Strawberry,Berries,SUP-012,1066.51,4.85,66.09,1565.4,223.3,18.6,Yes,Zone-A,5.18,2.92,1,Packer-Z,2350.81,1231.62,6.28,6203.42,79.9,1,0,Fulfilled,78.55,2,95.45,8.95,7636.0,Good,Low,Activate Backup Supplier
BATCH-02157,2022-08-29,Morning,Banana,Fruits,SUP-016,1470.13,11.04,48.5,1491.5,409.0,61.0,Yes,Zone-A,5.85,4.86,2,Conveyor-B,4874.08,931.02,6.17,4990.43,94.02,0,0,Fulfilled,76.58,0,171.27,11.65,3425.4,Good,Medium,Monitor & Maintain
BATCH-02158,2021-10-02,Night,Lemon,Citrus,SUP-017,770.11,17.53,56.78,946.0,220.3,56.5,Yes,Zone-D,3.31,1.25,6,Sorter-X,1331.48,1982.38,3.39,6796.27,65.27,0,0,Partial,80.58,1,107.12,13.91,3213.6,Good,Medium,Reduce Storage Temperature
BATCH-02159,2023-10-23,Morning,Orange,Fruits,SUP-013,718.83,14.09,87.9,1334.7,258.1,34.0,No,Zone-B,8.63,1.49,2,Conveyor-A,,2911.75,2.25,4266.97,51.53,0,1,Fulfilled,64.44,0,144.92,20.16,5072.2,Bad,High,Restore Cold Chain Immediately
BATCH-02160,2022-06-06,Morning,Orange,Fruits,SUP-014,997.89,17.16,49.98,584.4,145.8,50.6,No,Zone-B,7.58,0.8,6,Washer-1,3378.99,112.96,2.4,5702.69,66.36,0,0,Partial,,1,160.06,16.04,5602.1,Bad,Medium,Restore Cold Chain Immediately
BATCH-02161,2020-11-17,Afternoon,Pineapple,Fruits,SUP-007,1767.07,,58.73,513.8,419.5,57.4,Yes,Zone-C,6.6,0.11,6,Conveyor-B,4899.29,2716.9,2.19,4369.29,98.01,1,0,Fulfilled,87.79,1,168.05,9.51,7562.25,Good,Low,Activate Backup Supplier
BATCH-02162,2021-11-30,Morning,Orange,Fruits,SUP-014,176.53,17.99,46.61,1452.3,261.1,85.6,No,Zone-B,9.35,2.11,2,Sorter-X,1867.38,1356.35,8.16,6639.33,89.7,0,1,Fulfilled,65.5,2,39.54,22.4,1383.9,Bad,High,Restore Cold Chain Immediately
BATCH-02163,2022-09-13,Afternoon,Banana,Fruits,SUP-015,1629.18,15.6,51.7,437.3,276.3,7.2,Yes,Zone-C,5.99,0.25,3,Washer-1,2285.92,2025.62,1.91,7437.28,59.36,0,1,Partial,66.97,1,190.29,11.68,3805.8,Good,Medium,Reduce Storage Temperature
BATCH-02164,2021-04-17,Afternoon,Onion,Root Vegetables,SUP-012,801.08,15.12,76.47,1566.8,440.3,79.4,Yes,Zone-C,5.36,0.87,4,Washer-1,2578.06,2567.98,3.01,3073.66,50.6,0,0,Partial,83.53,1,107.75,13.45,2370.5,Good,Medium,Reduce Storage Temperature
BATCH-02165,2020-04-26,Afternoon,Potato,Root Vegetables,SUP-017,1723.78,8.24,61.5,1206.6,460.3,94.1,Yes,Zone-C,9.77,0.86,6,Sorter-X,1637.15,1763.03,2.57,4415.91,83.46,0,0,Fulfilled,69.21,0,183.58,10.65,3304.44,Good,Medium,Prioritize Dispatch
BATCH-02166,2022-05-01,Afternoon,Banana,Fruits,SUP-009,1624.19,17.98,65.34,903.5,412.1,70.8,Yes,Zone-D,2.46,,6,Conveyor-A,4178.1,382.2,7.27,2132.1,78.95,0,1,Delayed,70.63,1,265.23,16.33,5304.6,Bad,Medium,Reduce Storage Temperature
BATCH-02167,2023-10-15,Night,Banana,Fruits,SUP-015,762.65,13.48,52.06,569.7,32.7,71.3,No,Zone-B,1.85,2.2,6,Washer-1,913.98,507.73,2.0,2479.18,54.15,0,0,Fulfilled,89.36,0,136.44,17.89,2728.8,Bad,Medium,Restore Cold Chain Immediately
BATCH-02168,2021-12-09,Night,Leafy Greens,Vegetables,SUP-012,1418.37,17.33,75.7,1267.9,221.8,22.5,Yes,Zone-A,2.04,0.38,6,Washer-1,3671.55,2388.91,0.73,7058.36,98.3,0,0,Fulfilled,,1,179.28,12.64,2689.2,Good,Medium,Reduce Storage Temperature
BATCH-02169,2023-08-15,Morning,Potato,Root Vegetables,SUP-002,403.3,8.5,78.82,1075.7,171.7,51.2,No,Zone-C,9.9,3.01,2,Sorter-X,2902.68,764.38,4.06,4818.4,80.89,0,0,Fulfilled,86.03,0,56.74,14.07,1021.32,Good,Medium,Restore Cold Chain Immediately
BATCH-02170,2023-05-04,Morning,Lemon,Citrus,SUP-005,1802.93,4.62,53.15,1253.4,106.8,68.4,Yes,Zone-A,6.7,0.57,6,Conveyor-B,1588.67,1750.21,3.4,3955.62,,0,0,Fulfilled,96.13,2,85.1,4.72,2553.0,Good,Low,Monitor & Maintain
BATCH-02171,2020-08-03,Morning,Orange,Fruits,SUP-013,868.53,7.98,47.02,901.5,454.5,58.6,No,Zone-C,3.41,0.68,5,Washer-1,2717.74,1341.43,4.28,5561.31,92.68,0,0,Fulfilled,60.46,1,135.49,15.6,4742.15,Bad,Medium,Restore Cold Chain Immediately
BATCH-02172,2022-10-30,Night,Potato,Root Vegetables,SUP-020,965.69,10.19,48.64,479.5,445.0,38.2,Yes,Zone-B,2.87,,1,Washer-1,4234.77,980.55,7.66,4914.54,66.85,0,0,Partial,61.35,0,98.89,10.24,1780.02,Good,Medium,Quality Re-inspection Required
BATCH-02173,2021-09-27,Afternoon,Orange,Fruits,SUP-008,1440.94,11.6,74.57,778.0,232.6,90.4,Yes,Zone-D,1.04,33.70589329239813,6,Sorter-X,2504.49,2382.21,0.62,3337.45,77.91,0,0,Partial,96.49,0,154.32,10.71,5401.2,Good,Medium,Prioritize Dispatch
BATCH-02174,2020-12-31,Night,Pineapple,Fruits,SUP-014,1659.6,11.19,51.1,778.0,67.3,50.3,No,Zone-C,1.75,,2,Washer-1,1048.54,2220.53,0.86,2976.63,78.81,1,0,Delayed,63.95,2,291.76,17.58,13129.2,Bad,Medium,Restore Cold Chain Immediately
BATCH-02175,2022-09-29,Night,Potato,Root Vegetables,SUP-015,549.05,33.799537688255505,67.23,410.4,6.7,93.2,Yes,Zone-C,9.13,0.17,6,Sorter-X,,1973.72,2.93,5089.29,98.37,1,1,Delayed,,2,102.51,18.67,1845.18,Bad,High,Prioritize Dispatch
BATCH-02176,2022-12-20,Morning,Orange,Fruits,SUP-011,1356.57,17.15,51.87,411.5,219.2,55.0,Yes,Zone-A,7.6,1.11,2,Conveyor-A,4000.08,1180.75,8.95,2753.82,56.57,0,0,Cancelled,93.21,0,131.32,9.68,4596.2,Good,Low,Reduce Storage Temperature
BATCH-02177,2020-09-19,Morning,Lemon,Citrus,SUP-001,844.8,5.06,52.66,796.9,20.0,76.6,Yes,Zone-D,9.44,0.83,6,Sorter-X,1986.95,756.76,2.11,2468.59,87.95,0,0,Partial,67.42,0,79.58,9.42,2387.4,Good,Low,Prioritize Dispatch
BATCH-02178,2023-08-28,Morning,Tomato,Vegetables,SUP-003,800.54,7.69,45.2,1273.1,304.8,71.8,No,Zone-B,4.53,0.83,1,Conveyor-B,4690.6,1596.1,9.97,3509.83,78.76,0,0,Fulfilled,68.13,0,133.85,16.72,3346.25,Bad,Medium,Restore Cold Chain Immediately
BATCH-02179,2023-01-01,Afternoon,Mango,Fruits,SUP-017,1411.05,17.99,59.44,1148.9,304.2,64.1,Yes,Zone-C,6.21,2.16,6,Washer-1,3277.16,2469.6,8.15,6664.39,92.27,0,0,Fulfilled,64.98,1,234.52,16.62,14071.2,Bad,Medium,Reduce Storage Temperature
BATCH-02180,2023-09-24,Afternoon,Mango,Fruits,SUP-019,835.65,,49.04,686.8,449.5,3.4,Yes,Zone-B,5.09,2.93,5,Conveyor-A,2463.28,1769.43,4.83,1873.92,91.6,0,0,Fulfilled,95.38,1,68.27,8.17,4096.2,Good,Low,Monitor & Maintain
BATCH-02181,2021-04-07,Night,Lemon,Citrus,SUP-014,757.61,12.5,62.73,1123.3,95.0,9.3,No,Zone-D,8.87,0.88,6,Washer-1,3040.09,2913.4,7.6,6501.28,50.6,0,0,Fulfilled,89.07,0,100.91,13.32,3027.3,Good,Medium,Restore Cold Chain Immediately
BATCH-02182,2023-10-03,Afternoon,Leafy Greens,Vegetables,SUP-008,1688.19,10.61,71.9,1176.9,185.7,56.7,Yes,Zone-A,9.92,0.61,6,Washer-1,2557.1,144.77,5.43,5267.86,62.82,0,0,Partial,81.26,2,146.2,8.66,2193.0,Good,Low,Monitor & Maintain
BATCH-02183,2021-06-22,Morning,Tomato,Vegetables,SUP-013,292.42,11.88,61.54,1027.1,429.8,87.7,No,Zone-D,9.36,1.36,2,Sorter-X,4576.15,2995.21,5.88,1894.57,,1,0,Partial,74.94,2,61.06,20.88,1526.5,Bad,High,Restore Cold Chain Immediately
BATCH-02184,2020-03-19,Afternoon,Pineapple,Fruits,SUP-020,1384.2,5.57,,1025.6,237.1,58.5,Yes,Zone-D,6.18,3.1,2,Washer-1,2561.1,2105.09,6.02,5157.85,,0,0,Fulfilled,61.32,3,147.0,10.62,6615.0,Good,Medium,Quality Re-inspection Required
BATCH-02185,2023-01-18,Afternoon,Lemon,Citrus,SUP-003,572.58,11.84,78.37,843.7,29.9,24.2,Yes,Zone-D,1.09,2.07,6,Conveyor-A,968.29,2514.75,6.66,4135.17,95.26,0,0,Delayed,95.74,3,47.18,8.24,1415.4,Good,Low,Monitor & Maintain
BATCH-02186,2022-10-24,Afternoon,Mango,Fruits,SUP-005,129.45,19.95,76.35,548.1,55.4,32.1,Yes,Zone-D,6.37,0.08,5,Packer-Z,3186.9,1071.36,1.08,6546.95,50.25,0,0,Partial,87.99,2,11.99,9.26,719.4,Good,Low,Reduce Storage Temperature
BATCH-02187,2022-05-22,Afternoon,Mango,Fruits,SUP-009,416.85,12.19,87.15,862.6,406.7,60.6,Yes,Zone-B,1.42,1.31,2,Washer-1,3303.41,1574.19,6.36,6930.82,74.41,0,0,Fulfilled,67.27,1,63.9,15.33,3834.0,Bad,Medium,Quality Re-inspection Required
BATCH-02188,2021-12-16,Morning,Mango,Fruits,SUP-006,1252.66,2.8,55.68,814.4,371.8,58.1,Yes,Zone-B,1.82,,5,Sorter-X,3943.99,2411.27,7.31,3324.53,94.24,0,0,Fulfilled,96.69,2,108.86,8.69,6531.6,Good,Low,Expedite Processing
BATCH-02189,2020-02-16,Morning,Strawberry,Berries,SUP-002,1447.34,16.34,53.53,1110.4,437.9,91.8,Yes,Zone-A,2.32,0.87,2,Conveyor-B,4699.78,2305.88,3.45,6216.03,96.31,0,0,Fulfilled,96.15,2,203.5,14.06,16280.0,Good,Medium,Reduce Storage Temperature
BATCH-02190,2022-06-30,Night,Lemon,Citrus,SUP-013,140.01,9.14,72.44,1427.5,59.4,51.7,No,Zone-C,3.95,1.16,1,Washer-1,2493.87,1068.7,9.8,3459.95,82.86,0,0,Fulfilled,84.02,0,20.97,14.98,629.1,Good,Medium,Restore Cold Chain Immediately
BATCH-02191,2021-08-31,Night,Banana,Fruits,SUP-005,169.21,4.77,71.77,850.5,380.2,35.4,No,Zone-C,6.12,0.68,5,Sorter-X,2084.34,1040.79,1.87,3377.64,91.49,0,0,Delayed,98.34,2,14.03,8.29,280.6,Good,Low,Restore Cold Chain Immediately
BATCH-02192,2022-03-28,Night,Pineapple,Fruits,SUP-008,1814.83,17.53,67.95,1251.7,327.6,51.3,Yes,Zone-D,3.67,1.38,1,Washer-1,2708.47,2022.15,9.15,2779.23,66.2,0,0,Partial,63.24,3,240.83,13.27,10837.35,Good,Medium,Reduce Storage Temperature
BATCH-02193,2021-09-18,Afternoon,Mango,Fruits,SUP-001,239.28,5.56,45.2,1374.2,116.1,75.9,Yes,Zone-D,4.8,0.35,1,Packer-Z,4550.9,2807.61,6.93,5602.02,64.3,0,0,Fulfilled,,1,15.41,6.44,924.6,Good,Low,Prioritize Dispatch
BATCH-02194,2023-11-11,Afternoon,Orange,Fruits,SUP-020,1798.95,18.57,69.99,654.1,487.0,52.8,Yes,Zone-B,0.95,0.57,2,Packer-Z,,1372.48,6.81,3180.39,52.46,1,0,Fulfilled,61.7,3,265.53,14.76,9293.55,Good,Medium,Reduce Storage Temperature
BATCH-02195,2022-05-31,Morning,Lemon,Citrus,SUP-012,533.52,9.95,86.98,1482.0,285.2,32.6,Yes,Zone-C,6.39,2.49,5,Conveyor-A,4870.56,1123.53,8.82,4360.83,,1,0,Partial,85.43,1,48.18,9.03,1445.4,Good,Low,Activate Backup Supplier
BATCH-02196,2022-12-29,Night,Strawberry,Berries,SUP-011,1506.03,,60.06,484.5,453.4,33.8,Yes,Zone-A,6.74,0.3,3,Packer-Z,1533.63,2694.59,8.4,6378.46,72.79,0,0,Delayed,95.47,3,168.98,11.22,13518.4,Good,Medium,Reduce Storage Temperature
BATCH-02197,2023-09-29,Morning,Lemon,Citrus,SUP-007,688.49,11.85,88.54,1482.1,429.5,73.1,Yes,Zone-D,1.44,,1,Sorter-X,2736.03,2080.86,3.78,6261.01,68.6,1,0,Fulfilled,78.59,0,107.47,15.61,3224.1,Bad,Medium,Expedite Processing
BATCH-02198,2022-05-13,Night,Pineapple,Fruits,SUP-015,1731.63,6.62,61.05,596.4,166.6,8.2,Yes,Zone-B,7.96,0.74,1,Packer-Z,1667.63,1226.0,7.2,6630.12,55.67,0,0,Fulfilled,88.57,0,89.7,5.18,4036.5,Good,Low,Monitor & Maintain
BATCH-02199,2020-01-18,Night,Strawberry,Berries,SUP-011,1430.86,14.08,51.29,804.6,268.0,27.8,Yes,Zone-D,6.65,1.71,1,Sorter-X,2155.92,266.1,0.98,2595.78,61.54,0,1,Delayed,61.3,1,177.14,12.38,14171.2,Good,Medium,Reduce Storage Temperature
BATCH-02200,2020-02-20,Night,Pineapple,Fruits,SUP-016,863.45,19.24,62.93,1126.3,215.7,16.4,No,Zone-D,5.15,0.78,2,Washer-1,642.58,2192.32,4.91,5069.85,,0,0,Partial,82.86,0,133.4,15.45,6003.0,Bad,Medium,Restore Cold Chain Immediately
BATCH-02201,2022-10-22,Afternoon,Lemon,Citrus,SUP-003,244.97,15.85,67.26,1486.8,354.5,90.8,Yes,Zone-B,5.75,,2,Conveyor-A,1222.71,1123.37,9.41,6975.22,97.2,1,0,Delayed,57.78,1,52.28,21.34,1568.4,Bad,High,Reduce Storage Temperature
BATCH-02202,2021-02-11,Night,Banana,Fruits,SUP-020,1492.13,12.87,73.33,706.8,294.0,10.5,Yes,Zone-C,5.28,4.68,1,Conveyor-A,2286.84,304.64,3.1,1904.31,98.32,1,0,Fulfilled,56.62,2,208.0,13.94,4160.0,Good,Medium,Activate Backup Supplier
BATCH-02203,2022-04-25,Night,Pineapple,Fruits,SUP-014,1272.08,19.83,67.72,,392.4,73.3,Yes,Zone-C,1.01,0.14,6,Packer-Z,2141.17,1875.64,0.97,6276.2,50.17,0,0,Partial,82.9,1,174.91,13.75,7870.95,Good,Medium,Reduce Storage Temperature
BATCH-02204,2020-10-22,Afternoon,Strawberry,Berries,SUP-003,105.53,6.78,69.15,1252.5,5.9,61.3,Yes,Zone-D,7.48,3.88,2,Conveyor-B,1754.75,1036.72,6.04,3090.64,,0,0,Fulfilled,80.2,3,10.19,9.66,815.2,Good,Low,Monitor & Maintain
BATCH-02205,2021-01-29,Night,Strawberry,Berries,SUP-001,117.9,3.12,46.08,591.7,343.9,61.5,Yes,Zone-C,5.36,1.63,2,Packer-Z,1536.39,1081.52,3.87,5550.69,94.44,0,0,Partial,69.49,1,10.2,8.65,816.0,Good,Low,Quality Re-inspection Required
BATCH-02206,2022-01-06,Afternoon,Pineapple,Fruits,SUP-015,1636.71,2.58,56.41,,159.5,73.8,Yes,Zone-B,2.14,2.19,2,Conveyor-B,3870.3,1489.59,4.11,5828.12,51.92,0,0,Fulfilled,77.57,2,113.59,6.94,5111.55,Good,Low,Prioritize Dispatch
BATCH-02207,2023-11-25,Afternoon,Onion,Root Vegetables,SUP-001,592.86,14.79,58.98,,112.1,39.6,Yes,Zone-C,6.97,0.12,4,Packer-Z,1825.47,2180.68,6.03,7037.65,97.17,0,0,Partial,85.11,2,37.05,6.25,815.1,Good,Low,Reduce Storage Temperature
BATCH-02208,2022-06-18,Morning,Lemon,Citrus,SUP-017,1308.65,16.94,89.42,765.5,400.6,39.7,No,Zone-D,7.1,2.87,5,Sorter-X,3679.45,901.36,6.41,4616.12,69.0,1,0,Fulfilled,83.37,2,294.18,22.48,8825.4,Bad,High,Restore Cold Chain Immediately
BATCH-02209,2023-09-28,Afternoon,Onion,Root Vegetables,SUP-002,963.01,13.43,,1335.9,44.6,29.1,Yes,Zone-D,2.53,0.27,2,Sorter-X,2158.81,334.74,4.65,6588.22,76.93,0,0,Partial,58.24,0,109.4,11.36,2406.8,Good,Medium,Quality Re-inspection Required
BATCH-02210,2023-11-01,Afternoon,Leafy Greens,Vegetables,SUP-020,1740.52,18.29,85.35,1511.1,114.2,58.2,Yes,Zone-B,8.07,6.69,4,Conveyor-B,4108.91,1330.83,5.32,1923.3,88.19,0,0,Partial,84.84,0,236.36,13.58,3545.4,Good,Medium,Reduce Storage Temperature
BATCH-02211,2020-10-30,Afternoon,Lemon,Citrus,SUP-006,1842.23,14.56,58.71,1259.9,101.9,89.4,Yes,Zone-D,4.84,3.21,4,Conveyor-A,1252.55,259.28,9.94,4103.35,62.2,0,0,Delayed,84.02,3,1125.0193060448844,13.63,7533.0,Good,Medium,Reduce Storage Temperature
BATCH-02212,2021-03-30,Night,Pineapple,Fruits,SUP-008,1993.93,8.68,49.32,1567.5,209.9,88.9,Yes,Zone-C,2.22,1.36,2,Conveyor-B,1209.22,2122.08,9.59,4213.6,55.03,0,0,Partial,84.46,0,248.04,12.44,11161.8,Good,Medium,Prioritize Dispatch
BATCH-02213,2023-01-29,Morning,Tomato,Vegetables,SUP-016,392.0,5.26,,460.6,161.2,68.1,Yes,Zone-B,6.75,5.16,6,Washer-1,3558.53,2881.81,7.22,4787.4,90.5,0,0,Fulfilled,92.28,1,42.41,10.82,1060.25,Good,Medium,Expedite Processing
BATCH-02214,2023-06-19,Night,Pineapple,Fruits,SUP-019,1739.63,,57.28,444.7,360.2,87.2,Yes,Zone-D,6.17,,4,Conveyor-A,4617.12,2010.4,2.03,4456.59,99.23,0,1,Partial,80.37,2,282.52,16.24,12713.4,Bad,Medium,Reduce Storage Temperature
BATCH-02215,2022-01-28,Afternoon,Onion,Root Vegetables,SUP-001,605.44,3.86,89.02,1472.6,349.7,92.6,Yes,Zone-B,2.12,9.57,3,Conveyor-B,1143.44,898.63,3.92,7283.86,82.94,0,0,Fulfilled,96.27,0,78.83,13.02,1734.26,Good,Medium,Expedite Processing
BATCH-02216,2023-12-21,Afternoon,Banana,Fruits,SUP-003,1222.55,11.77,,1477.4,162.7,76.7,Yes,Zone-B,8.79,2.52,4,Washer-1,831.67,626.94,8.89,2116.31,91.26,0,0,Partial,98.12,0,126.04,10.31,2520.8,Good,Medium,Prioritize Dispatch
BATCH-02217,2020-01-17,Morning,Pineapple,Fruits,SUP-003,1060.97,7.65,86.93,528.5,218.5,40.3,Yes,Zone-C,8.62,0.21,5,Washer-1,4705.87,775.07,4.52,3199.75,97.07,0,0,Partial,88.08,3,53.79,5.07,2420.55,Good,Low,Monitor & Maintain
BATCH-02218,2021-03-13,Morning,Pineapple,Fruits,SUP-005,134.18,6.89,82.57,828.9,104.0,47.4,No,Zone-C,8.44,1.54,4,Packer-Z,1027.97,742.67,9.58,7287.73,61.43,0,0,Fulfilled,70.78,0,18.19,13.56,818.55,Good,Medium,Restore Cold Chain Immediately
BATCH-02219,2022-06-28,Afternoon,Banana,Fruits,SUP-012,1872.27,13.63,71.04,1402.5,335.4,89.5,Yes,Zone-A,4.29,2.48,2,Conveyor-B,1626.65,1010.11,5.14,4247.21,67.52,0,0,Cancelled,61.3,0,334.39,17.86,6687.8,Bad,Medium,Prioritize Dispatch
BATCH-02220,2021-11-16,Afternoon,Pineapple,Fruits,SUP-012,248.82,6.16,75.39,554.2,198.1,65.0,Yes,Zone-B,8.33,1.9,6,Sorter-X,4682.72,382.31,8.69,4978.42,60.95,0,0,Fulfilled,91.09,2,20.73,8.33,932.85,Good,Low,Monitor & Maintain
BATCH-02221,2020-06-19,Night,Mango,Fruits,SUP-020,1407.62,18.49,73.12,720.9,66.4,79.1,Yes,Zone-C,8.53,1.1,1,Packer-Z,4113.13,2697.59,0.84,2130.76,53.09,0,1,Fulfilled,61.45,3,235.35,16.72,14121.0,Bad,Medium,Reduce Storage Temperature
BATCH-02222,2021-06-20,Afternoon,Tomato,Vegetables,SUP-013,1591.51,9.31,74.98,1217.2,63.6,12.9,Yes,Zone-D,9.97,0.57,3,Conveyor-A,2042.41,2666.85,4.62,3310.34,86.61,0,0,Fulfilled,,2,147.37,9.26,3684.25,Good,Low,Quality Re-inspection Required
BATCH-02223,2020-02-07,Night,Orange,Fruits,SUP-020,1611.05,14.19,56.91,,161.2,20.2,Yes,Zone-A,9.6,0.54,4,Sorter-X,4795.37,1884.19,7.15,1890.38,57.28,1,0,Fulfilled,95.44,0,191.88,11.91,6715.8,Good,Medium,Reduce Storage Temperature
BATCH-02224,2022-07-27,Morning,Tomato,Vegetables,SUP-009,357.44,15.1,,1356.6,373.7,34.3,Yes,Zone-A,4.14,5.23,6,Washer-1,3056.22,279.57,8.7,2458.9,54.64,1,0,Fulfilled,79.63,1,50.94,14.25,1273.5,Good,Medium,Reduce Storage Temperature
BATCH-02225,2023-07-27,Night,Pineapple,Fruits,SUP-007,950.38,14.29,,1332.8,12.8,19.7,Yes,Zone-D,2.38,0.54,3,Conveyor-A,825.12,2431.6,6.29,5339.56,67.88,0,0,Fulfilled,67.91,2,99.41,10.46,4473.45,Good,Medium,Reduce Storage Temperature
BATCH-02226,2023-07-15,Afternoon,Mango,Fruits,SUP-004,1675.91,18.26,46.62,811.2,128.9,87.2,No,Zone-C,3.28,6.56,5,Packer-Z,3663.8,279.19,2.15,6096.65,53.03,0,0,Fulfilled,97.37,1,396.52,23.66,23791.2,Bad,High,Restore Cold Chain Immediately
BATCH-02227,2022-10-18,Night,Lemon,Citrus,SUP-019,675.09,6.16,66.73,,81.2,22.4,Yes,Zone-B,5.2,0.47,4,Washer-1,2917.75,408.62,8.92,6715.19,58.98,0,0,Partial,86.12,1,19.78,2.93,593.4,Good,Low,Monitor & Maintain
BATCH-02228,2021-11-11,Night,Pineapple,Fruits,SUP-019,988.72,3.55,83.69,535.7,478.2,54.4,Yes,Zone-A,8.15,0.97,4,Washer-1,3076.65,1043.36,5.96,3121.01,53.5,0,0,Fulfilled,78.53,2,36.29,3.67,1633.05,Good,Low,Monitor & Maintain
BATCH-02229,2022-01-17,Morning,Onion,Root Vegetables,SUP-006,618.31,3.0,67.16,,352.6,10.0,Yes,Zone-D,7.37,0.02,3,Washer-1,4973.47,1351.26,1.53,3593.94,,0,0,Partial,69.5,3,17.19,2.78,378.18,Good,Low,Quality Re-inspection Required
BATCH-02230,2020-07-18,Night,Mango,Fruits,SUP-013,980.75,17.8,,976.7,116.6,16.6,No,Zone-D,7.98,,4,Sorter-X,,1126.28,4.91,4968.2,88.99,0,0,Fulfilled,84.77,1,143.58,14.64,8614.8,Good,Medium,Restore Cold Chain Immediately
BATCH-02231,2021-05-12,Afternoon,Banana,Fruits,SUP-011,1786.89,19.52,54.09,1166.6,103.7,25.3,Yes,Zone-D,4.11,0.22,4,Packer-Z,3455.58,579.17,7.14,2146.21,,0,0,Delayed,87.16,2,156.0,8.73,3120.0,Good,Low,Reduce Storage Temperature
BATCH-02232,2020-10-01,Night,Mango,Fruits,SUP-013,964.74,7.45,80.75,1451.4,429.0,94.4,No,Zone-D,2.85,0.88,1,Packer-Z,2564.33,425.18,4.78,6347.03,93.42,0,0,Delayed,86.33,0,169.79,17.6,10187.4,Bad,Medium,Restore Cold Chain Immediately
BATCH-02233,2023-04-13,Night,Banana,Fruits,SUP-013,1156.23,14.48,61.15,401.2,95.1,76.9,No,Zone-A,0.73,3.7,3,Sorter-X,1723.52,2592.3,8.77,4467.93,,0,0,Fulfilled,63.59,2,228.93,19.8,4578.6,Bad,High,Restore Cold Chain Immediately
BATCH-02234,2023-08-28,Night,Leafy Greens,Vegetables,SUP-020,867.55,2.16,88.05,1571.2,498.5,65.3,No,Zone-B,6.45,3.14,2,Packer-Z,3620.95,1153.23,4.53,7269.6,,0,1,Partial,85.68,0,126.49,14.58,1897.35,Good,Medium,Restore Cold Chain Immediately
BATCH-02235,2022-02-22,Afternoon,Orange,Fruits,SUP-015,974.22,5.4,89.72,831.0,141.2,88.1,Yes,Zone-C,8.05,3.68,2,Washer-1,3506.96,733.94,6.04,2341.61,,0,0,Partial,80.58,3,110.09,11.3,3853.15,Good,Medium,Prioritize Dispatch
BATCH-02236,2022-11-28,Night,Potato,Root Vegetables,SUP-013,128.83,14.41,86.22,807.5,42.2,91.9,No,Zone-D,8.95,4.91,5,Washer-1,4354.23,1512.27,2.51,2434.42,76.25,0,0,Fulfilled,92.4,1,27.93,21.68,502.74,Bad,High,Restore Cold Chain Immediately
BATCH-02237,2020-06-26,Afternoon,Mango,Fruits,SUP-011,639.12,3.19,48.82,574.1,345.5,44.6,Yes,Zone-D,5.02,4.84,1,Washer-1,4454.91,206.79,5.37,3685.23,58.31,0,0,Fulfilled,82.49,3,46.85,7.33,2811.0,Good,Low,Monitor & Maintain
BATCH-02238,2022-06-07,Night,Strawberry,Berries,SUP-019,929.51,10.43,,1429.8,304.8,32.8,No,Zone-B,9.31,2.94,3,Packer-Z,3028.19,1840.82,2.62,2861.29,82.79,1,0,Partial,61.44,3,150.49,16.19,12039.2,Bad,Medium,Restore Cold Chain Immediately
BATCH-02239,2022-10-23,Morning,Onion,Root Vegetables,SUP-008,1304.21,13.93,87.53,1445.0,499.9,31.6,No,Zone-B,2.42,1.75,3,Conveyor-B,,820.62,2.64,5707.19,66.35,0,0,Fulfilled,69.02,1,217.15,16.65,4777.3,Bad,Medium,Restore Cold Chain Immediately
BATCH-02240,2021-10-23,Morning,Pineapple,Fruits,SUP-020,955.1,15.79,81.2,424.0,401.0,5.4,Yes,Zone-C,5.39,1.65,1,Conveyor-A,2883.11,1834.77,3.16,7160.97,52.32,0,1,Delayed,87.73,0,108.59,11.37,4886.55,Good,Medium,Reduce Storage Temperature
BATCH-02241,2020-12-21,Morning,Onion,Root Vegetables,SUP-008,741.85,10.17,86.0,466.9,214.4,28.3,Yes,Zone-A,2.53,0.03,1,Conveyor-B,2116.65,1880.96,0.92,2182.35,53.93,0,0,Cancelled,87.56,2,50.22,6.77,1104.84,Good,Low,Monitor & Maintain
BATCH-02242,2023-07-04,Afternoon,Tomato,Vegetables,SUP-010,837.39,13.35,70.76,1502.0,338.3,35.4,Yes,Zone-B,2.29,2.56,5,Sorter-X,1748.1,2446.75,2.05,3067.39,71.19,0,0,Fulfilled,64.8,0,102.41,12.23,2560.25,Good,Medium,Quality Re-inspection Required
BATCH-02243,2022-12-20,Afternoon,Potato,Root Vegetables,SUP-016,560.36,11.71,66.62,547.4,408.9,5.5,Yes,Zone-A,9.56,0.51,2,Conveyor-B,2982.09,766.72,4.53,3042.19,91.32,1,0,Partial,70.6,1,53.07,9.47,955.26,Good,Low,Activate Backup Supplier
BATCH-02244,2023-08-06,Afternoon,Tomato,Vegetables,SUP-019,1856.54,2.94,49.79,1145.1,256.9,85.0,Yes,Zone-A,8.27,,6,Conveyor-B,3460.7,1444.05,1.75,4617.71,,0,0,Fulfilled,55.67,0,208.3,11.22,5207.5,Good,Medium,Prioritize Dispatch
BATCH-02245,2023-04-09,Night,Leafy Greens,Vegetables,SUP-011,1091.31,15.37,82.78,1143.6,136.4,81.7,No,Zone-D,0.61,1.61,3,Sorter-X,,2889.47,1.77,4286.27,88.31,0,0,Delayed,69.6,0,233.43,21.39,3501.45,Bad,High,Restore Cold Chain Immediately
BATCH-02246,2023-12-16,Afternoon,Potato,Root Vegetables,SUP-013,125.48,5.1,78.53,1443.7,105.1,25.6,Yes,Zone-A,3.05,8.72,6,Conveyor-B,4794.89,2208.66,9.7,5883.09,52.79,0,0,Partial,56.16,0,15.68,12.5,282.24,Good,Medium,Expedite Processing
BATCH-02247,2020-10-07,Afternoon,Potato,Root Vegetables,SUP-009,136.95,2.57,47.65,1087.2,147.6,77.4,Yes,Zone-D,2.45,0.47,1,Conveyor-A,1843.86,2928.5,4.56,5916.59,69.69,0,0,Partial,93.41,1,6.72,4.91,120.96,Good,Low,Prioritize Dispatch
BATCH-02248,2020-05-06,Afternoon,Tomato,Vegetables,SUP-020,1948.63,10.12,54.42,920.8,424.0,76.8,Yes,Zone-D,1.9,2.57,3,Packer-Z,2175.54,2789.36,4.34,4987.7,56.37,1,0,Partial,84.33,3,250.2,12.84,6255.0,Good,Medium,Prioritize Dispatch
BATCH-02249,2021-05-07,Afternoon,Banana,Fruits,SUP-019,520.76,17.58,70.08,1569.3,190.2,33.5,Yes,Zone-C,7.13,1.59,2,Sorter-X,3504.39,1871.17,3.04,5093.84,93.18,0,1,Fulfilled,,2,74.16,14.24,1483.2,Good,Medium,Reduce Storage Temperature
BATCH-02250,2020-07-07,Morning,Tomato,Vegetables,SUP-016,1630.66,4.71,75.8,674.6,143.3,67.5,No,Zone-A,5.88,5.37,3,Conveyor-B,3201.61,865.4,5.37,6553.86,98.4,1,0,Cancelled,,3,270.36,16.58,6759.0,Bad,Medium,Restore Cold Chain Immediately
BATCH-02251,2022-02-02,Night,Onion,Root Vegetables,SUP-007,210.72,,51.2,715.3,402.9,29.2,Yes,Zone-B,4.81,0.62,6,Washer-1,508.39,2295.08,6.16,3966.2,66.28,0,0,Fulfilled,81.55,2,8.74,4.15,192.28,Good,Low,Monitor & Maintain
BATCH-02252,2022-07-13,Morning,Banana,Fruits,SUP-019,1850.21,3.98,56.02,501.7,16.0,8.6,Yes,Zone-B,2.3,0.12,3,Washer-1,1905.28,2124.55,4.47,1731.71,99.44,0,0,Fulfilled,77.13,1,71.97,3.89,1439.4,Good,Low,Monitor & Maintain
BATCH-02253,2022-04-24,Night,Onion,Root Vegetables,SUP-012,1761.39,8.55,53.69,1570.4,297.0,49.5,Yes,Zone-B,3.14,,1,Sorter-X,1641.93,1807.78,4.24,2897.71,87.62,1,1,Fulfilled,,1,214.36,12.17,4715.92,Good,Medium,Activate Backup Supplier
BATCH-02254,2021-01-13,Night,Leafy Greens,Vegetables,SUP-015,1185.08,12.44,54.9,1247.6,436.8,43.2,Yes,Zone-C,3.88,1.47,1,Washer-1,4279.62,2123.7,7.15,1865.45,50.06,0,0,Fulfilled,68.13,0,162.0,13.67,2430.0,Good,Medium,Quality Re-inspection Required
BATCH-02255,2023-08-19,Morning,Pineapple,Fruits,SUP-014,117.1,5.47,86.43,414.5,205.0,15.0,Yes,Zone-D,7.96,0.75,1,Conveyor-A,,1879.4,9.52,3946.21,74.26,0,0,Fulfilled,,2,6.51,5.56,292.95,Good,Low,Quality Re-inspection Required
BATCH-02256,2020-01-31,Afternoon,Lemon,Citrus,SUP-011,589.84,16.44,77.21,1245.2,134.7,48.1,No,Zone-D,9.9,8.62,2,Conveyor-B,1777.52,1606.2,8.84,3739.02,91.71,0,0,Fulfilled,73.04,3,132.42,22.45,3972.6,Bad,High,Restore Cold Chain Immediately
BATCH-02257,2021-05-23,Morning,Banana,Fruits,SUP-010,872.96,15.56,78.17,,245.9,91.2,Yes,Zone-B,2.25,,4,Conveyor-A,959.32,1306.27,1.63,2233.04,76.69,0,0,Fulfilled,57.34,2,130.51,14.95,2610.2,Good,Medium,Reduce Storage Temperature
BATCH-02258,2022-11-15,Night,Leafy Greens,Vegetables,SUP-011,974.12,14.53,80.73,1561.1,358.7,70.8,Yes,Zone-D,3.74,1.69,2,Conveyor-A,1423.41,229.65,6.7,6046.7,77.5,0,1,Fulfilled,68.29,2,178.17,18.29,2672.55,Bad,High,Reduce Storage Temperature
BATCH-02259,2023-01-24,Night,Strawberry,Berries,SUP-006,665.59,10.77,61.05,732.9,258.3,71.5,No,Zone-D,3.16,0.6,1,Packer-Z,1294.56,2610.49,0.57,4873.28,72.38,0,0,Fulfilled,58.68,1,113.48,17.05,9078.4,Bad,Medium,Restore Cold Chain Immediately
BATCH-02260,2021-08-30,Afternoon,Leafy Greens,Vegetables,SUP-002,162.6,8.57,79.52,1252.3,3.8,73.2,Yes,Zone-C,0.92,,5,Conveyor-B,1568.46,2610.07,6.51,2971.33,69.75,0,0,Fulfilled,57.32,2,19.87,12.22,298.05,Good,Medium,Prioritize Dispatch
BATCH-02261,2020-01-25,Morning,Tomato,Vegetables,SUP-011,1221.24,8.76,89.03,1152.9,39.2,72.0,Yes,Zone-A,2.58,8.82,3,Sorter-X,1555.9,1822.74,4.91,6070.52,51.37,0,0,Delayed,79.26,0,114.31,9.36,2857.75,Good,Low,Expedite Processing
BATCH-02262,2022-06-21,Night,Tomato,Vegetables,SUP-019,1095.89,,76.43,414.5,360.7,3.9,Yes,Zone-A,9.07,1.31,3,Washer-1,2659.27,876.86,5.17,5540.68,81.09,0,0,Partial,86.16,3,61.15,5.58,1528.75,Good,Low,Monitor & Maintain
BATCH-02263,2020-04-02,Morning,Lemon,Citrus,SUP-006,637.7,3.39,63.75,1462.3,200.0,88.9,Yes,Zone-C,8.51,3.89,6,Packer-Z,1938.39,181.58,6.09,2773.17,88.34,1,0,Fulfilled,,2,85.9,13.47,2577.0,Good,Medium,Prioritize Dispatch
BATCH-02264,2020-06-06,Afternoon,Leafy Greens,Vegetables,SUP-014,172.15,14.28,77.24,567.5,392.4,80.0,Yes,Zone-C,2.09,3.67,3,Conveyor-A,3019.2,104.14,7.56,7370.58,89.51,0,0,Fulfilled,58.11,2,23.19,13.47,347.85,Good,Medium,Reduce Storage Temperature
BATCH-02265,2022-08-07,Afternoon,Orange,Fruits,SUP-020,1989.73,8.33,85.54,1196.3,324.7,27.8,No,Zone-D,3.98,3.35,6,Washer-1,2048.61,311.43,7.43,2690.85,81.23,0,0,Delayed,72.38,0,274.38,13.79,9603.3,Good,Medium,Restore Cold Chain Immediately
BATCH-02266,2021-04-01,Night,Pineapple,Fruits,SUP-006,1015.77,6.05,50.79,1330.7,290.8,54.0,No,Zone-C,3.45,1.23,3,Conveyor-B,4166.05,1143.67,0.92,6143.58,67.06,0,0,Fulfilled,59.88,3,203.56,20.04,9160.2,Bad,High,Restore Cold Chain Immediately
BATCH-02267,2021-05-23,Afternoon,Tomato,Vegetables,SUP-017,1536.41,7.01,,1157.1,450.7,59.8,Yes,Zone-D,1.9,4.53,5,Conveyor-A,4778.57,646.35,7.5,7285.74,51.13,0,0,Fulfilled,83.6,3,117.23,7.63,2930.75,Good,Low,Monitor & Maintain
BATCH-02268,2021-12-11,Night,Lemon,Citrus,SUP-010,959.4,5.25,86.37,516.5,10.7,14.4,Yes,Zone-A,6.41,0.92,6,Conveyor-A,2317.63,868.67,8.38,5875.17,94.79,0,0,Delayed,91.36,0,37.32,3.89,1119.6,Good,Low,Monitor & Maintain
BATCH-02269,2023-11-29,Night,Pineapple,Fruits,SUP-001,182.02,18.23,87.58,1570.2,77.5,25.9,Yes,Zone-C,5.79,1.05,1,Conveyor-B,722.61,2129.02,1.15,5528.16,71.45,0,0,Fulfilled,60.14,1,19.29,10.6,868.05,Good,Medium,Reduce Storage Temperature
BATCH-02270,2023-11-10,Afternoon,Leafy Greens,Vegetables,SUP-003,688.24,5.04,66.79,684.2,312.2,4.2,Yes,Zone-D,4.56,0.59,4,Sorter-X,1578.1,2881.53,3.57,6908.3,80.06,0,1,Partial,57.94,3,41.02,5.96,615.3,Good,Low,Quality Re-inspection Required
BATCH-02271,2021-08-30,Afternoon,Leafy Greens,Vegetables,SUP-008,708.21,17.89,61.85,1153.4,32.9,83.2,Yes,Zone-A,8.63,,3,Packer-Z,958.36,699.65,8.02,3223.66,59.73,0,0,Fulfilled,72.86,1,111.83,15.79,1677.45,Bad,Medium,Reduce Storage Temperature
BATCH-02272,2021-01-22,Morning,Potato,Root Vegetables,SUP-008,1692.87,12.3,57.73,1356.6,322.5,4.3,Yes,Zone-A,6.39,8.61,6,Conveyor-B,2051.44,1450.37,5.18,3270.27,57.1,0,1,Delayed,68.35,0,216.18,12.77,3891.24,Good,Medium,Expedite Processing
BATCH-02273,2021-03-17,Morning,Lemon,Citrus,SUP-020,1343.04,17.61,67.44,,492.1,32.0,Yes,Zone-B,2.96,1.7,4,Washer-1,3403.01,2975.29,7.1,5385.14,54.34,0,1,Fulfilled,66.47,2,179.7,13.38,5391.0,Good,Medium,Reduce Storage Temperature
BATCH-02274,2021-01-27,Night,Tomato,Vegetables,SUP-015,623.32,10.53,87.05,1124.8,439.4,9.4,No,Zone-A,4.05,3.56,6,Washer-1,2835.09,2801.86,5.27,6785.22,89.94,1,0,Cancelled,64.3,2,107.71,17.28,2692.75,Bad,Medium,Restore Cold Chain Immediately
BATCH-02275,2022-02-16,Morning,Orange,Fruits,SUP-007,1938.71,18.7,51.74,,295.5,75.5,No,Zone-C,1.93,0.61,2,Conveyor-A,1592.94,1121.72,9.79,5246.94,82.32,0,0,Partial,68.94,0,442.22,22.81,15477.7,Bad,High,Restore Cold Chain Immediately
BATCH-02276,2022-06-05,Night,Leafy Greens,Vegetables,SUP-011,710.93,5.81,63.89,1404.0,447.0,88.9,No,Zone-C,6.12,6.24,2,Packer-Z,3952.67,1027.1,9.39,7336.65,,0,0,Fulfilled,97.48,3,111.05,15.62,1665.75,Bad,Medium,Restore Cold Chain Immediately
BATCH-02277,2021-12-14,Afternoon,Orange,Fruits,SUP-007,1996.64,11.98,86.02,595.9,58.1,54.9,Yes,Zone-D,6.07,0.03,3,Sorter-X,1091.66,802.29,3.17,2955.06,95.97,0,1,Partial,92.74,1,227.42,11.39,7959.7,Good,Medium,Monitor & Maintain
BATCH-02278,2021-08-18,Afternoon,Leafy Greens,Vegetables,SUP-004,1992.71,4.27,60.71,426.7,227.3,15.1,Yes,Zone-C,8.77,5.33,1,Sorter-X,1526.88,550.67,4.17,6458.36,57.94,0,1,Delayed,81.46,0,101.83,5.11,1527.45,Good,Low,Expedite Processing
BATCH-02279,2020-11-04,Morning,Tomato,Vegetables,SUP-012,463.3,10.05,79.56,1489.8,214.3,54.5,Yes,Zone-A,8.63,,5,Washer-1,3542.21,1434.15,4.6,7047.4,,0,1,Fulfilled,90.22,2,50.31,10.86,1257.75,Good,Medium,Monitor & Maintain
BATCH-02280,2021-12-05,Night,Pineapple,Fruits,SUP-006,694.21,12.26,62.52,1090.5,168.2,74.4,No,Zone-D,8.45,0.14,6,Sorter-X,1387.55,1089.25,1.49,4140.88,,0,1,Delayed,55.65,2,142.8,20.57,6426.0,Bad,High,Restore Cold Chain Immediately
BATCH-02281,2021-05-13,Night,Mango,Fruits,SUP-014,1023.48,12.9,81.22,483.6,0.1,69.5,No,Zone-A,5.72,1.86,3,Washer-1,3554.43,2260.03,4.34,7249.12,71.17,0,0,Fulfilled,59.9,3,188.22,18.39,11293.2,Bad,High,Restore Cold Chain Immediately
BATCH-02282,2022-03-01,Morning,Pineapple,Fruits,SUP-012,1361.79,8.58,89.15,1095.7,445.5,71.7,No,Zone-B,6.69,3.08,2,Packer-Z,4896.24,786.91,7.86,2834.48,93.71,1,0,Fulfilled,67.87,3,276.44,20.3,12439.8,Bad,High,Restore Cold Chain Immediately
BATCH-02283,2022-09-12,Night,Leafy Greens,Vegetables,SUP-011,1103.29,3.37,62.45,574.0,388.9,28.2,No,Zone-D,7.87,1.03,2,Conveyor-A,4241.09,2235.36,8.55,7195.97,94.07,1,0,Fulfilled,83.33,1,141.33,12.81,2119.95,Good,Medium,Restore Cold Chain Immediately
BATCH-02284,2022-07-13,Night,Onion,Root Vegetables,SUP-019,1941.94,13.8,83.03,437.7,326.4,8.9,Yes,Zone-B,1.37,0.19,6,Washer-1,1220.05,935.63,8.92,6905.31,79.53,0,0,Delayed,93.87,1,145.84,7.51,3208.48,Good,Low,Monitor & Maintain
BATCH-02285,2021-11-06,Afternoon,Mango,Fruits,SUP-005,1475.58,10.79,89.48,539.8,64.5,16.0,Yes,Zone-D,3.36,3.54,6,Packer-Z,2842.24,1818.91,0.64,2044.31,82.91,0,0,Cancelled,65.17,1,163.49,11.08,9809.4,Good,Medium,Quality Re-inspection Required
BATCH-02286,2022-03-22,Night,Mango,Fruits,SUP-014,502.89,,89.27,1330.1,189.1,91.8,No,Zone-C,2.11,1.26,6,Washer-1,2400.45,1951.45,7.99,4688.94,94.89,0,0,Delayed,,0,79.76,15.86,4785.6,Bad,Medium,Restore Cold Chain Immediately
BATCH-02287,2021-02-19,Night,Orange,Fruits,SUP-016,299.69,18.85,64.52,1306.8,462.2,59.7,Yes,Zone-A,5.36,0.61,4,Conveyor-B,4962.51,2048.17,5.27,4732.55,81.21,0,0,Fulfilled,92.31,1,41.81,13.95,1463.35,Good,Medium,Reduce Storage Temperature
BATCH-02288,2020-02-05,Night,Lemon,Citrus,SUP-013,1407.96,19.2,66.86,,308.5,70.4,No,Zone-D,8.46,0.15,5,Washer-1,4839.8,608.48,2.46,1991.02,61.49,0,0,Cancelled,73.0,0,273.29,19.41,8198.7,Bad,High,Restore Cold Chain Immediately
BATCH-02289,2022-07-01,Morning,Orange,Fruits,SUP-020,401.06,17.42,58.65,651.2,301.7,86.5,No,Zone-C,2.69,2.04,6,Packer-Z,1072.0,919.86,5.24,1889.68,85.25,1,0,Fulfilled,85.78,0,94.33,23.52,3301.55,Bad,High,Restore Cold Chain Immediately
BATCH-02290,2021-01-03,Morning,Orange,Fruits,SUP-004,1596.59,17.19,59.13,,456.6,82.2,Yes,Zone-C,7.44,0.09,6,Sorter-X,4589.29,813.74,8.52,1689.61,,0,0,Fulfilled,79.11,3,188.24,11.79,6588.4,Good,Medium,Reduce Storage Temperature
BATCH-02291,2022-09-03,Morning,Onion,Root Vegetables,SUP-011,690.97,3.78,67.16,889.7,279.9,22.5,Yes,Zone-C,4.36,3.13,3,Washer-1,1370.38,1770.87,4.63,4707.4,81.77,1,0,Fulfilled,62.74,0,64.47,9.33,1418.34,Good,Low,Activate Backup Supplier
BATCH-02292,2022-12-26,Night,Pineapple,Fruits,SUP-017,721.1,19.88,54.02,1012.9,298.8,7.5,Yes,Zone-B,9.08,,1,Conveyor-A,,319.66,9.91,4354.77,,0,0,Cancelled,85.83,3,94.82,13.15,4266.9,Good,Medium,Reduce Storage Temperature
BATCH-02293,2023-08-30,Night,Pineapple,Fruits,SUP-007,120.52,9.21,77.0,1477.2,172.9,89.0,Yes,Zone-C,6.45,0.78,4,Packer-Z,,1602.94,6.36,7124.07,70.0,0,0,Partial,73.51,1,14.04,11.65,631.8,Good,Medium,Prioritize Dispatch
BATCH-02294,2023-10-30,Morning,Strawberry,Berries,SUP-014,1431.92,4.94,69.13,949.4,185.7,94.3,Yes,Zone-D,9.78,1.28,5,Sorter-X,1790.7,353.65,5.15,3648.8,73.53,0,0,Fulfilled,67.66,0,146.06,10.2,11684.8,Good,Medium,Prioritize Dispatch
BATCH-02295,2020-01-16,Morning,Leafy Greens,Vegetables,SUP-011,315.21,16.62,85.41,,342.8,55.3,Yes,Zone-B,2.83,,4,Packer-Z,4339.6,1077.46,3.3,5484.3,57.26,0,0,Partial,94.72,1,26.19,8.31,392.85,Good,Low,Reduce Storage Temperature
BATCH-02296,2023-12-16,Night,Onion,Root Vegetables,SUP-009,1568.47,6.06,81.48,1554.1,160.2,85.5,Yes,Zone-A,9.28,,6,Washer-1,1984.7,2091.45,0.6,1703.94,72.61,0,0,Fulfilled,55.26,0,213.0,13.58,4686.0,Good,Medium,Expedite Processing
BATCH-02297,2022-09-24,Night,Strawberry,Berries,SUP-013,1034.55,,59.51,941.7,279.6,23.8,Yes,Zone-C,3.89,1.47,1,Conveyor-B,4175.32,1296.44,6.3,5515.16,58.06,1,0,Fulfilled,72.81,0,122.59,11.85,9807.2,Good,Medium,Activate Backup Supplier
BATCH-02298,2022-07-28,Afternoon,Tomato,Vegetables,SUP-018,1590.13,4.3,67.76,1072.9,139.6,12.4,No,Zone-D,6.41,11.42,6,Conveyor-B,,912.99,5.99,6967.2,74.97,0,0,Fulfilled,68.22,3,230.25,14.48,5756.25,Good,Medium,Restore Cold Chain Immediately
BATCH-02299,2020-01-23,Morning,Leafy Greens,Vegetables,SUP-011,1209.46,10.54,,1101.3,83.1,49.0,Yes,Zone-D,2.16,26.342378169473413,2,Conveyor-A,,1885.99,5.41,3721.2,52.54,0,0,Fulfilled,57.4,1,126.51,10.46,1897.65,Good,Medium,Quality Re-inspection Required
BATCH-02300,2023-06-11,Night,Leafy Greens,Vegetables,SUP-015,256.62,12.05,53.69,688.9,227.2,78.3,No,Zone-B,7.72,1.5,6,Conveyor-A,2057.64,2246.78,5.61,3484.67,97.43,0,0,Fulfilled,58.54,0,50.02,19.49,750.3,Bad,High,Restore Cold Chain Immediately
BATCH-02301,2020-07-31,Morning,Potato,Root Vegetables,SUP-019,1554.74,10.03,46.42,1284.3,108.7,63.5,Yes,Zone-A,9.79,0.25,3,Sorter-X,3700.64,838.3,8.51,5297.23,62.32,0,0,Partial,62.58,2,171.18,11.01,3081.24,Good,Medium,Quality Re-inspection Required
BATCH-02302,2023-05-07,Morning,Potato,Root Vegetables,SUP-001,232.62,3.25,83.35,1272.0,449.2,61.9,Yes,Zone-B,7.98,1.63,3,Conveyor-B,2902.66,968.26,3.51,3568.89,73.35,0,0,Fulfilled,77.22,0,15.89,6.83,286.02,Good,Low,Monitor & Maintain
BATCH-02303,2020-01-23,Morning,Banana,Fruits,SUP-004,1009.53,10.73,51.19,656.3,151.8,3.6,Yes,Zone-C,6.35,1.54,1,Washer-1,,1956.85,5.73,3998.05,51.64,0,1,Fulfilled,67.44,1,114.78,11.37,2295.6,Good,Medium,Quality Re-inspection Required
BATCH-02304,2022-08-01,Afternoon,Banana,Fruits,SUP-014,427.46,10.44,85.02,416.0,298.7,31.8,No,Zone-A,4.76,3.78,6,Packer-Z,1188.94,2899.15,6.96,3246.81,59.64,0,0,Partial,91.87,3,53.09,12.42,1061.8,Good,Medium,Restore Cold Chain Immediately
BATCH-02305,2021-09-26,Night,Orange,Fruits,SUP-014,1529.44,6.71,86.11,1598.7,131.7,90.3,Yes,Zone-A,3.78,11.34,3,Packer-Z,3371.61,720.23,2.49,3663.81,,1,0,Fulfilled,65.56,2,315.83,20.65,11054.05,Bad,High,Expedite Processing
BATCH-02306,2020-10-20,Night,Tomato,Vegetables,SUP-003,1832.02,18.59,65.73,1097.9,129.0,14.6,Yes,Zone-A,4.48,8.56,3,Conveyor-B,3981.5,1997.32,9.29,5607.38,55.59,0,0,Fulfilled,,1,229.0,12.5,5725.0,Good,Medium,Reduce Storage Temperature
BATCH-02307,2020-06-06,Morning,Mango,Fruits,SUP-017,1152.84,9.52,81.31,,175.3,70.3,Yes,Zone-B,3.62,0.54,6,Conveyor-B,3925.54,2729.11,7.5,7019.0,81.41,0,0,Fulfilled,64.26,0,137.53,11.93,8251.8,Good,Medium,Quality Re-inspection Required
BATCH-02308,2021-10-04,Night,Mango,Fruits,SUP-003,1101.58,17.55,61.34,740.3,457.9,73.4,Yes,Zone-D,8.41,0.83,4,Packer-Z,4836.17,1439.7,1.01,5047.9,50.1,0,0,Fulfilled,56.87,3,190.13,17.26,11407.8,Bad,Medium,Reduce Storage Temperature
BATCH-02309,2020-06-29,Afternoon,Potato,Root Vegetables,SUP-016,1551.53,3.97,83.62,,195.7,70.9,Yes,Zone-B,8.98,0.64,1,Sorter-X,762.85,1018.85,8.72,1718.29,73.25,0,0,Fulfilled,66.64,3,136.84,8.82,2463.12,Good,Low,Quality Re-inspection Required
BATCH-02310,2021-12-11,Morning,Potato,Root Vegetables,SUP-014,109.65,7.74,82.11,565.1,410.6,95.0,Yes,Zone-D,9.52,0.45,4,Packer-Z,,2033.93,9.33,3193.22,86.07,0,0,Fulfilled,91.85,1,10.24,9.34,184.32,Good,Low,Prioritize Dispatch
BATCH-02311,2022-07-01,Afternoon,Potato,Root Vegetables,SUP-020,1843.74,5.17,48.53,,98.6,40.5,Yes,Zone-B,4.47,22.048301991271163,3,Conveyor-A,2644.49,191.15,8.04,7192.51,96.31,0,0,Fulfilled,58.62,0,146.95,7.97,2645.1,Good,Low,Quality Re-inspection Required
BATCH-02312,2023-04-22,Afternoon,Onion,Root Vegetables,SUP-013,475.15,9.35,71.22,1358.2,24.1,66.1,No,Zone-D,5.69,1.43,6,Washer-1,1893.94,1144.47,4.55,6948.97,74.64,0,0,Fulfilled,70.16,2,65.14,13.71,1433.08,Good,Medium,Restore Cold Chain Immediately
BATCH-02313,2022-09-17,Night,Lemon,Citrus,SUP-015,1969.83,4.01,73.8,1259.0,390.8,20.2,No,Zone-D,5.98,,5,Conveyor-B,1894.05,848.12,9.95,2331.91,92.03,0,0,Partial,55.35,1,192.85,9.79,5785.5,Good,Low,Restore Cold Chain Immediately
BATCH-02314,2020-04-05,Night,Banana,Fruits,SUP-014,1498.88,9.94,45.04,771.5,270.9,39.6,Yes,Zone-A,6.69,,6,Conveyor-B,1292.58,751.4,1.68,6937.9,90.13,0,0,Fulfilled,82.73,2,140.59,9.38,2811.8,Good,Low,Monitor & Maintain
BATCH-02315,2021-03-24,Afternoon,Onion,Root Vegetables,SUP-019,1571.08,,89.1,470.2,251.9,48.2,Yes,Zone-D,0.52,4.12,5,Sorter-X,4158.28,621.3,5.6,7263.91,64.79,0,1,Fulfilled,96.48,3,146.27,9.31,3217.94,Good,Low,Monitor & Maintain
BATCH-02316,2021-02-24,Night,Pineapple,Fruits,SUP-006,1346.79,,63.3,983.5,136.1,22.2,No,Zone-C,8.51,6.41,4,Conveyor-A,4586.31,2237.48,2.12,3545.76,93.74,0,0,Partial,71.91,3,174.54,12.96,7854.3,Good,Medium,Restore Cold Chain Immediately
BATCH-02317,2023-08-28,Afternoon,Mango,Fruits,SUP-010,996.16,13.56,68.28,731.4,36.2,87.2,Yes,Zone-C,3.05,0.97,2,Packer-Z,870.47,2869.79,4.67,5732.85,82.01,0,0,Partial,80.38,3,130.0,13.05,7800.0,Good,Medium,Prioritize Dispatch
BATCH-02318,2023-06-20,Afternoon,Leafy Greens,Vegetables,SUP-015,1186.09,19.12,53.77,877.3,241.4,69.3,Yes,Zone-D,4.99,3.61,6,Conveyor-A,1197.05,1215.83,9.31,4913.5,55.21,0,0,Fulfilled,74.9,2,182.42,15.38,2736.3,Bad,Medium,Reduce Storage Temperature
BATCH-02319,2021-06-24,Morning,Banana,Fruits,SUP-020,188.17,5.73,72.49,728.8,433.6,28.7,Yes,Zone-D,8.49,0.11,2,Conveyor-A,1528.04,242.4,8.05,3618.26,96.96,0,0,Partial,97.83,0,3.29,1.75,65.8,Good,Low,Monitor & Maintain
BATCH-02320,2020-04-13,Afternoon,Strawberry,Berries,SUP-006,1285.52,14.81,,610.3,60.0,14.7,Yes,Zone-D,9.97,1.31,1,Sorter-X,2790.44,2184.84,7.93,2550.88,58.83,0,1,Partial,87.38,1,150.15,11.68,12012.0,Good,Medium,Reduce Storage Temperature
BATCH-02321,2023-07-29,Afternoon,Pineapple,Fruits,SUP-010,1289.59,15.36,71.37,,464.6,29.1,No,Zone-D,8.05,0.92,5,Sorter-X,,1660.79,3.86,3791.81,73.52,1,0,Fulfilled,56.95,1,292.09,22.65,13144.05,Bad,High,Restore Cold Chain Immediately
BATCH-02322,2023-07-20,Night,Banana,Fruits,SUP-007,1793.28,10.97,80.46,1557.9,137.4,60.6,No,Zone-A,0.74,0.46,5,Packer-Z,821.55,2198.57,9.38,7050.5,73.32,0,0,Delayed,59.78,1,320.1,17.85,6402.0,Bad,Medium,Restore Cold Chain Immediately
BATCH-02323,2023-06-01,Morning,Onion,Root Vegetables,SUP-017,1060.75,18.16,77.9,719.5,266.1,79.7,No,Zone-C,4.0,1.15,4,Packer-Z,3365.66,1978.92,4.0,6373.35,81.26,0,0,Fulfilled,75.7,2,223.08,21.03,4907.76,Bad,High,Restore Cold Chain Immediately
BATCH-02324,2023-05-18,Night,Tomato,Vegetables,SUP-018,246.57,19.4,55.69,803.2,33.3,49.3,No,Zone-A,2.85,1.17,6,Washer-1,1172.01,2725.76,0.88,3581.22,83.25,0,0,Fulfilled,82.8,0,46.36,18.8,1159.0,Bad,High,Restore Cold Chain Immediately
BATCH-02325,2021-12-02,Morning,Leafy Greens,Vegetables,SUP-017,681.77,8.52,64.61,,212.5,11.6,No,Zone-C,9.66,3.31,3,Conveyor-A,4871.56,507.28,6.56,4841.99,61.65,0,0,Partial,67.78,3,95.38,13.99,1430.7,Good,Medium,Restore Cold Chain Immediately
BATCH-02326,2020-09-16,Night,Banana,Fruits,SUP-009,1345.7,13.72,51.69,,62.9,25.4,Yes,Zone-D,3.01,4.06,1,Packer-Z,4544.48,590.57,3.95,4018.64,67.62,0,0,Delayed,,3,138.74,10.31,2774.8,Good,Medium,Monitor & Maintain
BATCH-02327,2021-11-28,Afternoon,Lemon,Citrus,SUP-010,554.59,13.92,46.89,1412.2,24.0,34.4,No,Zone-C,9.46,2.14,4,Sorter-X,4773.12,1090.55,1.96,4368.84,57.23,0,0,Fulfilled,80.37,2,85.07,15.34,2552.1,Bad,Medium,Restore Cold Chain Immediately
BATCH-02328,2021-12-23,Morning,Potato,Root Vegetables,SUP-010,633.0,9.27,47.84,882.5,483.3,61.8,Yes,Zone-C,9.41,2.01,2,Washer-1,977.74,1525.03,9.38,6082.63,56.3,0,0,Partial,,1,72.16,11.4,1298.88,Good,Medium,Monitor & Maintain
BATCH-02329,2021-12-16,Morning,Potato,Root Vegetables,SUP-007,1658.89,7.7,87.41,1367.4,365.0,25.2,Yes,Zone-B,8.47,0.23,6,Washer-1,2696.16,2784.57,6.55,4814.87,91.25,0,0,Fulfilled,80.62,0,102.52,6.18,1845.36,Good,Low,Monitor & Maintain
BATCH-02330,2022-02-25,Morning,Leafy Greens,Vegetables,SUP-016,1210.21,18.81,89.3,538.0,359.5,24.0,Yes,Zone-B,1.43,1.71,3,Sorter-X,,2730.2,9.44,2711.87,87.54,0,0,Fulfilled,95.32,0,135.91,11.23,2038.65,Good,Medium,Reduce Storage Temperature
BATCH-02331,2021-01-11,Morning,Onion,Root Vegetables,SUP-018,1066.2,16.22,49.27,1473.9,45.3,28.9,Yes,Zone-D,0.52,0.64,1,Packer-Z,,2628.43,6.04,3223.1,72.13,0,0,Fulfilled,65.7,0,142.02,13.32,3124.44,Good,Medium,Reduce Storage Temperature
BATCH-02332,2021-06-18,Night,Potato,Root Vegetables,SUP-006,705.06,4.06,60.08,622.4,464.7,57.7,Yes,Zone-A,8.04,0.7,6,Sorter-X,1547.33,745.33,1.11,4958.88,54.8,1,0,Delayed,89.81,0,61.76,8.76,1111.68,Good,Low,Activate Backup Supplier
BATCH-02333,2021-09-25,Night,Banana,Fruits,SUP-020,1488.76,4.16,50.15,447.0,234.7,48.3,Yes,Zone-B,8.51,0.2,3,Packer-Z,3967.84,2216.06,0.78,5685.28,72.5,0,0,Fulfilled,55.53,0,126.69,8.51,2533.8,Good,Low,Quality Re-inspection Required
BATCH-02334,2020-07-10,Morning,Strawberry,Berries,SUP-001,646.67,18.61,82.54,590.0,426.1,81.1,Yes,Zone-D,9.64,2.02,2,Sorter-X,3398.01,1212.13,9.06,4612.18,64.72,1,0,Fulfilled,58.73,1,135.09,20.89,10807.2,Bad,High,Reduce Storage Temperature
BATCH-02335,2021-10-26,Morning,Mango,Fruits,SUP-001,1500.42,3.47,,628.9,6.3,67.6,Yes,Zone-A,2.57,1.75,4,Sorter-X,3072.22,2800.43,0.87,5263.42,88.9,0,0,Fulfilled,96.79,3,89.58,5.97,5374.8,Good,Low,Monitor & Maintain
BATCH-02336,2023-03-29,Morning,Mango,Fruits,SUP-012,233.19,14.39,72.96,1010.2,149.1,64.7,No,Zone-B,7.46,0.5,4,Conveyor-B,4213.52,722.15,6.34,6246.28,54.83,0,0,Fulfilled,85.7,1,38.5,16.51,2310.0,Bad,Medium,Restore Cold Chain Immediately
BATCH-02337,2023-04-23,Night,Pineapple,Fruits,SUP-002,1742.63,6.08,69.3,939.9,498.0,16.5,No,Zone-C,5.43,0.61,5,Packer-Z,2751.23,509.65,3.33,4828.73,72.57,1,0,Fulfilled,82.87,3,242.05,13.89,10892.25,Good,Medium,Restore Cold Chain Immediately
BATCH-02338,2021-08-23,Morning,Orange,Fruits,SUP-004,1049.18,2.63,76.96,1259.0,213.9,7.2,No,Zone-B,3.62,2.97,6,Conveyor-A,1714.33,2542.92,7.03,7337.48,79.57,0,0,Fulfilled,69.7,1,131.78,12.56,4612.3,Good,Medium,Restore Cold Chain Immediately
BATCH-02339,2022-01-27,Morning,Tomato,Vegetables,SUP-017,933.17,3.07,59.36,461.1,444.2,49.9,No,Zone-D,6.26,3.15,4,Conveyor-B,3293.17,2179.03,3.2,3028.65,99.29,0,0,Cancelled,63.11,3,97.98,10.5,2449.5,Good,Medium,Restore Cold Chain Immediately
BATCH-02340,2020-02-19,Morning,Leafy Greens,Vegetables,SUP-004,1260.94,8.72,51.19,997.2,164.0,8.7,No,Zone-B,5.71,1.36,5,Conveyor-B,4806.78,2482.12,0.85,7003.39,54.48,0,0,Fulfilled,71.72,1,172.87,13.71,2593.05,Good,Medium,Restore Cold Chain Immediately
BATCH-02341,2022-09-11,Night,Pineapple,Fruits,SUP-011,1285.96,3.4,45.79,799.0,262.7,36.2,No,Zone-B,3.28,0.32,4,Conveyor-B,3205.22,558.04,7.44,3098.9,55.7,0,0,Fulfilled,81.33,2,140.3,10.91,6313.5,Good,Medium,Restore Cold Chain Immediately
BATCH-02342,2021-08-13,Afternoon,Orange,Fruits,SUP-004,350.87,12.74,65.06,,427.1,4.5,Yes,Zone-A,3.05,0.11,1,Conveyor-B,3333.29,2665.9,3.45,4748.85,99.4,1,0,Fulfilled,82.91,0,30.98,8.83,1084.3,Good,Low,Activate Backup Supplier
BATCH-02343,2021-10-12,Afternoon,Onion,Root Vegetables,SUP-001,1536.84,13.65,85.85,452.4,302.9,18.6,Yes,Zone-A,5.12,0.63,6,Conveyor-A,4706.38,2065.1,5.73,4308.82,70.28,0,0,Fulfilled,62.46,0,172.59,11.23,3796.98,Good,Medium,Quality Re-inspection Required
BATCH-02344,2023-06-29,Night,Lemon,Citrus,SUP-007,624.26,8.72,58.74,441.9,362.6,12.4,No,Zone-C,5.0,2.63,2,Conveyor-B,2818.74,1989.53,7.85,3826.45,87.19,1,0,Fulfilled,74.6,1,89.08,14.27,2672.4,Good,Medium,Restore Cold Chain Immediately
BATCH-02345,2021-11-05,Afternoon,Lemon,Citrus,SUP-018,1819.43,15.37,53.82,912.7,114.4,77.3,Yes,Zone-D,3.37,1.84,6,Conveyor-A,4983.61,1789.49,7.18,7253.49,,0,0,Delayed,79.94,1,230.89,12.69,6926.7,Good,Medium,Reduce Storage Temperature
BATCH-02346,2020-01-31,Morning,Tomato,Vegetables,SUP-009,1653.92,10.82,86.67,1373.6,77.9,34.5,Yes,Zone-C,3.01,2.53,6,Conveyor-A,1218.48,2318.14,3.81,3242.07,65.73,0,0,Delayed,97.24,0,153.81,9.3,3845.25,Good,Low,Monitor & Maintain
BATCH-02347,2020-11-28,Morning,Potato,Root Vegetables,SUP-003,757.91,9.74,49.75,1205.3,115.2,9.4,Yes,Zone-C,9.57,1.28,3,Conveyor-B,2916.68,1305.26,7.6,5580.99,60.72,0,0,Fulfilled,79.17,2,26.91,3.55,484.38,Good,Low,Monitor & Maintain
BATCH-02348,2021-11-25,Night,Banana,Fruits,SUP-008,1634.7,9.33,47.33,420.0,246.5,27.0,Yes,Zone-B,8.69,2.81,2,Washer-1,1458.05,485.18,9.29,6331.64,63.8,0,0,Partial,80.55,3,139.77,8.55,2795.4,Good,Low,Monitor & Maintain
BATCH-02349,2021-09-11,Night,Pineapple,Fruits,SUP-019,777.14,9.76,84.57,614.2,400.5,66.2,Yes,Zone-C,8.26,1.31,2,Conveyor-A,2539.97,1663.87,6.29,2804.61,88.22,0,0,Partial,88.67,3,87.66,11.28,3944.7,Good,Medium,Monitor & Maintain
BATCH-02350,2023-06-10,Afternoon,Pineapple,Fruits,SUP-004,291.8,19.42,76.54,672.1,177.0,72.1,Yes,Zone-A,2.54,0.18,5,Conveyor-B,1267.58,2269.5,7.18,7314.02,92.02,0,0,Fulfilled,,2,47.68,16.34,2145.6,Bad,Medium,Reduce Storage Temperature
BATCH-02351,2022-03-02,Afternoon,Leafy Greens,Vegetables,SUP-018,1927.59,14.27,63.99,907.7,282.4,13.3,No,Zone-C,2.3,0.17,5,Sorter-X,1501.38,545.58,8.73,4835.98,84.98,0,0,Fulfilled,71.89,0,297.81,15.45,4467.15,Bad,Medium,Restore Cold Chain Immediately
BATCH-02352,2022-10-03,Morning,Leafy Greens,Vegetables,SUP-020,1339.94,7.67,,1104.1,402.4,75.2,No,Zone-D,8.19,3.56,1,Sorter-X,1448.6,749.66,8.51,6973.19,72.06,1,0,Fulfilled,81.0,1,239.72,17.89,3595.8,Bad,Medium,Restore Cold Chain Immediately
BATCH-02353,2021-11-16,Night,Lemon,Citrus,SUP-011,966.59,15.21,78.36,659.8,119.4,36.8,Yes,Zone-C,2.25,1.99,3,Packer-Z,,2119.98,3.84,5517.15,63.13,1,0,Fulfilled,89.47,3,137.64,14.24,4129.2,Good,Medium,Reduce Storage Temperature
BATCH-02354,2021-10-03,Afternoon,Lemon,Citrus,SUP-014,855.77,7.94,,859.0,441.5,65.9,Yes,Zone-D,5.28,0.65,4,Conveyor-A,1105.72,881.99,9.92,5433.17,71.26,0,0,Fulfilled,83.05,3,64.87,7.58,1946.1,Good,Low,Monitor & Maintain
BATCH-02355,2021-10-13,Afternoon,Strawberry,Berries,SUP-018,716.94,4.26,75.43,1100.7,476.5,65.1,Yes,Zone-D,2.6,2.83,4,Conveyor-A,4142.04,592.83,0.77,3667.86,95.73,0,0,Delayed,63.19,3,66.25,9.24,5300.0,Good,Low,Quality Re-inspection Required
BATCH-02356,2021-08-22,Morning,Strawberry,Berries,SUP-016,1964.75,10.56,73.84,860.1,19.5,76.6,Yes,Zone-C,4.09,0.29,2,Sorter-X,,2679.24,9.87,6137.13,93.16,1,0,Partial,72.5,0,276.44,14.07,22115.2,Good,Medium,Prioritize Dispatch
BATCH-02357,2022-02-25,Morning,Potato,Root Vegetables,SUP-003,356.02,15.52,88.37,571.8,29.6,67.5,Yes,Zone-C,8.61,2.07,6,Conveyor-A,2374.56,566.6,2.84,1833.06,66.17,0,1,Fulfilled,77.55,1,46.99,13.2,845.82,Good,Medium,Reduce Storage Temperature
BATCH-02358,2020-12-31,Morning,Strawberry,Berries,SUP-015,698.13,8.8,,990.0,45.5,5.7,Yes,Zone-C,8.97,9.11,1,Conveyor-A,572.26,1098.03,4.68,4889.32,66.4,0,0,Fulfilled,78.04,0,76.24,10.92,6099.2,Good,Medium,Expedite Processing
BATCH-02359,2023-07-24,Morning,Banana,Fruits,SUP-004,1022.45,17.65,62.0,788.8,388.4,50.8,Yes,Zone-D,9.97,0.33,6,Sorter-X,971.97,1342.45,8.9,1846.73,89.0,0,0,Fulfilled,69.94,0,130.87,12.8,2617.4,Good,Medium,Reduce Storage Temperature
BATCH-02360,2021-05-01,Afternoon,Banana,Fruits,SUP-005,1008.2,8.97,,1437.0,94.7,17.6,Yes,Zone-A,9.47,0.31,3,Conveyor-B,4533.22,1480.81,2.82,3442.93,71.33,0,0,Partial,77.99,3,62.21,6.17,1244.2,Good,Low,Monitor & Maintain
BATCH-02361,2020-08-03,Night,Pineapple,Fruits,SUP-017,995.6,8.3,51.36,1330.7,362.8,93.2,Yes,Zone-B,6.88,1.26,4,Sorter-X,4267.22,1147.8,2.64,2219.48,78.64,0,0,Delayed,84.61,1,95.38,9.58,4292.1,Good,Low,Prioritize Dispatch
BATCH-02362,2020-05-20,Night,Mango,Fruits,SUP-007,433.99,19.97,47.99,628.3,220.6,26.0,Yes,Zone-C,4.6,2.06,2,Washer-1,4284.15,2746.36,6.61,6956.34,,0,0,Partial,75.59,0,50.08,11.54,3004.8,Good,Medium,Reduce Storage Temperature
BATCH-02363,2020-01-20,Morning,Banana,Fruits,SUP-016,375.37,10.68,64.48,583.2,418.1,41.5,Yes,Zone-B,1.05,0.05,1,Sorter-X,,2010.01,7.2,5310.19,62.12,0,0,Delayed,74.86,0,36.15,9.63,723.0,Good,Low,Monitor & Maintain
BATCH-02364,2021-09-09,Morning,Orange,Fruits,SUP-014,584.06,16.49,76.04,817.2,404.3,20.5,Yes,Zone-C,6.28,1.38,3,Sorter-X,1136.89,1142.53,0.57,5544.05,,0,0,Fulfilled,90.27,2,58.99,10.1,2064.65,Good,Medium,Reduce Storage Temperature
BATCH-02365,2020-09-30,Afternoon,Lemon,Citrus,SUP-016,1837.6,26.035628207396517,70.55,894.6,479.8,14.7,Yes,Zone-D,2.5,0.17,6,Conveyor-B,985.53,1137.39,4.78,6605.06,56.98,0,0,Delayed,88.3,2,237.6,12.93,7128.0,Good,Medium,Reduce Storage Temperature
BATCH-02366,2020-02-01,Morning,Leafy Greens,Vegetables,SUP-007,314.8,18.67,64.33,1518.4,125.5,58.5,Yes,Zone-D,8.58,0.55,2,Sorter-X,3225.21,1558.56,5.15,5918.92,50.57,0,0,Fulfilled,73.59,1,41.46,13.17,621.9,Good,Medium,Reduce Storage Temperature
BATCH-02367,2022-01-29,Night,Strawberry,Berries,SUP-009,1539.11,33.80695443172229,81.82,761.9,114.6,48.4,Yes,Zone-B,5.71,2.49,2,Sorter-X,4226.87,197.62,3.08,2381.58,64.03,0,0,Fulfilled,98.82,3,64.18,4.17,5134.4,Good,Low,Monitor & Maintain
BATCH-02368,2022-09-19,Morning,Pineapple,Fruits,SUP-004,1539.34,6.88,80.75,1441.1,15.8,37.2,Yes,Zone-A,7.47,2.69,6,Conveyor-B,,2787.26,5.69,5247.9,58.57,0,0,Fulfilled,57.92,0,168.87,10.97,7599.15,Good,Medium,Quality Re-inspection Required
BATCH-02369,2020-05-05,Night,Tomato,Vegetables,SUP-011,1638.56,15.82,77.94,1006.4,205.2,10.0,Yes,Zone-D,6.9,2.62,1,Sorter-X,1799.29,747.6,1.97,7343.17,62.9,0,1,Fulfilled,,2,226.12,13.8,5653.0,Good,Medium,Reduce Storage Temperature
BATCH-02370,2021-11-03,Morning,Leafy Greens,Vegetables,SUP-002,1784.57,12.13,48.47,1462.7,229.5,71.2,No,Zone-B,3.8,0.13,1,Conveyor-B,1944.62,2123.02,3.57,2904.01,53.79,0,0,Fulfilled,56.62,1,328.9,18.43,4933.5,Bad,High,Restore Cold Chain Immediately
BATCH-02371,2022-12-21,Morning,Orange,Fruits,SUP-012,599.77,12.07,,1242.3,482.3,2.6,Yes,Zone-D,7.71,3.09,1,Washer-1,953.94,2355.4,7.28,5260.54,67.08,1,0,Partial,91.94,3,60.7,10.12,2124.5,Good,Medium,Activate Backup Supplier
BATCH-02372,2023-12-10,Night,Strawberry,Berries,SUP-012,526.66,4.99,86.37,1250.1,415.4,45.0,Yes,Zone-C,8.51,1.13,1,Conveyor-B,3984.84,2499.41,8.8,4934.6,76.0,0,0,Partial,88.25,2,42.03,7.98,3362.4,Good,Low,Monitor & Maintain
BATCH-02373,2022-09-01,Afternoon,Orange,Fruits,SUP-004,984.46,,47.67,1022.6,83.4,61.5,Yes,Zone-B,7.57,1.29,3,Conveyor-A,1740.61,580.36,6.1,3935.46,97.23,0,0,Fulfilled,85.08,3,60.54,6.15,2118.9,Good,Low,Monitor & Maintain
BATCH-02374,2020-12-23,Afternoon,Lemon,Citrus,SUP-018,603.67,11.38,63.08,1408.4,399.2,42.5,Yes,Zone-B,7.88,1.09,1,Conveyor-A,2664.18,1656.41,1.21,7206.43,67.35,0,0,Fulfilled,64.44,3,56.2,9.31,1686.0,Good,Low,Quality Re-inspection Required
BATCH-02375,2022-11-12,Morning,Lemon,Citrus,SUP-007,1495.19,6.99,89.48,705.3,89.1,13.9,Yes,Zone-C,3.92,3.89,1,Conveyor-B,4680.04,342.66,6.95,3730.69,51.55,1,0,Partial,86.14,2,142.34,9.52,4270.2,Good,Low,Activate Backup Supplier
BATCH-02376,2022-05-22,Morning,Potato,Root Vegetables,SUP-001,1308.29,5.79,71.97,1488.8,38.9,75.2,Yes,Zone-B,9.47,2.28,1,Sorter-X,3884.97,2433.9,9.03,2204.28,68.12,0,1,Fulfilled,70.63,0,142.47,10.89,2564.46,Good,Medium,Prioritize Dispatch
BATCH-02377,2020-11-05,Night,Pineapple,Fruits,SUP-013,1762.48,3.58,68.11,1164.1,418.5,32.5,Yes,Zone-C,4.53,,3,Packer-Z,737.32,1510.71,5.29,7252.37,90.86,0,0,Partial,93.22,2,51.99,2.95,2339.55,Good,Low,Monitor & Maintain
BATCH-02378,2023-05-27,Night,Leafy Greens,Vegetables,SUP-006,257.2,4.8,52.99,,488.0,14.7,Yes,Zone-A,9.02,3.59,4,Packer-Z,536.7,559.62,5.19,5896.77,67.01,0,0,Fulfilled,63.78,2,22.27,8.66,334.05,Good,Low,Quality Re-inspection Required
BATCH-02379,2021-09-16,Morning,Onion,Root Vegetables,SUP-006,1838.66,,70.45,1578.6,44.1,53.7,No,Zone-C,8.65,3.27,2,Washer-1,4043.34,2184.17,9.92,3649.63,64.59,0,0,Delayed,64.58,0,378.4,20.58,8324.8,Bad,High,Restore Cold Chain Immediately
BATCH-02380,2023-11-05,Night,Onion,Root Vegetables,SUP-012,657.36,33.45573934793482,64.76,1434.4,407.0,3.8,Yes,Zone-A,1.68,0.01,5,Washer-1,2986.25,1060.39,6.54,3289.77,95.95,0,0,Fulfilled,97.27,1,40.43,6.15,889.46,Good,Low,Reduce Storage Temperature
BATCH-02381,2022-11-21,Afternoon,Leafy Greens,Vegetables,SUP-008,1032.32,2.83,50.73,1326.4,429.6,32.5,Yes,Zone-B,9.68,1.3,6,Packer-Z,3741.5,432.07,8.16,7051.83,,0,0,Fulfilled,77.75,0,38.51,3.73,577.65,Good,Low,Monitor & Maintain
BATCH-02382,2022-07-30,Afternoon,Tomato,Vegetables,SUP-019,933.36,5.66,65.89,728.7,59.4,72.6,No,Zone-C,9.97,0.09,2,Packer-Z,1205.67,1437.11,6.64,3249.33,98.51,0,0,Partial,74.64,0,140.0,15.0,3500.0,Bad,Medium,Restore Cold Chain Immediately
BATCH-02383,2022-11-29,Night,Pineapple,Fruits,SUP-005,1544.59,12.09,52.4,1568.5,141.6,87.8,Yes,Zone-B,6.26,0.73,3,Conveyor-B,4424.22,782.22,2.6,4780.89,91.63,0,0,Partial,,3,226.28,14.65,10182.6,Good,Medium,Prioritize Dispatch
BATCH-02384,2021-11-29,Night,Orange,Fruits,SUP-018,898.63,,,1291.6,366.8,57.6,No,Zone-A,7.94,3.26,6,Packer-Z,3979.96,2855.64,3.2,2908.89,84.21,0,0,Fulfilled,91.57,1,110.53,12.3,3868.55,Good,Medium,Restore Cold Chain Immediately
BATCH-02385,2022-01-07,Night,Tomato,Vegetables,SUP-005,1892.75,16.82,88.81,1126.3,403.9,22.5,No,Zone-D,9.37,5.77,1,Conveyor-A,4508.78,1147.95,6.82,7442.2,79.92,0,0,Delayed,70.52,3,323.47,17.09,8086.75,Bad,Medium,Restore Cold Chain Immediately
BATCH-02386,2023-05-27,Afternoon,Mango,Fruits,SUP-010,1814.81,16.13,66.13,1506.2,177.0,22.7,No,Zone-D,0.69,0.55,3,Washer-1,2034.93,1760.11,4.83,6130.84,,0,0,Fulfilled,70.67,3,318.5,17.55,19110.0,Bad,Medium,Restore Cold Chain Immediately
BATCH-02387,2022-09-21,Morning,Leafy Greens,Vegetables,SUP-001,1757.11,18.05,73.46,,80.0,58.8,Yes,Zone-D,9.33,0.04,4,Washer-1,1740.67,2850.25,4.34,4957.96,86.52,0,0,Fulfilled,60.43,2,237.21,13.5,3558.15,Good,Medium,Reduce Storage Temperature
BATCH-02388,2023-08-02,Night,Orange,Fruits,SUP-010,235.39,12.13,64.39,566.8,324.2,40.2,Yes,Zone-D,6.46,1.03,5,Conveyor-A,,1241.79,0.71,5993.25,67.36,0,0,Partial,77.91,0,19.25,8.18,673.75,Good,Low,Monitor & Maintain
BATCH-02389,2023-07-24,Night,Onion,Root Vegetables,SUP-005,1723.09,8.34,51.23,1076.5,351.0,18.7,Yes,Zone-D,8.37,0.82,4,Washer-1,4685.4,1138.57,8.9,6984.1,74.28,0,0,Fulfilled,95.64,0,63.41,3.68,1395.02,Good,Low,Monitor & Maintain
BATCH-02390,2023-11-26,Night,Banana,Fruits,SUP-012,1585.11,12.91,88.67,,251.8,76.0,Yes,Zone-A,5.64,2.26,1,Packer-Z,1295.73,570.98,8.9,7255.75,55.2,0,0,Cancelled,97.13,3,188.47,11.89,3769.4,Good,Medium,Prioritize Dispatch
BATCH-02391,2022-10-19,Morning,Potato,Root Vegetables,SUP-007,296.67,3.6,50.83,1196.8,72.5,20.8,No,Zone-D,5.54,1.37,3,Washer-1,1036.93,2821.08,4.88,6226.77,64.81,0,0,Fulfilled,,0,28.93,9.75,520.74,Good,Low,Restore Cold Chain Immediately
BATCH-02392,2022-01-03,Night,Onion,Root Vegetables,SUP-009,304.09,2.17,50.02,688.9,422.2,32.2,Yes,Zone-D,9.03,1.02,3,Conveyor-A,1367.05,2422.16,7.16,6593.07,76.46,1,0,Partial,75.82,1,25.06,8.24,551.32,Good,Low,Activate Backup Supplier
BATCH-02393,2020-08-30,Night,Pineapple,Fruits,SUP-012,292.21,2.31,65.66,542.8,322.6,7.8,No,Zone-B,5.32,0.52,1,Washer-1,3971.22,740.93,2.19,3971.18,73.4,0,0,Fulfilled,89.1,0,20.92,7.16,941.4,Good,Low,Restore Cold Chain Immediately
BATCH-02394,2022-10-26,Afternoon,Lemon,Citrus,SUP-001,121.53,9.34,74.65,891.4,434.6,67.9,Yes,Zone-C,4.98,3.53,1,Packer-Z,4502.88,1064.76,5.29,3936.49,67.18,0,0,Fulfilled,,3,11.58,9.53,347.4,Good,Low,Monitor & Maintain
BATCH-02395,2021-03-01,Night,Banana,Fruits,SUP-011,1142.41,6.11,,959.1,466.5,27.9,Yes,Zone-C,6.28,0.57,5,Conveyor-B,4149.11,2753.24,4.67,6356.2,73.6,0,1,Partial,79.11,0,77.11,6.75,1542.2,Good,Low,Monitor & Maintain
BATCH-02396,2021-02-17,Afternoon,Potato,Root Vegetables,SUP-015,1949.45,4.83,53.66,604.6,402.8,23.9,Yes,Zone-C,5.43,0.11,4,Packer-Z,3034.57,1658.11,6.74,6073.42,87.25,1,0,Fulfilled,,3,103.52,5.31,1863.36,Good,Low,Activate Backup Supplier
BATCH-02397,2020-12-13,Morning,Potato,Root Vegetables,SUP-002,933.5,13.08,81.85,449.8,479.3,30.5,Yes,Zone-C,4.74,48.654144027048304,1,Washer-1,4972.48,1713.37,4.96,6894.7,72.97,1,0,Partial,91.76,1,99.32,10.64,1787.76,Good,Medium,Activate Backup Supplier
BATCH-02398,2023-07-01,Night,Mango,Fruits,SUP-020,1127.44,19.91,61.34,896.9,477.1,84.2,Yes,Zone-A,2.21,0.76,1,Sorter-X,809.84,1979.62,5.24,2432.79,75.31,1,1,Fulfilled,55.87,2,253.67,22.5,15220.2,Bad,High,Reduce Storage Temperature
BATCH-02399,2023-06-21,Night,Mango,Fruits,SUP-007,1939.14,5.2,53.74,1311.4,309.7,50.7,Yes,Zone-C,4.28,2.49,4,Washer-1,4402.36,2310.28,3.31,5673.62,85.06,0,1,Fulfilled,96.48,3,174.72,9.01,10483.2,Good,Low,Monitor & Maintain
BATCH-02400,2022-07-10,Afternoon,Strawberry,Berries,SUP-012,584.85,11.84,61.43,1449.0,364.1,16.8,Yes,Zone-B,3.18,0.17,1,Washer-1,2424.71,2823.93,0.96,5422.84,92.08,1,0,Fulfilled,91.21,3,54.57,9.33,4365.6,Good,Low,Activate Backup Supplier
BATCH-02401,2021-11-21,Morning,Onion,Root Vegetables,SUP-018,1731.09,4.16,54.65,517.1,349.7,74.8,Yes,Zone-A,4.3,6.78,6,Conveyor-A,2548.05,2426.45,9.21,6299.4,76.34,0,0,Delayed,86.73,0,160.47,9.27,3530.34,Good,Low,Expedite Processing
BATCH-02402,2022-09-08,Morning,Onion,Root Vegetables,SUP-003,1138.14,18.82,68.38,1029.6,310.6,21.6,Yes,Zone-D,6.14,0.41,5,Sorter-X,,2810.19,0.62,1802.65,97.41,0,0,Partial,92.49,2,138.97,12.21,3057.34,Good,Medium,Reduce Storage Temperature
BATCH-02403,2022-06-05,Afternoon,Onion,Root Vegetables,SUP-007,1182.01,7.25,75.07,716.1,9.7,40.8,Yes,Zone-B,6.28,0.88,5,Conveyor-A,650.45,2479.77,3.17,6460.53,67.67,0,0,Fulfilled,78.64,1,22.58,1.91,496.76,Good,Low,Monitor & Maintain
BATCH-02404,2021-08-29,Morning,Strawberry,Berries,SUP-011,752.03,17.81,80.98,849.6,178.0,55.4,Yes,Zone-B,2.77,1.31,4,Conveyor-A,1924.83,234.66,4.75,3556.54,62.63,1,0,Partial,89.02,2,119.95,15.95,9596.0,Bad,Medium,Reduce Storage Temperature
BATCH-02405,2021-07-08,Morning,Tomato,Vegetables,SUP-018,1167.01,7.1,55.24,1520.1,50.0,56.9,Yes,Zone-D,1.3,,2,Packer-Z,1286.84,440.85,3.53,5652.18,84.65,0,0,Partial,81.34,3,117.05,10.03,2926.25,Good,Medium,Monitor & Maintain
BATCH-02406,2021-07-12,Morning,Potato,Root Vegetables,SUP-012,238.97,16.51,52.51,,150.1,8.5,Yes,Zone-D,7.57,2.56,5,Conveyor-B,2675.02,2666.19,5.74,5242.21,58.79,0,0,Partial,78.89,1,25.52,10.68,459.36,Good,Medium,Reduce Storage Temperature
BATCH-02407,2022-05-10,Morning,Banana,Fruits,SUP-006,1552.82,5.77,45.88,838.4,34.3,80.7,Yes,Zone-B,5.52,0.31,3,Washer-1,1162.99,180.32,4.89,4217.55,95.0,1,0,Fulfilled,64.31,1,223.76,14.41,4475.2,Good,Medium,Prioritize Dispatch
BATCH-02408,2022-08-03,Morning,Pineapple,Fruits,SUP-005,640.91,28.537483327246644,55.26,651.3,460.0,47.1,No,Zone-A,4.7,1.15,3,Sorter-X,1120.67,2403.11,2.93,5994.42,69.33,0,0,Partial,92.29,2,68.26,10.65,3071.7,Good,Medium,Restore Cold Chain Immediately
BATCH-02409,2021-10-21,Morning,Potato,Root Vegetables,SUP-001,1786.46,5.46,46.08,1552.0,225.7,95.0,Yes,Zone-D,1.73,1.57,2,Washer-1,4446.41,2564.55,1.34,7244.68,84.91,0,0,Fulfilled,93.89,3,180.08,10.08,3241.44,Good,Medium,Prioritize Dispatch
BATCH-02410,2023-11-15,Morning,Mango,Fruits,SUP-012,798.92,6.76,60.55,947.8,94.7,69.4,Yes,Zone-C,4.44,2.42,5,Conveyor-A,4645.83,1304.85,1.81,3539.39,78.51,0,0,Fulfilled,97.73,2,65.51,8.2,3930.6,Good,Low,Monitor & Maintain
BATCH-02411,2020-05-02,Morning,Orange,Fruits,SUP-011,371.37,17.03,51.56,1084.5,292.4,95.3,Yes,Zone-B,8.27,1.7,1,Conveyor-B,4838.97,1129.08,5.12,6008.41,52.72,0,0,Delayed,,0,60.35,16.25,2112.25,Bad,Medium,Reduce Storage Temperature
BATCH-02412,2021-05-21,Night,Lemon,Citrus,SUP-004,1422.17,13.5,71.1,,98.2,44.6,Yes,Zone-B,6.02,1.22,6,Conveyor-A,3562.26,663.77,8.54,3487.46,85.45,0,0,Partial,67.83,3,173.36,12.19,5200.8,Good,Medium,Quality Re-inspection Required
BATCH-02413,2021-09-03,Afternoon,Strawberry,Berries,SUP-018,412.7,9.31,62.27,703.5,402.2,15.2,Yes,Zone-D,1.36,2.9,2,Washer-1,3969.57,241.86,1.46,6573.24,89.5,1,0,Partial,85.16,1,41.06,9.95,3284.8,Good,Low,Activate Backup Supplier
BATCH-02414,2020-01-25,Morning,Leafy Greens,Vegetables,SUP-004,1531.99,19.49,49.21,,153.0,70.4,Yes,Zone-D,3.66,0.95,1,Packer-Z,4261.03,2261.61,6.93,4200.56,99.12,1,0,Fulfilled,,2,226.58,14.79,3398.7,Good,Medium,Reduce Storage Temperature
BATCH-02415,2021-06-16,Afternoon,Orange,Fruits,SUP-017,1939.41,,62.99,434.2,157.5,75.1,Yes,Zone-C,9.81,,6,Washer-1,3465.15,313.81,8.02,4270.23,70.81,0,0,Partial,88.06,0,192.39,9.92,6733.65,Good,Low,Expedite Processing
BATCH-02416,2021-02-03,Morning,Pineapple,Fruits,SUP-002,1581.15,19.46,54.42,1228.3,435.0,82.2,Yes,Zone-C,5.67,5.9,3,Conveyor-A,1986.09,2839.54,3.13,6144.63,75.15,0,0,Fulfilled,75.05,1,245.24,15.51,11035.8,Bad,Medium,Reduce Storage Temperature
BATCH-02417,2022-01-08,Morning,Onion,Root Vegetables,SUP-002,142.65,5.54,75.61,1113.1,279.6,30.3,Yes,Zone-C,3.22,2.46,6,Sorter-X,1203.74,960.56,6.85,4542.75,93.74,0,0,Partial,86.94,0,6.48,4.54,142.56,Good,Low,Monitor & Maintain
BATCH-02418,2021-05-06,Night,Mango,Fruits,SUP-012,1239.78,18.28,,573.1,443.7,50.0,Yes,Zone-C,9.18,4.28,2,Sorter-X,1567.73,2403.31,7.02,3209.21,63.46,0,0,Fulfilled,58.17,3,203.08,16.38,12184.8,Bad,Medium,Reduce Storage Temperature
BATCH-02419,2022-11-26,Afternoon,Mango,Fruits,SUP-006,1421.28,2.25,51.62,,206.4,82.6,Yes,Zone-B,3.69,1.0,5,Sorter-X,4281.86,273.08,7.22,7444.07,59.46,0,0,Fulfilled,84.15,0,69.93,4.92,4195.8,Good,Low,Prioritize Dispatch
BATCH-02420,2022-01-14,Afternoon,Mango,Fruits,SUP-010,1668.37,11.82,60.73,1191.1,172.0,83.3,No,Zone-D,7.43,1.74,3,Sorter-X,3632.44,1655.21,8.96,5263.51,56.65,0,0,Delayed,55.35,1,347.86,20.85,20871.6,Bad,High,Restore Cold Chain Immediately
BATCH-02421,2020-07-08,Night,Onion,Root Vegetables,SUP-016,206.4,9.61,55.1,774.6,253.1,4.4,No,Zone-A,1.9,0.64,5,Sorter-X,2551.08,1112.39,4.29,5408.32,98.91,0,0,Fulfilled,57.09,0,29.31,14.2,644.82,Good,Medium,Restore Cold Chain Immediately
BATCH-02422,2022-12-31,Night,Leafy Greens,Vegetables,SUP-014,1012.2,11.45,80.81,718.9,30.7,65.1,Yes,Zone-D,1.99,4.34,1,Conveyor-B,632.32,187.0,2.82,5416.64,63.52,0,0,Partial,88.32,2,143.02,14.13,2145.3,Good,Medium,Monitor & Maintain
BATCH-02423,2020-05-24,Afternoon,Strawberry,Berries,SUP-007,1117.2,11.96,89.25,471.0,77.1,58.6,Yes,Zone-D,5.83,,5,Conveyor-B,1697.92,2001.82,5.67,6792.32,87.87,0,0,Fulfilled,76.02,3,125.91,11.27,10072.8,Good,Medium,Monitor & Maintain
BATCH-02424,2023-05-10,Morning,Orange,Fruits,SUP-019,421.34,9.0,46.15,1319.8,109.8,9.8,Yes,Zone-C,2.78,1.54,6,Packer-Z,3780.04,2835.17,1.09,2728.3,72.48,0,0,Partial,57.62,0,21.07,5.0,737.45,Good,Low,Quality Re-inspection Required
BATCH-02425,2023-09-21,Morning,Onion,Root Vegetables,SUP-017,712.65,19.97,76.05,1459.2,408.3,89.4,Yes,Zone-C,0.97,4.0,2,Sorter-X,2805.74,131.18,3.67,2003.67,,0,0,Fulfilled,76.2,0,135.47,19.01,2980.34,Bad,High,Reduce Storage Temperature
BATCH-02426,2021-04-15,Afternoon,Pineapple,Fruits,SUP-009,936.42,19.58,56.88,1383.8,366.9,43.9,Yes,Zone-B,9.3,,1,Conveyor-A,2459.9,884.27,8.89,3906.73,95.67,1,0,Fulfilled,57.76,1,161.25,17.22,7256.25,Bad,Medium,Reduce Storage Temperature
BATCH-02427,2023-09-14,Morning,Strawberry,Berries,SUP-013,1683.1,19.31,47.99,959.2,96.7,65.4,Yes,Zone-C,1.03,0.78,2,Conveyor-A,1911.56,2140.46,5.55,4942.1,73.19,0,0,Fulfilled,70.23,2,223.68,13.29,17894.4,Good,Medium,Reduce Storage Temperature
BATCH-02428,2023-03-03,Night,Pineapple,Fruits,SUP-005,1865.87,19.62,45.65,1040.7,138.4,85.0,Yes,Zone-B,7.32,0.18,6,Washer-1,3231.19,2626.64,4.65,3319.97,78.3,0,0,Delayed,61.92,2,304.32,16.31,13694.4,Bad,Medium,Reduce Storage Temperature
BATCH-02429,2023-09-08,Night,Strawberry,Berries,SUP-005,1294.0,16.27,84.65,690.7,472.1,14.2,Yes,Zone-D,3.66,0.35,1,Sorter-X,4848.73,653.26,3.02,5664.29,61.12,0,0,Fulfilled,64.65,2,146.74,11.34,11739.2,Good,Medium,Reduce Storage Temperature
BATCH-02430,2022-08-30,Night,Leafy Greens,Vegetables,SUP-010,850.4,19.79,,607.4,42.9,82.4,Yes,Zone-D,9.37,0.83,2,Conveyor-A,4555.06,305.08,2.88,2089.45,66.21,0,0,Fulfilled,63.61,2,137.85,16.21,2067.75,Bad,Medium,Reduce Storage Temperature
BATCH-02431,2020-12-10,Afternoon,Lemon,Citrus,SUP-010,582.66,18.06,89.75,1387.6,273.7,70.1,Yes,Zone-D,9.87,0.73,3,Packer-Z,637.24,125.06,2.75,6254.02,87.38,1,0,Partial,71.36,0,101.21,17.37,3036.3,Bad,Medium,Reduce Storage Temperature
BATCH-02432,2023-07-30,Afternoon,Pineapple,Fruits,SUP-007,1966.06,9.49,64.91,1358.0,261.0,80.9,Yes,Zone-B,3.69,0.08,2,Conveyor-A,2664.29,724.1,8.38,5832.08,67.15,0,0,Fulfilled,59.75,2,208.8,10.62,9396.0,Good,Medium,Prioritize Dispatch
BATCH-02433,2020-09-26,Afternoon,Onion,Root Vegetables,SUP-015,1967.74,16.13,53.44,1332.8,362.9,48.5,Yes,Zone-B,6.12,1.13,3,Packer-Z,1982.61,306.82,9.86,2903.02,75.3,0,0,Delayed,78.22,3,195.79,9.95,4307.38,Good,Low,Reduce Storage Temperature
BATCH-02434,2020-11-07,Morning,Strawberry,Berries,SUP-007,1857.46,18.42,79.97,956.0,130.7,5.1,Yes,Zone-B,7.84,,6,Sorter-X,2797.72,1142.21,5.58,3394.02,55.72,1,0,Fulfilled,72.91,2,249.09,13.41,19927.2,Good,Medium,Reduce Storage Temperature
BATCH-02435,2021-01-30,Afternoon,Mango,Fruits,SUP-015,1592.77,14.83,86.69,1437.4,467.4,65.0,No,Zone-C,1.67,0.5,4,Washer-1,3227.96,1376.36,1.26,6348.68,92.5,0,0,Fulfilled,91.95,1,229.2,14.39,13752.0,Good,Medium,Restore Cold Chain Immediately
BATCH-02436,2021-03-20,Afternoon,Potato,Root Vegetables,SUP-003,718.98,9.61,81.7,1511.5,205.3,37.2,No,Zone-A,7.24,,5,Washer-1,1400.13,1491.78,7.63,6153.09,86.88,0,1,Fulfilled,91.34,2,105.33,14.65,1895.94,Good,Medium,Restore Cold Chain Immediately
BATCH-02437,2022-01-21,Night,Mango,Fruits,SUP-019,1652.3,3.18,78.53,794.0,142.9,39.8,Yes,Zone-C,9.11,1.37,1,Conveyor-B,4017.06,512.75,8.83,6387.98,88.04,0,0,Delayed,91.27,1,63.45,3.84,3807.0,Good,Low,Monitor & Maintain
BATCH-02438,2022-11-07,Morning,Tomato,Vegetables,SUP-010,876.71,,60.06,669.6,168.4,43.5,No,Zone-A,2.2,0.93,5,Sorter-X,2637.81,1445.57,9.35,3532.23,58.91,0,0,Partial,75.66,3,158.51,18.08,3962.75,Bad,High,Restore Cold Chain Immediately
BATCH-02439,2023-09-14,Morning,Lemon,Citrus,SUP-015,720.87,19.15,47.9,957.1,174.4,48.3,Yes,Zone-C,8.47,0.41,6,Conveyor-A,4964.03,126.25,6.47,7293.21,74.76,0,0,Partial,67.79,2,95.73,13.28,2871.9,Good,Medium,Reduce Storage Temperature
BATCH-02440,2020-05-09,Night,Lemon,Citrus,SUP-003,1515.24,8.52,54.06,615.2,99.5,64.2,Yes,Zone-D,1.6,4.02,3,Washer-1,613.07,794.32,5.32,5816.12,51.38,0,1,Partial,73.28,3,188.19,12.42,5645.7,Good,Medium,Monitor & Maintain
BATCH-02441,2023-10-25,Morning,Mango,Fruits,SUP-006,251.34,4.73,65.11,1460.8,464.0,70.3,Yes,Zone-B,5.9,4.68,3,Packer-Z,1353.74,1170.35,6.4,2038.82,65.75,0,0,Delayed,85.24,0,17.47,6.95,1048.2,Good,Low,Monitor & Maintain
BATCH-02442,2023-09-07,Afternoon,Orange,Fruits,SUP-012,192.27,7.88,88.03,805.6,87.4,75.0,Yes,Zone-C,3.72,1.46,3,Packer-Z,3603.33,443.22,0.62,4435.64,67.4,0,0,Delayed,78.31,2,17.67,9.19,618.45,Good,Low,Prioritize Dispatch
BATCH-02443,2020-03-19,Morning,Leafy Greens,Vegetables,SUP-015,951.11,12.49,77.53,1091.4,441.4,65.1,Yes,Zone-B,4.98,5.08,2,Conveyor-A,3628.31,2460.61,6.73,5521.02,95.68,1,0,Delayed,82.47,3,142.19,14.95,2132.85,Good,Medium,Expedite Processing
BATCH-02444,2021-06-10,Night,Pineapple,Fruits,SUP-006,946.71,7.7,82.27,1113.7,202.5,77.5,Yes,Zone-C,3.36,,5,Conveyor-A,3119.85,683.52,7.24,2639.86,99.64,0,0,Fulfilled,85.52,3,92.68,9.79,4170.6,Good,Low,Prioritize Dispatch
BATCH-02445,2023-04-02,Morning,Onion,Root Vegetables,SUP-013,1801.72,12.99,57.48,1018.0,134.6,13.5,Yes,Zone-D,2.98,0.23,3,Sorter-X,4873.82,2289.18,7.36,6899.28,80.89,0,0,Fulfilled,95.41,1,90.63,5.03,1993.86,Good,Low,Monitor & Maintain
BATCH-02446,2022-06-11,Night,Lemon,Citrus,SUP-019,339.69,19.4,75.77,587.8,99.3,80.7,Yes,Zone-B,7.56,0.03,4,Conveyor-A,2368.92,1474.29,5.85,6041.37,75.84,0,0,Fulfilled,96.53,3,39.95,11.76,1198.5,Good,Medium,Reduce Storage Temperature
BATCH-02447,2023-02-11,Afternoon,Mango,Fruits,SUP-003,334.24,14.07,83.81,1589.2,252.2,38.4,No,Zone-D,2.62,0.27,6,Conveyor-A,2376.67,1491.25,7.15,2133.12,72.0,0,0,Delayed,,3,42.68,12.77,2560.8,Good,Medium,Restore Cold Chain Immediately
BATCH-02448,2022-11-15,Afternoon,Mango,Fruits,SUP-008,380.16,8.53,66.57,,334.6,51.7,Yes,Zone-A,4.38,1.95,3,Conveyor-A,4597.14,1971.06,6.57,6965.68,50.91,0,0,Delayed,57.86,2,41.4,10.89,2484.0,Good,Medium,Quality Re-inspection Required
BATCH-02449,2021-12-26,Night,Leafy Greens,Vegetables,SUP-008,156.5,18.84,64.35,1301.8,449.1,42.8,No,Zone-B,3.11,0.77,5,Washer-1,2922.99,228.41,1.6,4009.39,90.01,0,0,Partial,98.09,0,25.21,16.11,378.15,Bad,Medium,Restore Cold Chain Immediately
BATCH-02450,2020-03-01,Afternoon,Leafy Greens,Vegetables,SUP-020,236.29,12.18,77.37,1349.6,326.2,46.7,Yes,Zone-C,2.77,2.09,3,Sorter-X,2091.77,328.4,9.03,4288.85,83.59,0,0,Fulfilled,85.96,3,22.05,9.33,330.75,Good,Low,Monitor & Maintain
BATCH-02451,2022-05-03,Afternoon,Banana,Fruits,SUP-015,1353.75,4.31,70.2,574.2,241.8,28.8,No,Zone-B,6.46,1.42,3,Conveyor-A,3735.22,1047.85,6.42,6209.86,82.46,0,0,Fulfilled,85.51,3,134.97,9.97,2699.4,Good,Low,Restore Cold Chain Immediately
BATCH-02452,2020-03-11,Morning,Banana,Fruits,SUP-004,920.01,10.98,89.69,1519.8,16.7,18.0,No,Zone-A,0.93,0.81,1,Conveyor-A,3288.52,1308.79,7.41,5401.63,90.45,1,0,Partial,56.02,1,162.84,17.7,3256.8,Bad,Medium,Restore Cold Chain Immediately
BATCH-02453,2022-05-31,Afternoon,Orange,Fruits,SUP-019,1550.85,13.77,64.13,985.3,457.7,11.9,Yes,Zone-A,7.99,0.49,3,Packer-Z,,1346.83,3.76,4202.04,96.4,1,0,Fulfilled,76.09,0,160.98,10.38,5634.3,Good,Medium,Activate Backup Supplier
BATCH-02454,2023-03-14,Night,Orange,Fruits,SUP-003,1985.94,17.09,52.92,1154.7,451.2,44.4,Yes,Zone-C,5.69,0.17,5,Washer-1,1840.68,2062.97,9.23,3168.42,69.48,0,1,Partial,82.57,3,275.05,13.85,9626.75,Good,Medium,Reduce Storage Temperature
BATCH-02455,2022-05-04,Afternoon,Tomato,Vegetables,SUP-013,1352.17,18.86,66.24,1170.6,189.4,13.8,Yes,Zone-D,8.37,3.05,6,Conveyor-A,2280.26,102.04,5.27,4663.16,71.32,0,0,Fulfilled,67.25,2,169.7,12.55,4242.5,Good,Medium,Reduce Storage Temperature
BATCH-02456,2023-12-26,Morning,Orange,Fruits,SUP-008,195.87,7.71,55.58,1005.9,14.5,25.0,No,Zone-B,2.52,3.42,1,Washer-1,822.29,2881.4,6.95,5025.03,98.76,0,0,Fulfilled,58.66,2,33.96,17.34,1188.6,Bad,Medium,Restore Cold Chain Immediately
BATCH-02457,2021-10-27,Night,Strawberry,Berries,SUP-016,298.67,4.8,70.26,570.4,366.7,14.6,Yes,Zone-D,7.24,1.56,1,Sorter-X,4741.78,606.01,9.55,5325.72,83.22,0,0,Delayed,78.43,1,12.66,4.24,1012.8,Good,Low,Monitor & Maintain
BATCH-02458,2022-12-29,Afternoon,Leafy Greens,Vegetables,SUP-013,1773.91,3.33,50.66,1302.1,395.8,12.3,Yes,Zone-D,4.5,30.398054997345447,3,Sorter-X,1323.59,821.03,9.2,5175.42,92.57,0,0,Fulfilled,74.64,0,108.39,6.11,1625.85,Good,Low,Monitor & Maintain
BATCH-02459,2022-09-01,Afternoon,Onion,Root Vegetables,SUP-003,1102.24,15.29,87.75,1098.1,271.2,85.0,Yes,Zone-C,1.23,,3,Conveyor-B,1372.21,2726.32,6.63,5246.53,61.08,1,0,Delayed,56.94,0,196.86,17.86,4330.92,Bad,Medium,Reduce Storage Temperature
BATCH-02460,2023-12-18,Afternoon,Strawberry,Berries,SUP-016,1667.19,16.31,83.69,542.4,201.4,65.4,No,Zone-B,7.65,6.21,4,Packer-Z,3411.67,115.93,2.07,4424.04,,1,0,Fulfilled,77.85,3,411.3,24.67,32904.0,Bad,High,Restore Cold Chain Immediately
BATCH-02461,2022-11-07,Night,Pineapple,Fruits,SUP-009,1727.56,,52.0,1240.4,425.6,88.8,Yes,Zone-A,7.74,0.51,5,Conveyor-B,3759.11,2974.79,9.53,4924.57,69.58,0,0,Fulfilled,59.74,1,201.95,11.69,9087.75,Good,Medium,Prioritize Dispatch
BATCH-02462,2020-08-27,Morning,Mango,Fruits,SUP-014,1862.58,9.13,52.76,1243.3,96.3,62.5,Yes,Zone-C,3.07,0.12,6,Washer-1,3815.76,204.28,9.85,3336.99,65.85,0,0,Delayed,73.68,2,189.8,10.19,11388.0,Good,Medium,Monitor & Maintain
BATCH-02463,2023-10-27,Night,Orange,Fruits,SUP-013,1904.68,19.18,68.06,1058.2,219.8,81.3,Yes,Zone-D,9.2,1.6,5,Packer-Z,2187.84,449.58,1.48,2580.16,94.21,0,0,Partial,,3,244.56,12.84,8559.6,Good,Medium,Reduce Storage Temperature
BATCH-02464,2022-09-01,Night,Mango,Fruits,SUP-007,1154.17,18.5,79.78,,12.2,54.2,Yes,Zone-A,7.76,0.61,2,Conveyor-A,4429.98,796.31,4.78,5186.3,75.58,0,0,Delayed,97.7,2,107.34,9.3,6440.4,Good,Low,Reduce Storage Temperature
BATCH-02465,2020-03-27,Morning,Lemon,Citrus,SUP-015,747.94,6.2,54.86,,82.0,45.5,Yes,Zone-D,3.41,6.31,6,Packer-Z,2948.0,1372.29,5.71,1933.06,97.68,1,0,Partial,56.53,0,94.46,12.63,2833.8,Good,Medium,Expedite Processing
BATCH-02466,2022-08-18,Night,Tomato,Vegetables,SUP-007,1927.54,16.05,47.74,461.1,470.4,51.7,Yes,Zone-B,2.77,1.71,2,Packer-Z,2473.64,1603.51,1.37,2038.85,,0,0,Partial,,1,290.09,15.05,7252.25,Bad,Medium,Reduce Storage Temperature
BATCH-02467,2023-07-13,Night,Lemon,Citrus,SUP-006,1140.07,13.21,69.55,973.1,289.0,32.1,Yes,Zone-D,4.68,6.75,5,Sorter-X,4146.74,403.68,2.3,3096.91,51.86,0,0,Delayed,,0,167.36,14.68,5020.8,Good,Medium,Expedite Processing
BATCH-02468,2022-04-22,Afternoon,Tomato,Vegetables,SUP-002,222.08,38.065815741703524,76.12,,402.8,63.8,Yes,Zone-A,3.28,3.08,3,Conveyor-B,1596.03,313.65,5.61,2789.04,56.9,0,0,Fulfilled,69.05,2,21.32,9.6,533.0,Good,Low,Quality Re-inspection Required
BATCH-02469,2021-05-31,Night,Banana,Fruits,SUP-009,1321.28,8.42,56.0,402.7,243.3,86.3,Yes,Zone-B,2.56,2.57,1,Sorter-X,4370.83,192.39,9.65,3833.6,60.85,0,0,Fulfilled,63.09,2,157.63,11.93,3152.6,Good,Medium,Prioritize Dispatch
BATCH-02470,2023-04-13,Afternoon,Mango,Fruits,SUP-017,1216.6,5.19,78.29,720.0,417.4,75.5,Yes,Zone-C,4.29,3.55,4,Sorter-X,2924.73,844.58,0.76,3817.19,82.0,0,0,Fulfilled,98.79,0,82.61,6.79,4956.6,Good,Low,Prioritize Dispatch
BATCH-02471,2023-02-16,Night,Tomato,Vegetables,SUP-005,1802.01,7.31,87.78,1359.8,269.5,45.4,Yes,Zone-D,0.74,1.86,3,Conveyor-B,4550.26,2772.45,9.17,2338.93,,0,0,Delayed,56.42,2,160.56,8.91,4014.0,Good,Low,Quality Re-inspection Required
BATCH-02472,2022-03-05,Afternoon,Potato,Root Vegetables,SUP-012,1341.06,13.08,51.17,411.8,2.3,91.7,Yes,Zone-B,4.31,0.02,6,Sorter-X,1407.26,1230.54,9.04,3092.18,69.07,0,0,Partial,78.82,3,181.85,13.56,3273.3,Good,Medium,Prioritize Dispatch
BATCH-02473,2020-08-13,Afternoon,Strawberry,Berries,SUP-001,763.2,,68.0,412.2,449.8,94.6,Yes,Zone-B,2.61,1.0,6,Packer-Z,4712.28,2315.62,8.64,1686.55,89.77,1,1,Fulfilled,81.75,3,122.65,16.07,9812.0,Bad,Medium,Prioritize Dispatch
BATCH-02474,2021-01-01,Afternoon,Tomato,Vegetables,SUP-010,1935.83,9.09,,1133.0,74.3,48.4,Yes,Zone-C,3.01,0.49,1,Washer-1,3595.45,651.55,4.09,3699.1,56.24,0,0,Fulfilled,,2,1095.6819555754803,8.7,4210.5,Good,Low,Monitor & Maintain
BATCH-02475,2022-12-14,Morning,Tomato,Vegetables,SUP-011,1623.08,11.71,54.3,1347.0,225.3,83.3,Yes,Zone-C,1.28,1.14,6,Conveyor-A,3282.48,287.57,5.16,6287.29,54.02,1,0,Fulfilled,82.54,3,249.47,15.37,6236.75,Bad,Medium,Prioritize Dispatch
BATCH-02476,2023-03-22,Night,Strawberry,Berries,SUP-016,1297.79,,49.04,1331.8,238.3,2.4,Yes,Zone-A,6.09,1.27,5,Conveyor-A,2399.3,1707.41,4.33,3206.39,77.0,1,0,Delayed,65.18,3,104.73,8.07,8378.4,Good,Low,Activate Backup Supplier
BATCH-02477,2021-02-11,Night,Mango,Fruits,SUP-014,656.56,15.3,63.18,1335.5,23.6,8.3,Yes,Zone-B,4.98,0.27,6,Sorter-X,4803.42,2484.07,9.5,5397.85,,0,0,Delayed,81.31,3,46.09,7.02,2765.4,Good,Low,Reduce Storage Temperature
BATCH-02478,2021-06-21,Night,Mango,Fruits,SUP-008,809.73,9.23,81.94,833.2,26.5,4.1,Yes,Zone-B,7.63,0.05,3,Conveyor-B,2497.64,2705.53,5.45,2230.86,95.55,0,0,Delayed,97.9,3,20.24,2.5,1214.4,Good,Low,Monitor & Maintain
BATCH-02479,2020-04-23,Morning,Strawberry,Berries,SUP-017,1372.94,10.65,70.97,,381.3,74.7,Yes,Zone-A,9.88,0.3,6,Packer-Z,2743.44,1683.99,1.27,1731.37,83.1,0,0,Partial,92.33,1,130.57,9.51,10445.6,Good,Low,Prioritize Dispatch
BATCH-02480,2022-11-07,Afternoon,Lemon,Citrus,SUP-018,236.76,19.54,55.02,415.4,150.2,9.5,No,Zone-D,1.64,3.9,4,Sorter-X,4016.74,952.69,3.1,4555.68,97.31,0,0,Fulfilled,74.95,1,44.39,18.75,1331.7,Bad,High,Restore Cold Chain Immediately
BATCH-02481,2020-01-06,Night,Potato,Root Vegetables,SUP-012,587.69,8.2,46.8,774.6,204.8,3.6,Yes,Zone-B,3.09,2.82,6,Packer-Z,1781.79,417.58,4.89,4341.22,62.23,1,1,Partial,76.01,1,64.35,10.95,1158.3,Good,Medium,Activate Backup Supplier
BATCH-02482,2020-03-08,Morning,Onion,Root Vegetables,SUP-017,1456.41,13.67,69.9,804.6,282.1,15.9,Yes,Zone-B,6.98,3.21,2,Packer-Z,1811.73,2036.69,9.56,2772.73,67.09,1,0,Fulfilled,60.85,2,175.93,12.08,3870.46,Good,Medium,Activate Backup Supplier
BATCH-02483,2020-01-07,Morning,Pineapple,Fruits,SUP-014,1012.04,9.07,50.98,598.7,186.7,30.8,Yes,Zone-D,2.75,0.65,1,Conveyor-A,3988.84,913.27,5.91,3325.06,91.97,0,0,Partial,,3,75.19,7.43,3383.55,Good,Low,Monitor & Maintain
BATCH-02484,2022-07-31,Night,Potato,Root Vegetables,SUP-016,864.55,18.1,60.42,803.5,387.5,45.7,Yes,Zone-C,0.79,0.54,3,Washer-1,,2547.49,7.11,1838.2,90.55,0,0,Fulfilled,67.33,1,123.37,14.27,2220.66,Good,Medium,Reduce Storage Temperature
BATCH-02485,2021-09-01,Afternoon,Mango,Fruits,SUP-014,387.77,17.24,,1103.1,442.2,8.1,Yes,Zone-C,1.54,0.08,4,Washer-1,4203.34,1854.85,1.34,6295.22,83.24,1,0,Fulfilled,59.76,0,47.42,12.23,2845.2,Good,Medium,Reduce Storage Temperature
BATCH-02486,2021-03-10,Morning,Onion,Root Vegetables,SUP-009,939.51,6.35,85.67,1024.3,29.9,48.9,No,Zone-C,4.62,1.28,3,Conveyor-B,3313.29,2590.75,8.83,3410.45,75.3,0,0,Fulfilled,,3,124.11,13.21,2730.42,Good,Medium,Restore Cold Chain Immediately
BATCH-02487,2023-08-25,Night,Banana,Fruits,SUP-004,1564.31,14.45,48.68,783.3,317.7,25.3,Yes,Zone-A,4.59,,5,Washer-1,2925.88,1743.29,5.62,2935.04,50.89,1,0,Delayed,56.98,2,201.8,12.9,4036.0,Good,Medium,Reduce Storage Temperature
BATCH-02488,2020-10-08,Afternoon,Orange,Fruits,SUP-011,601.62,3.17,75.09,1299.2,158.8,27.8,Yes,Zone-D,9.74,3.61,1,Sorter-X,1530.99,2338.05,9.25,6335.06,64.02,0,0,Fulfilled,60.29,3,52.16,8.67,1825.6,Good,Low,Quality Re-inspection Required
BATCH-02489,2021-07-22,Morning,Tomato,Vegetables,SUP-006,110.26,19.34,45.63,1257.7,291.6,79.3,Yes,Zone-C,4.93,2.29,5,Conveyor-A,4038.66,953.48,4.73,1888.18,57.92,1,0,Partial,,0,25.05,22.72,626.25,Bad,High,Reduce Storage Temperature
BATCH-02490,2023-10-04,Morning,Strawberry,Berries,SUP-015,1370.16,8.28,73.35,,242.0,94.8,Yes,Zone-A,6.94,0.31,6,Conveyor-A,4122.29,1558.87,6.99,3313.09,52.56,0,0,Fulfilled,98.59,2,149.9,10.94,11992.0,Good,Medium,Prioritize Dispatch
BATCH-02491,2021-09-15,Night,Strawberry,Berries,SUP-005,1947.99,16.97,69.82,787.9,166.8,45.6,Yes,Zone-D,5.18,8.71,5,Packer-Z,2673.24,156.28,4.97,3186.59,88.8,0,0,Fulfilled,90.57,0,223.04,11.45,17843.2,Good,Medium,Reduce Storage Temperature
BATCH-02492,2022-03-20,Night,Tomato,Vegetables,SUP-011,1252.97,7.73,81.53,745.0,47.4,32.2,No,Zone-C,3.06,2.94,6,Sorter-X,2251.26,1862.71,1.85,3187.87,56.57,0,0,Delayed,78.84,1,177.17,14.14,4429.25,Good,Medium,Restore Cold Chain Immediately
BATCH-02493,2020-04-27,Afternoon,Orange,Fruits,SUP-018,327.85,13.39,68.92,554.6,279.7,89.6,Yes,Zone-B,1.5,2.55,2,Sorter-X,1607.73,1647.84,3.08,1726.79,67.87,1,1,Fulfilled,65.23,3,67.54,20.6,2363.9,Bad,High,Prioritize Dispatch
BATCH-02494,2023-02-27,Night,Pineapple,Fruits,SUP-013,709.39,19.7,60.87,1303.3,56.4,49.0,Yes,Zone-B,8.66,0.49,5,Packer-Z,3894.05,2290.32,1.14,7090.44,98.87,0,0,Fulfilled,77.83,2,111.37,15.7,5011.65,Bad,Medium,Reduce Storage Temperature
BATCH-02495,2021-09-09,Night,Orange,Fruits,SUP-011,1748.52,17.78,55.92,455.5,78.1,70.7,Yes,Zone-C,1.95,4.71,4,Packer-Z,3377.53,2213.97,4.68,6680.68,,0,0,Fulfilled,83.56,2,243.22,13.91,8512.7,Good,Medium,Reduce Storage Temperature
BATCH-02496,2023-03-14,Afternoon,Onion,Root Vegetables,SUP-014,541.88,4.89,48.84,580.7,491.1,40.9,No,Zone-C,1.42,1.28,1,Conveyor-A,1429.84,1920.09,6.67,4068.2,57.08,0,0,Partial,55.2,0,76.68,14.15,1686.96,Good,Medium,Restore Cold Chain Immediately
BATCH-02497,2021-01-05,Night,Orange,Fruits,SUP-018,1254.62,11.85,69.06,526.4,158.4,21.0,Yes,Zone-A,2.53,0.71,2,Sorter-X,4075.11,264.39,2.82,4247.98,84.49,1,0,Fulfilled,98.47,2,92.09,7.34,3223.15,Good,Low,Activate Backup Supplier
BATCH-02498,2021-09-08,Afternoon,Onion,Root Vegetables,SUP-019,865.08,8.27,84.97,1390.4,292.2,63.6,Yes,Zone-B,0.52,2.13,3,Washer-1,4469.92,2718.73,5.16,4705.34,90.5,0,0,Fulfilled,82.58,0,61.77,7.14,1358.94,Good,Low,Monitor & Maintain
BATCH-02499,2023-02-22,Afternoon,Orange,Fruits,SUP-015,494.9,9.82,68.16,452.8,136.1,64.5,Yes,Zone-D,1.18,0.48,5,Washer-1,766.61,152.26,4.86,4439.02,63.96,0,0,Partial,98.48,1,39.3,7.94,1375.5,Good,Low,Monitor & Maintain
BATCH-02500,2023-11-22,Afternoon,Pineapple,Fruits,SUP-009,1645.47,8.03,78.26,1197.6,432.8,45.3,Yes,Zone-C,6.53,4.76,3,Conveyor-A,3975.89,2429.48,5.57,6186.77,90.47,0,0,Delayed,,0,193.84,11.78,8722.8,Good,Medium,Monitor & Maintain
BATCH-02501,2020-03-28,Night,Pineapple,Fruits,SUP-008,1511.38,,58.43,453.4,141.7,27.4,Yes,Zone-D,2.81,3.85,2,Washer-1,4337.61,1490.1,2.25,4497.72,63.58,0,0,Fulfilled,82.43,0,114.11,7.55,5134.95,Good,Low,Monitor & Maintain
BATCH-02502,2023-04-01,Afternoon,Mango,Fruits,SUP-020,1357.02,11.77,65.17,1343.7,183.4,80.2,No,Zone-C,3.72,1.25,3,Washer-1,,2472.18,5.57,2757.07,84.66,0,0,Partial,75.3,2,245.89,18.12,14753.4,Bad,High,Restore Cold Chain Immediately
BATCH-02503,2021-03-15,Night,Tomato,Vegetables,SUP-001,549.04,5.46,59.61,1495.3,304.2,27.9,Yes,Zone-B,8.44,0.42,4,Sorter-X,1569.21,1448.7,3.96,2339.61,56.24,0,0,Partial,55.42,1,30.25,5.51,756.25,Good,Low,Quality Re-inspection Required
BATCH-02504,2022-03-15,Afternoon,Pineapple,Fruits,SUP-004,285.93,,,984.2,435.0,63.9,Yes,Zone-C,7.84,1.37,2,Sorter-X,2169.51,1976.12,3.22,6995.16,71.39,1,0,Fulfilled,92.4,1,36.4,12.73,1638.0,Good,Medium,Activate Backup Supplier
BATCH-02505,2021-02-27,Night,Onion,Root Vegetables,SUP-014,1194.7,7.02,,1365.5,408.1,38.1,Yes,Zone-D,5.18,,1,Conveyor-B,,1153.47,6.07,1941.1,76.02,0,0,Partial,74.76,1,73.47,6.15,1616.34,Good,Low,Monitor & Maintain
BATCH-02506,2022-06-14,Afternoon,Pineapple,Fruits,SUP-002,1151.99,7.2,79.39,1247.7,131.9,46.4,Yes,Zone-B,6.32,0.63,1,Sorter-X,923.07,2256.67,1.91,6874.83,86.26,0,0,Fulfilled,75.72,1,79.95,6.94,3597.75,Good,Low,Monitor & Maintain
BATCH-02507,2021-05-31,Morning,Mango,Fruits,SUP-016,457.93,15.3,62.77,1354.8,414.8,21.9,Yes,Zone-C,1.32,1.32,1,Conveyor-B,2856.69,837.11,9.06,5671.68,82.5,0,0,Delayed,70.84,2,59.35,12.96,3561.0,Good,Medium,Reduce Storage Temperature
BATCH-02508,2021-05-02,Morning,Strawberry,Berries,SUP-003,206.87,2.53,74.26,1320.1,350.6,63.1,No,Zone-B,7.74,,1,Sorter-X,,2186.13,9.38,4011.33,92.67,0,0,Fulfilled,74.04,2,24.49,11.84,1959.2,Good,Medium,Restore Cold Chain Immediately
BATCH-02509,2020-02-25,Morning,Onion,Root Vegetables,SUP-008,253.35,8.86,79.14,646.4,494.9,23.2,No,Zone-A,5.4,2.9,2,Packer-Z,3229.46,660.81,6.78,2747.51,59.21,0,0,Partial,86.92,2,31.19,12.31,686.18,Good,Medium,Restore Cold Chain Immediately
BATCH-02510,2020-08-02,Afternoon,Mango,Fruits,SUP-006,1986.26,9.34,59.52,999.5,467.7,47.7,Yes,Zone-D,5.92,0.44,2,Sorter-X,1988.57,2194.29,3.38,3463.9,83.06,1,0,Fulfilled,,1,218.69,11.01,13121.4,Good,Medium,Activate Backup Supplier
BATCH-02511,2023-08-31,Night,Lemon,Citrus,SUP-016,1588.81,10.73,80.89,1552.5,266.6,32.9,No,Zone-C,6.82,4.03,6,Conveyor-B,4666.63,951.65,6.45,4738.57,56.39,0,0,Delayed,90.57,0,144.42,9.09,4332.6,Good,Low,Restore Cold Chain Immediately
BATCH-02512,2023-12-28,Afternoon,Lemon,Citrus,SUP-016,1851.78,14.04,60.25,812.2,375.0,92.6,Yes,Zone-C,5.25,0.05,2,Washer-1,1715.28,908.03,6.21,5476.3,73.9,0,0,Fulfilled,97.89,1,188.51,10.18,5655.3,Good,Medium,Reduce Storage Temperature
BATCH-02513,2023-02-13,Afternoon,Banana,Fruits,SUP-007,470.6,8.65,56.52,1564.6,285.1,94.3,Yes,Zone-C,5.46,1.52,5,Sorter-X,3423.63,2453.33,4.22,5677.45,76.23,0,0,Delayed,72.21,1,43.48,9.24,869.6,Good,Low,Prioritize Dispatch
BATCH-02514,2021-02-22,Afternoon,Orange,Fruits,SUP-013,1925.08,5.84,55.01,1099.8,297.5,72.8,No,Zone-D,5.25,3.0,6,Washer-1,2731.67,2459.71,3.23,4258.78,51.36,0,0,Delayed,69.91,1,294.73,15.31,10315.55,Bad,Medium,Restore Cold Chain Immediately
BATCH-02515,2021-08-10,Afternoon,Tomato,Vegetables,SUP-013,371.04,17.93,,953.9,50.8,94.5,Yes,Zone-A,5.22,0.54,2,Washer-1,1700.03,2105.07,2.1,3832.79,53.52,1,0,Fulfilled,76.72,0,78.4,21.13,1960.0,Bad,High,Reduce Storage Temperature
BATCH-02516,2022-12-15,Night,Leafy Greens,Vegetables,SUP-005,1067.26,19.66,78.17,1189.3,1.1,12.7,No,Zone-D,7.63,2.46,2,Sorter-X,1349.84,2779.34,2.57,6123.92,91.96,0,1,Delayed,61.79,3,179.94,16.86,2699.1,Bad,Medium,Restore Cold Chain Immediately
BATCH-02517,2023-11-15,Afternoon,Potato,Root Vegetables,SUP-020,1676.42,2.36,84.94,1379.0,24.1,95.3,Yes,Zone-C,4.56,2.55,2,Sorter-X,4804.53,552.96,6.7,7036.65,64.34,0,0,Partial,88.35,0,95.05,5.67,1710.9,Good,Low,Prioritize Dispatch
BATCH-02518,2021-10-26,Morning,Mango,Fruits,SUP-018,764.63,11.84,55.38,873.0,483.3,11.7,No,Zone-D,0.53,2.03,1,Packer-Z,3025.81,881.03,8.92,6973.04,67.31,0,0,Fulfilled,80.57,3,119.82,15.67,7189.2,Bad,Medium,Restore Cold Chain Immediately
BATCH-02519,2023-04-26,Morning,Strawberry,Berries,SUP-015,907.17,8.15,48.84,439.5,63.1,41.1,No,Zone-C,6.31,0.91,4,Conveyor-B,3218.86,952.64,4.16,4864.92,82.02,1,0,Fulfilled,64.3,2,159.66,17.6,12772.8,Bad,Medium,Restore Cold Chain Immediately
BATCH-02520,2023-11-24,Morning,Potato,Root Vegetables,SUP-018,343.55,,59.12,1250.6,22.2,24.5,Yes,Zone-D,9.55,3.07,1,Sorter-X,4023.03,985.33,1.66,2119.11,61.04,0,0,Delayed,,3,21.51,6.26,387.18,Good,Low,Monitor & Maintain
BATCH-02521,2023-06-29,Afternoon,Strawberry,Berries,SUP-002,333.55,,74.6,1547.4,154.8,91.7,No,Zone-B,2.94,1.98,6,Washer-1,865.52,1051.29,0.62,2085.81,59.64,1,0,Fulfilled,82.24,1,66.48,19.93,5318.4,Bad,High,Restore Cold Chain Immediately
BATCH-02522,2020-11-27,Night,Potato,Root Vegetables,SUP-010,1277.18,13.5,61.58,1150.0,294.1,61.8,No,Zone-D,8.25,1.79,4,Washer-1,3711.94,2121.33,4.36,4000.01,71.08,0,0,Fulfilled,56.5,1,252.24,19.75,4540.32,Bad,High,Restore Cold Chain Immediately
BATCH-02523,2020-01-12,Night,Mango,Fruits,SUP-013,1383.51,5.43,69.71,,474.2,58.1,Yes,Zone-C,4.83,3.42,4,Sorter-X,1243.13,885.2,2.71,5917.88,52.95,0,0,Delayed,,3,127.84,9.24,7670.4,Good,Low,Quality Re-inspection Required
BATCH-02524,2021-12-19,Night,Leafy Greens,Vegetables,SUP-018,1576.93,18.43,78.49,697.9,349.9,95.8,Yes,Zone-C,6.61,0.56,4,Conveyor-B,3832.16,929.17,3.56,4549.57,,0,1,Delayed,94.21,1,175.99,11.16,2639.85,Good,Medium,Reduce Storage Temperature
BATCH-02525,2022-02-14,Afternoon,Potato,Root Vegetables,SUP-015,1157.7,10.39,63.38,1491.7,138.2,59.6,No,Zone-D,8.96,0.53,6,Washer-1,1135.98,1754.2,2.8,5304.97,97.01,0,0,Fulfilled,71.77,3,186.85,16.14,3363.3,Bad,Medium,Restore Cold Chain Immediately
BATCH-02526,2020-10-20,Night,Mango,Fruits,SUP-012,1326.94,7.86,,416.3,469.5,62.7,No,Zone-D,7.82,0.98,6,Packer-Z,4246.22,660.74,6.81,6559.68,72.41,0,0,Fulfilled,98.31,1,195.19,14.71,11711.4,Good,Medium,Restore Cold Chain Immediately
BATCH-02527,2021-02-19,Morning,Pineapple,Fruits,SUP-015,125.68,15.78,58.41,1058.5,18.0,6.2,Yes,Zone-B,8.9,0.15,1,Washer-1,3564.57,1158.17,6.57,1894.35,60.46,0,0,Delayed,78.31,2,12.57,10.0,565.65,Good,Medium,Reduce Storage Temperature
BATCH-02528,2023-01-22,Night,Leafy Greens,Vegetables,SUP-013,408.12,2.29,89.02,590.4,489.5,82.8,Yes,Zone-A,0.59,0.82,5,Conveyor-B,2236.51,268.03,9.17,7027.37,73.53,0,0,Delayed,64.15,0,253.36936546516938,9.69,593.25,Good,Low,Prioritize Dispatch
BATCH-02529,2021-11-17,Afternoon,Onion,Root Vegetables,SUP-018,1971.34,9.77,54.14,739.3,29.3,93.2,No,Zone-A,2.28,1.04,3,Conveyor-A,2114.75,2862.39,7.15,3582.51,55.0,0,1,Partial,81.13,2,378.69,19.21,8331.18,Bad,High,Restore Cold Chain Immediately
BATCH-02530,2021-04-08,Afternoon,Strawberry,Berries,SUP-015,244.39,8.4,49.99,768.4,376.9,92.3,Yes,Zone-B,4.52,,5,Packer-Z,1170.26,1020.19,2.07,1931.83,,1,0,Fulfilled,59.5,2,39.08,15.99,3126.4,Bad,Medium,Prioritize Dispatch
BATCH-02531,2022-06-28,Night,Lemon,Citrus,SUP-011,1389.7,8.09,78.79,,22.6,22.8,No,Zone-A,8.55,0.59,1,Packer-Z,4568.24,2565.12,7.64,6513.84,53.68,0,0,Partial,90.53,3,173.57,12.49,5207.1,Good,Medium,Restore Cold Chain Immediately
BATCH-02532,2022-08-11,Afternoon,Orange,Fruits,SUP-019,434.56,8.07,76.6,1350.8,465.8,23.2,Yes,Zone-A,8.46,4.75,4,Conveyor-A,1033.38,1636.84,2.22,7087.43,85.31,0,0,Partial,82.62,2,23.03,5.3,806.05,Good,Low,Monitor & Maintain
BATCH-02533,2023-01-28,Night,Lemon,Citrus,SUP-003,1461.77,2.56,81.5,798.7,54.3,36.4,Yes,Zone-C,2.26,0.67,3,Packer-Z,2624.35,761.82,5.81,6125.69,63.79,0,0,Fulfilled,97.41,0,83.76,5.73,2512.8,Good,Low,Monitor & Maintain
BATCH-02534,2020-08-16,Night,Leafy Greens,Vegetables,SUP-007,1441.38,4.74,60.46,814.6,25.2,31.2,Yes,Zone-C,1.85,,5,Packer-Z,1564.33,660.94,1.23,6334.23,76.03,0,0,Partial,85.36,3,108.25,7.51,1623.75,Good,Low,Monitor & Maintain
BATCH-02535,2022-12-18,Morning,Onion,Root Vegetables,SUP-014,544.98,4.55,86.89,943.6,444.6,30.7,No,Zone-C,8.43,1.18,6,Packer-Z,4983.47,2115.39,0.95,6722.3,50.68,0,0,Fulfilled,57.16,2,87.8,16.11,1931.6,Bad,Medium,Restore Cold Chain Immediately
BATCH-02536,2022-05-25,Afternoon,Strawberry,Berries,SUP-014,612.31,19.79,50.38,1482.8,47.9,58.9,Yes,Zone-D,5.64,2.53,6,Washer-1,3136.3,2898.12,4.91,4694.93,76.23,0,1,Partial,75.96,1,105.38,17.21,8430.4,Bad,Medium,Reduce Storage Temperature
BATCH-02537,2020-03-25,Morning,Onion,Root Vegetables,SUP-013,1344.06,2.4,46.36,1225.8,399.0,77.7,Yes,Zone-D,6.45,0.24,2,Washer-1,1173.13,630.9,1.5,5613.49,50.16,0,0,Fulfilled,78.38,2,886.7636970733676,6.27,1853.94,Good,Low,Prioritize Dispatch
BATCH-02538,2023-02-09,Afternoon,Potato,Root Vegetables,SUP-012,841.16,5.01,58.53,474.1,373.5,90.1,Yes,Zone-A,8.19,1.57,6,Sorter-X,3504.04,434.72,3.41,3324.28,96.26,0,0,Fulfilled,95.34,3,73.27,8.71,1318.86,Good,Low,Prioritize Dispatch
BATCH-02539,2021-07-13,Night,Strawberry,Berries,SUP-009,469.64,19.54,80.88,,299.4,8.4,Yes,Zone-D,2.51,6.48,5,Sorter-X,4962.24,1222.59,3.72,3110.76,75.06,0,0,Fulfilled,74.03,1,67.39,14.35,5391.2,Good,Medium,Reduce Storage Temperature
BATCH-02540,2021-04-27,Afternoon,Potato,Root Vegetables,SUP-001,1490.19,13.31,75.28,1079.7,189.0,28.1,Yes,Zone-C,1.8,2.19,1,Washer-1,3222.69,1242.05,7.81,5197.96,55.0,0,0,Fulfilled,81.11,2,182.25,12.23,3280.5,Good,Medium,Monitor & Maintain
BATCH-02541,2021-10-16,Night,Mango,Fruits,SUP-019,392.88,10.11,64.63,1464.5,457.8,26.0,Yes,Zone-D,8.66,3.43,3,Packer-Z,2558.21,2438.13,3.66,5928.07,67.05,0,0,Fulfilled,63.18,2,37.05,9.43,2223.0,Good,Low,Quality Re-inspection Required
BATCH-02542,2021-05-20,Afternoon,Leafy Greens,Vegetables,SUP-011,1725.72,3.42,,787.9,435.5,35.6,Yes,Zone-A,1.56,0.61,2,Conveyor-B,1819.72,1459.78,5.2,3967.39,52.3,0,0,Fulfilled,,1,95.26,5.52,1428.9,Good,Low,Quality Re-inspection Required
BATCH-02543,2021-05-08,Morning,Mango,Fruits,SUP-019,1077.87,,47.67,697.3,213.1,41.9,Yes,Zone-C,1.34,3.22,6,Conveyor-A,914.56,281.14,7.84,3985.69,76.54,0,1,Partial,79.14,1,158.55,14.71,9513.0,Good,Medium,Reduce Storage Temperature
BATCH-02544,2023-03-25,Morning,Banana,Fruits,SUP-018,300.83,4.48,60.19,1297.8,115.9,38.6,Yes,Zone-A,3.13,0.87,6,Sorter-X,1527.11,2769.94,2.45,7204.1,56.12,1,0,Fulfilled,85.67,1,23.43,7.79,468.6,Good,Low,Activate Backup Supplier
BATCH-02545,2020-06-30,Night,Onion,Root Vegetables,SUP-012,1418.74,14.08,65.7,1122.5,136.3,91.5,Yes,Zone-D,3.51,1.33,3,Packer-Z,2991.29,1182.24,8.15,4672.25,73.66,0,0,Fulfilled,74.16,1,184.58,13.01,4060.76,Good,Medium,Reduce Storage Temperature
BATCH-02546,2023-11-18,Morning,Potato,Root Vegetables,SUP-001,1086.41,19.63,75.92,1078.0,110.2,43.1,Yes,Zone-B,2.79,0.42,3,Sorter-X,3892.04,2038.74,8.4,7390.31,65.28,0,0,Delayed,74.04,1,132.54,12.2,2385.72,Good,Medium,Reduce Storage Temperature
BATCH-02547,2022-03-21,Night,Pineapple,Fruits,SUP-019,666.31,11.58,74.07,,270.6,53.8,No,Zone-B,7.55,1.33,5,Conveyor-B,4450.69,2035.72,9.89,6673.12,88.08,1,0,Fulfilled,66.26,0,114.07,17.12,5133.15,Bad,Medium,Restore Cold Chain Immediately
BATCH-02548,2020-09-24,Night,Mango,Fruits,SUP-020,902.82,5.85,87.63,611.2,434.3,72.4,Yes,Zone-C,9.75,1.45,6,Packer-Z,4071.71,263.39,4.72,5376.41,74.11,0,0,Fulfilled,85.72,0,63.38,7.02,3802.8,Good,Low,Prioritize Dispatch
BATCH-02549,2020-07-10,Night,Banana,Fruits,SUP-017,666.84,13.26,49.52,,386.8,70.2,Yes,Zone-A,2.4,1.95,4,Washer-1,1064.59,110.45,4.02,1713.08,92.41,0,1,Fulfilled,55.24,0,111.9,16.78,2238.0,Bad,Medium,Quality Re-inspection Required
BATCH-02550,2022-05-13,Afternoon,Tomato,Vegetables,SUP-005,599.75,11.23,60.14,648.2,397.8,56.8,Yes,Zone-B,7.93,4.06,6,Conveyor-B,3980.57,355.31,7.17,3379.33,97.07,0,0,Delayed,77.56,2,67.53,11.26,1688.25,Good,Medium,Monitor & Maintain
BATCH-02551,2022-07-13,Night,Lemon,Citrus,SUP-003,410.86,11.6,66.67,1565.7,224.1,82.9,Yes,Zone-B,0.92,0.73,5,Sorter-X,3117.22,2873.94,1.05,4086.51,,0,0,Fulfilled,55.16,0,59.29,14.43,1778.7,Good,Medium,Prioritize Dispatch
BATCH-02552,2020-03-18,Morning,Strawberry,Berries,SUP-002,789.26,10.61,75.18,422.3,161.2,60.7,Yes,Zone-C,1.63,8.29,2,Packer-Z,2610.98,2402.58,0.88,5452.85,63.01,0,0,Fulfilled,81.11,1,115.23,14.6,9218.4,Good,Medium,Expedite Processing
BATCH-02553,2020-12-20,Afternoon,Banana,Fruits,SUP-003,576.88,14.13,67.3,1151.3,378.7,84.2,Yes,Zone-C,5.39,3.76,1,Packer-Z,3077.44,482.84,3.68,3957.99,88.38,0,0,Partial,56.36,0,113.18,19.62,2263.6,Bad,High,Reduce Storage Temperature
BATCH-02554,2023-03-07,Morning,Leafy Greens,Vegetables,SUP-008,1398.53,12.3,86.07,1021.1,396.6,30.5,Yes,Zone-A,10.0,1.03,6,Conveyor-A,536.34,1883.12,7.43,6469.66,71.91,0,0,Partial,96.36,0,95.24,6.81,1428.6,Good,Low,Monitor & Maintain
BATCH-02555,2020-03-13,Night,Mango,Fruits,SUP-016,1399.37,19.77,72.39,,347.7,14.4,Yes,Zone-B,9.52,0.51,5,Conveyor-A,804.79,1874.72,1.61,5511.48,71.31,0,0,Delayed,76.03,2,131.96,9.43,7917.6,Good,Low,Reduce Storage Temperature
BATCH-02556,2023-06-02,Night,Leafy Greens,Vegetables,SUP-006,1053.5,16.87,46.78,1465.1,16.1,79.0,Yes,Zone-A,1.56,0.15,4,Conveyor-A,2866.32,101.62,6.54,3677.0,93.41,0,0,Partial,,1,129.26,12.27,1938.9,Good,Medium,Reduce Storage Temperature
BATCH-02557,2022-08-18,Morning,Lemon,Citrus,SUP-013,1578.09,6.76,50.11,1204.2,294.8,38.0,No,Zone-A,2.78,0.53,4,Washer-1,1281.29,1344.29,3.06,6217.56,57.28,0,0,Fulfilled,92.56,2,197.58,12.52,5927.4,Good,Medium,Restore Cold Chain Immediately
BATCH-02558,2021-09-26,Afternoon,Pineapple,Fruits,SUP-016,1698.55,15.06,78.91,1598.0,173.5,63.2,Yes,Zone-C,9.49,4.32,5,Packer-Z,2954.93,2164.15,6.69,3420.95,73.89,0,0,Partial,65.36,3,310.16,18.26,13957.2,Bad,High,Reduce Storage Temperature
BATCH-02559,2021-05-20,Morning,Onion,Root Vegetables,SUP-016,1201.56,5.86,77.21,602.4,98.1,71.3,No,Zone-A,1.93,0.69,2,Packer-Z,2093.96,641.7,4.84,2024.79,79.64,0,0,Fulfilled,,0,175.19,14.58,3854.18,Good,Medium,Restore Cold Chain Immediately
BATCH-02560,2020-01-29,Night,Onion,Root Vegetables,SUP-003,1275.98,16.08,51.91,505.4,347.2,32.7,Yes,Zone-D,7.56,0.3,4,Sorter-X,,2567.62,1.59,2662.55,53.31,0,0,Partial,92.99,3,124.54,9.76,2739.88,Good,Low,Reduce Storage Temperature
BATCH-02561,2023-04-19,Afternoon,Leafy Greens,Vegetables,SUP-013,637.48,,47.65,567.3,134.3,49.5,Yes,Zone-A,0.51,0.05,4,Washer-1,4773.58,2014.88,2.85,1675.92,93.23,0,0,Partial,78.66,0,37.29,5.85,559.35,Good,Low,Monitor & Maintain
BATCH-02562,2020-07-27,Night,Potato,Root Vegetables,SUP-014,1800.25,10.52,,723.1,456.4,86.1,Yes,Zone-B,6.5,0.71,6,Conveyor-A,4909.03,120.08,2.59,6495.96,65.72,1,0,Partial,72.28,3,272.74,15.15,4909.32,Bad,Medium,Prioritize Dispatch
BATCH-02563,2021-03-27,Night,Pineapple,Fruits,SUP-008,145.99,16.23,73.61,900.1,149.0,84.7,Yes,Zone-A,5.2,0.49,6,Packer-Z,4545.22,2579.25,2.06,5303.5,82.84,0,0,Fulfilled,71.23,2,23.69,16.23,1066.05,Bad,Medium,Reduce Storage Temperature
BATCH-02564,2022-04-10,Morning,Onion,Root Vegetables,SUP-012,762.34,7.04,51.09,1435.1,277.6,72.4,Yes,Zone-D,4.97,0.22,2,Conveyor-A,4936.51,156.26,4.95,4975.01,96.4,0,0,Fulfilled,71.9,3,80.5,10.56,1771.0,Good,Medium,Prioritize Dispatch
BATCH-02565,2020-12-25,Night,Pineapple,Fruits,SUP-008,1471.42,17.07,66.31,740.3,413.9,73.7,Yes,Zone-D,8.38,6.04,2,Conveyor-B,3677.66,2674.99,9.57,5506.5,85.99,0,0,Fulfilled,82.08,2,224.1,15.23,10084.5,Bad,Medium,Reduce Storage Temperature
BATCH-02566,2021-12-26,Morning,Banana,Fruits,SUP-009,252.17,13.59,58.76,1498.3,201.1,86.4,No,Zone-B,1.27,,2,Washer-1,4822.44,1067.78,6.75,5457.41,94.3,0,0,Cancelled,57.01,3,52.96,21.0,1059.2,Bad,High,Restore Cold Chain Immediately
BATCH-02567,2023-03-27,Afternoon,Pineapple,Fruits,SUP-001,448.02,9.16,,955.5,414.3,71.2,Yes,Zone-B,4.08,0.01,2,Conveyor-A,3388.07,2126.09,8.44,4945.55,53.48,0,0,Fulfilled,73.28,1,42.38,9.46,1907.1,Good,Low,Monitor & Maintain
BATCH-02568,2021-11-17,Night,Orange,Fruits,SUP-006,1219.64,33.20194958587291,54.86,1176.5,361.8,33.9,Yes,Zone-A,4.74,5.77,5,Washer-1,4141.46,2383.55,9.82,6554.4,74.64,0,0,Delayed,79.67,0,139.04,11.4,4866.4,Good,Medium,Expedite Processing
BATCH-02569,2023-10-17,Night,Lemon,Citrus,SUP-019,1163.99,18.67,78.0,717.3,460.4,13.4,Yes,Zone-D,1.68,1.73,5,Packer-Z,1093.59,915.68,5.64,4221.9,78.24,0,0,Fulfilled,89.6,1,147.24,12.65,4417.2,Good,Medium,Reduce Storage Temperature
BATCH-02570,2023-05-22,Afternoon,Onion,Root Vegetables,SUP-011,1503.96,5.92,68.32,587.2,162.9,41.7,Yes,Zone-D,1.31,0.17,3,Conveyor-B,3571.7,1133.67,2.76,6335.94,84.45,0,0,Fulfilled,78.32,0,75.8,5.04,1667.6,Good,Low,Monitor & Maintain
BATCH-02571,2021-05-01,Morning,Pineapple,Fruits,SUP-011,1643.96,14.48,45.52,1443.3,52.5,10.2,Yes,Zone-A,2.21,0.06,3,Sorter-X,4689.96,1577.67,9.31,6230.34,55.84,0,0,Fulfilled,95.75,3,88.77,5.4,3994.65,Good,Low,Reduce Storage Temperature
BATCH-02572,2021-08-06,Night,Leafy Greens,Vegetables,SUP-013,344.3,14.73,68.26,531.4,215.2,12.9,No,Zone-B,2.79,0.23,3,Conveyor-B,2930.22,1789.81,7.14,2819.12,82.84,0,1,Partial,74.53,0,56.05,16.28,840.75,Bad,Medium,Restore Cold Chain Immediately
BATCH-02573,2021-09-10,Afternoon,Tomato,Vegetables,SUP-011,134.92,,49.48,1328.8,392.9,91.3,Yes,Zone-D,9.68,1.79,4,Washer-1,1340.69,946.92,9.61,4296.37,57.3,0,0,Partial,83.63,2,22.32,16.54,558.0,Bad,Medium,Reduce Storage Temperature
BATCH-02574,2022-07-03,Night,Orange,Fruits,SUP-018,1410.31,14.84,74.66,1097.2,225.2,65.5,Yes,Zone-A,5.02,0.13,2,Conveyor-B,2871.0,2977.95,6.68,6510.96,53.38,1,0,Partial,55.77,3,227.62,16.14,7966.7,Bad,Medium,Reduce Storage Temperature
BATCH-02575,2021-02-22,Morning,Orange,Fruits,SUP-015,672.64,12.52,70.45,1433.4,131.0,82.1,Yes,Zone-B,5.35,1.68,5,Packer-Z,3681.23,2237.31,7.86,6487.27,73.47,0,0,Partial,65.49,0,100.56,14.95,3519.6,Good,Medium,Prioritize Dispatch
BATCH-02576,2023-11-16,Morning,Potato,Root Vegetables,SUP-001,1289.37,18.25,45.47,1261.4,13.8,62.4,Yes,Zone-A,7.22,2.11,5,Washer-1,3964.05,895.04,8.96,1799.48,80.02,0,0,Fulfilled,90.88,0,134.35,10.42,2418.3,Good,Medium,Reduce Storage Temperature
BATCH-02577,2022-06-07,Morning,Pineapple,Fruits,SUP-007,386.03,39.21141302283115,,738.0,156.5,41.3,Yes,Zone-B,7.0,0.32,2,Washer-1,,1957.25,7.71,2955.92,97.91,0,0,Partial,80.79,1,42.23,10.94,1900.35,Good,Medium,Reduce Storage Temperature
BATCH-02578,2021-08-06,Morning,Potato,Root Vegetables,SUP-013,991.18,14.9,79.93,1089.3,356.7,4.4,No,Zone-B,5.28,,3,Packer-Z,1478.16,1362.58,5.85,4122.71,84.93,0,0,Partial,96.63,3,129.25,13.04,2326.5,Good,Medium,Restore Cold Chain Immediately
BATCH-02579,2022-07-30,Afternoon,Potato,Root Vegetables,SUP-012,1058.41,27.608622212915364,57.41,,73.8,91.8,No,Zone-D,3.73,6.64,6,Conveyor-A,4670.1,2594.95,4.98,1933.97,79.57,0,0,Partial,88.13,0,151.46,14.31,2726.28,Good,Medium,Restore Cold Chain Immediately
BATCH-02580,2021-07-31,Night,Tomato,Vegetables,SUP-018,1211.65,8.72,,970.3,170.4,8.7,No,Zone-C,3.64,3.62,4,Sorter-X,3981.28,1053.96,8.32,3174.23,60.73,0,0,Partial,74.79,0,157.64,13.01,3941.0,Good,Medium,Restore Cold Chain Immediately
BATCH-02581,2023-04-08,Afternoon,Banana,Fruits,SUP-019,1075.02,13.37,59.04,503.2,10.1,59.4,Yes,Zone-D,1.05,2.57,5,Conveyor-B,1718.1,644.78,7.83,3160.72,57.6,0,0,Fulfilled,89.26,3,133.41,12.41,2668.2,Good,Medium,Monitor & Maintain
BATCH-02582,2022-04-09,Morning,Pineapple,Fruits,SUP-015,1041.81,11.4,86.47,914.7,360.9,11.6,Yes,Zone-A,9.05,1.46,1,Sorter-X,4153.16,233.8,3.98,2906.64,80.36,0,0,Delayed,75.58,0,77.61,7.45,3492.45,Good,Low,Monitor & Maintain
BATCH-02583,2020-03-02,Morning,Mango,Fruits,SUP-008,732.19,7.75,69.15,531.5,440.3,28.7,No,Zone-B,7.81,1.0,4,Sorter-X,2065.38,2954.5,5.23,3964.59,61.15,0,1,Cancelled,69.53,0,117.74,16.08,7064.4,Bad,Medium,Restore Cold Chain Immediately
BATCH-02584,2020-09-15,Morning,Onion,Root Vegetables,SUP-019,235.24,4.6,76.33,1546.6,284.3,19.5,No,Zone-D,6.42,1.2,4,Packer-Z,1905.94,1141.74,6.53,6383.59,85.33,0,0,Partial,57.07,2,34.82,14.8,766.04,Good,Medium,Restore Cold Chain Immediately
BATCH-02585,2023-06-16,Morning,Potato,Root Vegetables,SUP-010,270.09,11.95,48.76,1027.7,12.9,54.0,No,Zone-B,4.26,2.89,3,Conveyor-A,4383.84,739.5,0.77,3078.3,55.72,0,1,Fulfilled,93.09,0,43.75,16.2,787.5,Bad,Medium,Restore Cold Chain Immediately
BATCH-02586,2022-04-01,Night,Lemon,Citrus,SUP-007,924.18,,46.82,1495.9,108.8,85.4,No,Zone-D,6.03,1.62,2,Sorter-X,4429.56,1526.13,2.85,5041.81,66.98,0,0,Fulfilled,73.43,0,157.3,17.02,4719.0,Bad,Medium,Restore Cold Chain Immediately
BATCH-02587,2023-10-19,Morning,Strawberry,Berries,SUP-018,776.01,6.19,,426.8,219.2,61.7,Yes,Zone-A,5.11,2.89,1,Washer-1,2293.17,945.75,2.88,4899.53,88.65,0,0,Fulfilled,85.15,2,30.5,3.93,2440.0,Good,Low,Monitor & Maintain
BATCH-02588,2020-04-15,Night,Lemon,Citrus,SUP-016,1080.66,9.18,58.91,1165.2,293.8,64.4,Yes,Zone-A,3.1,7.0,3,Conveyor-A,540.15,775.41,8.89,6412.14,91.55,0,0,Fulfilled,61.73,3,122.44,11.33,3673.2,Good,Medium,Expedite Processing
BATCH-02589,2021-03-07,Morning,Tomato,Vegetables,SUP-020,679.19,16.14,75.95,768.3,248.1,87.4,Yes,Zone-A,3.34,2.05,2,Packer-Z,1339.55,1887.52,3.65,3949.14,67.26,0,0,Cancelled,91.47,0,98.14,14.45,2453.5,Good,Medium,Reduce Storage Temperature
BATCH-02590,2020-10-09,Night,Tomato,Vegetables,SUP-006,1407.03,10.78,,918.2,457.9,72.4,Yes,Zone-D,8.81,1.85,1,Sorter-X,4591.83,317.06,5.68,2958.93,60.34,0,0,Fulfilled,91.26,2,128.6,9.14,3215.0,Good,Low,Prioritize Dispatch
BATCH-02591,2022-03-19,Night,Leafy Greens,Vegetables,SUP-009,1741.51,5.9,61.86,1447.7,469.3,83.4,Yes,Zone-C,6.53,1.04,6,Packer-Z,,1576.08,8.4,6839.73,97.91,1,0,Partial,76.21,1,224.83,12.91,3372.45,Good,Medium,Prioritize Dispatch
BATCH-02592,2021-07-12,Morning,Banana,Fruits,SUP-013,667.84,4.1,74.44,1576.0,53.6,41.1,No,Zone-A,0.51,27.010581714118537,6,Conveyor-B,2540.05,1223.55,2.97,6499.42,88.05,0,0,Cancelled,84.57,3,58.64,8.78,1172.8,Good,Low,Restore Cold Chain Immediately
BATCH-02593,2020-08-17,Afternoon,Onion,Root Vegetables,SUP-008,466.67,10.98,52.36,695.8,69.2,83.3,No,Zone-D,3.61,0.94,5,Packer-Z,1868.53,1644.33,1.68,5270.94,90.35,0,0,Delayed,77.94,0,62.86,13.47,1382.92,Good,Medium,Restore Cold Chain Immediately
BATCH-02594,2022-07-27,Afternoon,Potato,Root Vegetables,SUP-016,320.74,16.3,47.86,1537.9,179.0,62.7,Yes,Zone-C,3.73,1.47,1,Washer-1,1862.37,1029.28,9.51,2201.72,61.14,1,0,Partial,79.3,2,46.99,14.65,845.82,Good,Medium,Reduce Storage Temperature
BATCH-02595,2022-02-21,Afternoon,Lemon,Citrus,SUP-013,1270.88,13.75,83.45,1226.5,210.6,14.7,Yes,Zone-D,7.21,0.07,3,Packer-Z,4537.38,1753.93,7.19,1753.64,71.22,0,1,Fulfilled,94.11,1,99.51,7.83,2985.3,Good,Low,Monitor & Maintain
BATCH-02596,2021-02-05,Afternoon,Strawberry,Berries,SUP-013,943.33,6.18,70.38,1541.7,293.0,5.6,Yes,Zone-D,7.15,1.29,1,Conveyor-A,1961.3,337.27,2.18,2721.05,53.41,0,0,Fulfilled,97.54,3,22.73,2.41,1818.4,Good,Low,Monitor & Maintain
BATCH-02597,2021-12-01,Afternoon,Tomato,Vegetables,SUP-017,457.23,9.86,74.21,1074.8,386.6,24.9,Yes,Zone-A,4.91,3.96,1,Conveyor-B,2802.11,1190.86,8.29,2802.47,55.47,0,0,Delayed,71.17,0,52.12,11.4,1303.0,Good,Medium,Monitor & Maintain
BATCH-02598,2022-12-24,Morning,Tomato,Vegetables,SUP-020,1340.96,17.39,58.83,1552.9,67.9,37.6,Yes,Zone-C,9.53,7.51,1,Washer-1,3789.55,788.75,7.98,2451.6,61.05,0,0,Delayed,69.6,3,158.5,11.82,3962.5,Good,Medium,Reduce Storage Temperature
BATCH-02599,2020-10-26,Morning,Banana,Fruits,SUP-005,382.12,5.2,61.74,1470.9,401.3,80.7,Yes,Zone-D,8.79,3.87,5,Conveyor-B,1442.66,1370.46,8.46,3183.27,65.16,1,0,Fulfilled,68.37,1,48.64,12.73,972.8,Good,Medium,Prioritize Dispatch
BATCH-02600,2021-03-03,Morning,Strawberry,Berries,SUP-017,1153.17,11.58,48.71,554.3,305.0,71.7,Yes,Zone-D,8.73,0.38,6,Washer-1,1642.28,1255.17,3.12,3623.13,99.86,0,0,Fulfilled,88.91,0,107.59,9.33,8607.2,Good,Low,Monitor & Maintain
BATCH-02601,2021-05-20,Morning,Strawberry,Berries,SUP-009,1101.58,8.41,,772.9,490.4,91.8,Yes,Zone-D,3.81,0.34,6,Conveyor-B,2111.28,1930.43,4.76,6043.29,71.1,0,0,Partial,,3,106.63,9.68,8530.4,Good,Low,Prioritize Dispatch
BATCH-02602,2022-12-26,Morning,Banana,Fruits,SUP-002,1495.03,4.24,71.66,691.7,325.6,54.6,Yes,Zone-D,4.59,1.0,2,Sorter-X,3444.01,1923.4,7.09,5782.32,84.89,0,0,Fulfilled,56.93,2,151.3,10.12,3026.0,Good,Medium,Quality Re-inspection Required
BATCH-02603,2023-05-21,Morning,Tomato,Vegetables,SUP-018,204.71,2.9,48.76,1086.5,358.0,72.3,No,Zone-A,4.48,0.51,1,Packer-Z,4178.71,1298.76,4.21,2266.44,95.22,1,0,Fulfilled,58.89,3,36.21,17.69,905.25,Bad,Medium,Restore Cold Chain Immediately
BATCH-02604,2021-07-03,Night,Onion,Root Vegetables,SUP-009,1786.96,12.01,81.2,,97.6,27.9,Yes,Zone-D,4.68,2.25,4,Conveyor-A,2960.18,626.71,1.16,7336.99,62.3,0,0,Delayed,83.43,2,174.41,9.76,3837.02,Good,Low,Monitor & Maintain
BATCH-02605,2021-03-09,Night,Pineapple,Fruits,SUP-006,1435.68,,64.99,1311.3,384.4,65.9,No,Zone-C,8.95,0.18,3,Conveyor-A,1098.18,1787.55,1.8,6029.93,57.24,0,1,Fulfilled,,2,244.93,17.06,11021.85,Bad,Medium,Restore Cold Chain Immediately
BATCH-02606,2023-07-22,Morning,Pineapple,Fruits,SUP-011,510.64,3.86,,1272.1,39.6,68.4,Yes,Zone-B,2.87,1.17,4,Sorter-X,2508.1,2902.89,6.17,2609.55,62.16,0,0,Partial,59.03,2,36.41,7.13,1638.45,Good,Low,Quality Re-inspection Required
BATCH-02607,2023-12-30,Morning,Banana,Fruits,SUP-006,448.47,8.26,45.57,850.3,328.3,81.8,Yes,Zone-C,8.12,0.66,2,Conveyor-B,1074.61,637.78,4.06,2383.33,94.12,1,0,Fulfilled,73.2,3,68.3,15.23,1366.0,Bad,Medium,Prioritize Dispatch
BATCH-02608,2022-09-05,Night,Strawberry,Berries,SUP-006,920.15,2.78,46.29,567.6,27.8,52.4,Yes,Zone-D,5.38,1.81,3,Packer-Z,,300.27,0.55,2168.65,83.28,0,0,Delayed,93.61,2,42.51,4.62,3400.8,Good,Low,Monitor & Maintain
BATCH-02609,2023-12-16,Night,Potato,Root Vegetables,SUP-013,1653.37,9.21,52.69,652.7,57.6,63.0,No,Zone-D,2.87,3.19,2,Sorter-X,3153.28,867.23,7.79,5911.69,72.57,1,1,Partial,71.12,0,364.73,22.06,6565.14,Bad,High,Restore Cold Chain Immediately
BATCH-02610,2022-08-21,Morning,Banana,Fruits,SUP-011,1701.6,4.35,54.49,1290.0,53.9,21.1,Yes,Zone-C,5.51,5.14,3,Conveyor-B,,1297.47,4.46,3032.82,91.01,1,0,Fulfilled,,2,151.78,8.92,3035.6,Good,Low,Expedite Processing
BATCH-02611,2022-12-06,Night,Onion,Root Vegetables,SUP-014,1088.87,8.3,79.38,577.0,26.2,71.3,Yes,Zone-B,2.36,,6,Packer-Z,4269.25,987.95,3.48,2083.94,61.84,1,0,Fulfilled,94.63,0,152.55,14.01,3356.1,Good,Medium,Expedite Processing
BATCH-02612,2021-07-21,Afternoon,Banana,Fruits,SUP-002,1735.54,16.24,76.8,,160.6,80.8,No,Zone-A,1.53,0.87,6,Conveyor-B,3985.12,2520.66,7.28,4110.82,61.96,0,0,Fulfilled,62.45,0,327.15,18.85,6543.0,Bad,High,Restore Cold Chain Immediately
BATCH-02613,2021-09-24,Afternoon,Orange,Fruits,SUP-008,110.34,13.27,72.72,909.5,497.2,57.8,No,Zone-B,8.46,3.87,4,Conveyor-A,3771.75,1529.78,4.82,5777.54,78.36,0,0,Partial,81.83,0,17.04,15.44,596.4,Bad,Medium,Restore Cold Chain Immediately
BATCH-02614,2020-07-29,Afternoon,Lemon,Citrus,SUP-003,166.83,10.02,84.82,,174.1,12.9,Yes,Zone-B,7.14,1.79,4,Packer-Z,4537.08,813.77,7.1,3429.47,89.5,0,0,Fulfilled,94.94,0,7.96,4.77,238.8,Good,Low,Monitor & Maintain
BATCH-02615,2023-04-16,Night,Strawberry,Berries,SUP-003,1832.46,3.65,56.12,655.2,380.4,31.4,Yes,Zone-B,2.45,2.36,5,Conveyor-A,3887.76,2855.58,0.63,4464.17,62.98,0,0,Fulfilled,63.51,3,142.93,7.8,11434.4,Good,Low,Quality Re-inspection Required
BATCH-02616,2023-09-21,Morning,Leafy Greens,Vegetables,SUP-001,1573.13,28.46740409517847,85.7,579.7,66.2,46.7,No,Zone-C,9.45,3.81,2,Conveyor-A,3320.95,462.68,0.59,2779.44,60.5,0,0,Fulfilled,98.5,0,274.51,17.45,4117.65,Bad,Medium,Restore Cold Chain Immediately
BATCH-02617,2022-06-29,Morning,Leafy Greens,Vegetables,SUP-019,956.34,4.95,85.93,1541.6,227.2,65.7,Yes,Zone-B,0.73,46.261559542056204,4,Packer-Z,2141.06,456.44,5.82,4153.35,73.7,0,1,Fulfilled,71.06,0,86.84,9.08,1302.6,Good,Low,Monitor & Maintain
BATCH-02618,2021-05-16,Morning,Strawberry,Berries,SUP-018,1531.86,3.38,64.54,,92.6,32.1,No,Zone-A,3.67,5.89,3,Sorter-X,,811.33,9.83,3745.45,56.71,0,0,Fulfilled,64.57,2,236.06,15.41,18884.8,Bad,Medium,Restore Cold Chain Immediately
BATCH-02619,2020-08-12,Night,Onion,Root Vegetables,SUP-017,1915.71,13.95,49.25,,96.0,81.0,Yes,Zone-D,0.71,1.59,1,Conveyor-B,2574.65,322.64,3.09,4181.07,87.39,0,1,Partial,91.86,2,256.9,13.41,5651.8,Good,Medium,Prioritize Dispatch
BATCH-02620,2021-01-22,Night,Orange,Fruits,SUP-020,1566.97,18.42,77.7,537.8,49.8,36.9,Yes,Zone-C,1.85,0.82,1,Packer-Z,4661.53,2279.79,6.99,4365.78,78.87,0,0,Partial,75.59,2,197.44,12.6,6910.4,Good,Medium,Reduce Storage Temperature
BATCH-02621,2021-01-07,Afternoon,Orange,Fruits,SUP-013,1700.51,32.31197488634813,60.16,,216.0,6.0,Yes,Zone-C,2.21,0.83,1,Conveyor-A,3123.95,1007.15,2.14,2196.26,75.63,1,0,Fulfilled,84.51,0,133.83,7.87,4684.05,Good,Low,Activate Backup Supplier
BATCH-02622,2022-06-14,Night,Tomato,Vegetables,SUP-003,1545.15,2.74,80.77,1119.3,37.8,76.6,Yes,Zone-B,8.2,2.78,5,Conveyor-B,1330.27,2216.53,3.46,2202.47,93.61,0,0,Delayed,76.54,0,131.65,8.52,3291.25,Good,Low,Prioritize Dispatch
BATCH-02623,2023-10-11,Afternoon,Lemon,Citrus,SUP-001,419.6,17.85,52.37,1419.6,454.9,62.6,No,Zone-D,9.93,2.27,4,Packer-Z,3420.6,2311.94,1.24,3174.15,86.63,0,0,Fulfilled,83.32,0,75.36,17.96,2260.8,Bad,Medium,Restore Cold Chain Immediately
BATCH-02624,2020-03-11,Afternoon,Pineapple,Fruits,SUP-004,1683.79,,69.28,1440.8,224.0,77.4,No,Zone-D,8.74,2.61,2,Sorter-X,2594.58,788.8,8.87,2332.56,57.46,0,1,Partial,56.56,0,310.15,18.42,13956.75,Bad,High,Restore Cold Chain Immediately
BATCH-02625,2020-01-02,Morning,Mango,Fruits,SUP-013,470.71,17.62,67.86,1115.6,419.3,34.8,No,Zone-D,6.53,0.58,2,Packer-Z,4691.21,1603.25,3.45,3128.68,71.02,0,0,Partial,70.41,1,90.75,19.28,5445.0,Bad,High,Restore Cold Chain Immediately
BATCH-02626,2022-05-26,Night,Onion,Root Vegetables,SUP-017,1795.96,9.05,49.51,1501.2,489.7,3.7,No,Zone-C,7.37,,5,Packer-Z,1224.23,1606.82,2.69,1802.6,66.06,0,0,Delayed,83.92,1,185.7,10.34,4085.4,Good,Medium,Restore Cold Chain Immediately
BATCH-02627,2021-02-18,Morning,Mango,Fruits,SUP-011,971.43,8.58,61.35,,338.9,8.9,Yes,Zone-A,5.47,2.56,3,Washer-1,3704.05,2626.96,7.44,3697.8,90.1,0,0,Delayed,70.43,2,72.95,7.51,4377.0,Good,Low,Monitor & Maintain
BATCH-02628,2023-07-09,Morning,Mango,Fruits,SUP-002,1386.26,11.77,,1255.1,450.8,12.5,No,Zone-D,4.51,0.71,6,Conveyor-B,3567.21,174.33,2.39,2899.91,85.95,0,0,Partial,89.13,3,179.24,12.93,10754.4,Good,Medium,Restore Cold Chain Immediately
BATCH-02629,2021-04-22,Night,Strawberry,Berries,SUP-016,1044.76,19.23,65.91,,67.7,77.7,Yes,Zone-C,7.08,0.5,4,Packer-Z,,1018.72,2.78,6843.37,73.6,0,0,Partial,97.28,2,152.74,14.62,12219.2,Good,Medium,Reduce Storage Temperature
BATCH-02630,2021-02-27,Night,Leafy Greens,Vegetables,SUP-002,278.58,18.18,82.93,1496.9,415.0,30.3,Yes,Zone-B,9.74,0.48,4,Conveyor-A,3042.1,2659.22,1.48,6645.9,91.18,0,0,Partial,56.65,0,28.78,10.33,431.7,Good,Medium,Reduce Storage Temperature
BATCH-02631,2021-01-28,Afternoon,Leafy Greens,Vegetables,SUP-019,652.37,10.47,57.16,1389.0,135.6,95.8,Yes,Zone-D,0.77,0.32,3,Conveyor-A,4422.08,786.73,9.65,3405.43,70.5,0,0,Fulfilled,92.63,0,75.61,11.59,1134.15,Good,Medium,Prioritize Dispatch
BATCH-02632,2020-07-30,Afternoon,Pineapple,Fruits,SUP-019,1969.09,14.52,,600.1,236.3,73.3,Yes,Zone-B,3.48,1.11,3,Washer-1,611.21,496.95,2.85,4422.57,90.18,0,0,Fulfilled,62.44,2,242.2,12.3,10899.0,Good,Medium,Reduce Storage Temperature
BATCH-02633,2022-04-29,Afternoon,Strawberry,Berries,SUP-016,1925.36,12.45,53.25,1091.7,323.3,58.5,No,Zone-D,3.64,0.6,4,Conveyor-A,1053.01,1770.8,9.96,7213.15,51.6,1,0,Fulfilled,95.36,2,311.52,16.18,24921.6,Bad,Medium,Restore Cold Chain Immediately
BATCH-02634,2020-09-02,Afternoon,Mango,Fruits,SUP-019,708.93,14.48,75.32,1476.2,451.8,94.5,Yes,Zone-B,4.44,4.49,4,Packer-Z,2056.72,987.04,2.17,4705.0,56.73,1,0,Fulfilled,96.66,3,110.45,15.58,6627.0,Bad,Medium,Reduce Storage Temperature
BATCH-02635,2021-09-11,Morning,Potato,Root Vegetables,SUP-009,1992.96,16.93,86.2,1351.7,455.5,31.7,No,Zone-C,6.46,2.34,1,Conveyor-B,3286.97,1455.15,0.7,6589.4,,0,0,Partial,,2,317.28,15.92,5711.04,Bad,Medium,Restore Cold Chain Immediately
BATCH-02636,2021-11-04,Morning,Leafy Greens,Vegetables,SUP-001,1706.55,,59.58,1555.1,46.1,17.6,Yes,Zone-B,5.38,,2,Washer-1,2520.86,2478.04,9.01,6461.24,55.72,0,0,Delayed,76.08,3,83.62,4.9,1254.3,Good,Low,Monitor & Maintain
BATCH-02637,2020-01-30,Night,Onion,Root Vegetables,SUP-010,1260.82,7.86,85.52,677.6,182.3,71.3,No,Zone-C,0.68,1.03,1,Washer-1,1412.13,1610.02,6.01,7128.89,84.19,1,0,Partial,88.37,0,202.49,16.06,4454.78,Bad,Medium,Restore Cold Chain Immediately
BATCH-02638,2020-01-25,Afternoon,Onion,Root Vegetables,SUP-019,176.24,19.27,67.74,841.0,396.6,28.1,No,Zone-B,4.41,1.83,1,Sorter-X,3151.42,1596.08,3.84,3436.12,86.18,1,0,Delayed,95.39,3,36.02,20.44,792.44,Bad,High,Restore Cold Chain Immediately
BATCH-02639,2022-01-29,Afternoon,Tomato,Vegetables,SUP-001,1812.75,19.09,59.26,1008.6,351.6,92.3,Yes,Zone-B,6.38,1.39,2,Sorter-X,3050.15,906.73,5.38,1912.42,83.11,0,0,Fulfilled,65.23,2,250.16,13.8,6254.0,Good,Medium,Reduce Storage Temperature
BATCH-02640,2022-10-13,Afternoon,Banana,Fruits,SUP-002,1159.12,2.2,85.34,679.2,13.2,94.9,Yes,Zone-B,5.3,0.37,5,Conveyor-B,2860.01,2399.31,2.98,2263.97,90.91,0,1,Delayed,71.83,0,142.22,12.27,2844.4,Good,Medium,Prioritize Dispatch
BATCH-02641,2023-10-07,Morning,Potato,Root Vegetables,SUP-016,1750.1,5.63,46.44,872.9,224.9,89.1,No,Zone-D,8.78,,6,Conveyor-B,907.5,2245.46,6.53,4979.24,75.58,0,0,Fulfilled,73.37,3,232.06,13.26,4177.08,Good,Medium,Restore Cold Chain Immediately
BATCH-02642,2020-09-18,Night,Leafy Greens,Vegetables,SUP-012,1685.42,19.89,46.26,1045.0,414.6,90.8,Yes,Zone-A,4.29,2.3,5,Washer-1,4671.61,778.95,6.36,4740.92,94.85,0,0,Delayed,,1,267.14,15.85,4007.1,Bad,Medium,Reduce Storage Temperature
BATCH-02643,2020-05-30,Morning,Orange,Fruits,SUP-008,1682.71,10.87,71.99,629.6,368.8,59.9,Yes,Zone-A,0.62,0.26,5,Packer-Z,3165.15,1028.01,1.26,3394.01,78.47,0,0,Partial,61.02,0,169.11,10.05,5918.85,Good,Medium,Quality Re-inspection Required
BATCH-02644,2020-03-17,Night,Leafy Greens,Vegetables,SUP-018,1426.53,12.31,80.85,,205.9,67.1,Yes,Zone-D,3.21,,5,Packer-Z,1687.96,2387.02,9.15,3105.02,75.39,0,0,Cancelled,82.41,2,139.09,9.75,2086.35,Good,Low,Monitor & Maintain
BATCH-02645,2021-09-28,Night,Tomato,Vegetables,SUP-002,653.69,5.0,78.82,549.8,367.6,10.9,Yes,Zone-B,1.79,1.17,3,Sorter-X,3593.38,1137.38,4.87,5781.51,75.47,0,0,Delayed,70.44,3,24.84,3.8,621.0,Good,Low,Monitor & Maintain
BATCH-02646,2022-06-28,Morning,Onion,Root Vegetables,SUP-013,738.7,18.1,48.58,1256.1,275.6,73.7,Yes,Zone-B,2.88,2.68,1,Conveyor-B,1930.59,1270.32,2.35,3638.32,95.6,1,0,Fulfilled,93.96,1,97.36,13.18,2141.92,Good,Medium,Reduce Storage Temperature
BATCH-02647,2023-05-12,Morning,Mango,Fruits,SUP-006,686.09,6.16,,833.9,456.3,21.0,Yes,Zone-D,3.94,2.93,3,Conveyor-B,2776.35,1156.8,3.42,5168.96,62.18,0,0,Fulfilled,69.95,2,43.29,6.31,2597.4,Good,Low,Quality Re-inspection Required
BATCH-02648,2022-09-23,Night,Orange,Fruits,SUP-006,138.09,5.41,76.64,664.3,293.6,81.0,No,Zone-C,6.93,4.13,3,Packer-Z,2035.09,568.73,8.73,5798.43,,0,0,Delayed,98.03,1,17.36,12.57,607.6,Good,Medium,Restore Cold Chain Immediately
BATCH-02649,2020-10-31,Morning,Strawberry,Berries,SUP-009,1206.88,6.11,87.71,1008.8,200.4,92.4,Yes,Zone-C,3.58,0.44,2,Sorter-X,4461.77,1088.6,4.14,4161.0,62.13,1,0,Partial,55.69,0,151.83,12.58,12146.4,Good,Medium,Prioritize Dispatch
BATCH-02650,2021-11-05,Morning,Lemon,Citrus,SUP-016,1427.78,18.55,59.81,481.9,431.5,22.0,No,Zone-D,8.9,8.48,5,Packer-Z,4972.91,2428.51,5.84,2783.69,54.61,0,0,Delayed,65.54,3,293.41,20.55,8802.3,Bad,High,Restore Cold Chain Immediately
BATCH-02651,2023-08-22,Night,Mango,Fruits,SUP-011,1722.35,14.65,76.23,1508.1,24.9,9.3,Yes,Zone-A,3.35,2.88,4,Packer-Z,1225.32,1524.12,9.5,6661.13,97.69,1,0,Fulfilled,75.12,2,209.27,12.15,12556.2,Good,Medium,Reduce Storage Temperature
BATCH-02652,2021-04-22,Night,Lemon,Citrus,SUP-007,366.31,15.83,83.7,753.4,450.3,47.5,No,Zone-C,1.8,0.34,5,Washer-1,606.11,1428.83,6.69,2203.41,56.49,0,0,Fulfilled,66.28,2,67.29,18.37,2018.7,Bad,High,Restore Cold Chain Immediately
BATCH-02653,2021-12-29,Afternoon,Potato,Root Vegetables,SUP-010,1133.95,8.79,62.12,1463.8,348.2,76.4,Yes,Zone-D,2.1,3.67,1,Conveyor-B,1486.95,553.42,6.92,6479.22,84.31,1,0,Fulfilled,87.45,2,160.11,14.12,2881.98,Good,Medium,Prioritize Dispatch
BATCH-02654,2023-10-31,Morning,Banana,Fruits,SUP-010,115.22,18.37,88.42,997.1,470.3,74.4,Yes,Zone-C,9.38,1.38,3,Washer-1,3154.78,614.95,2.86,6521.11,,0,0,Partial,90.84,1,13.23,11.48,264.6,Good,Medium,Reduce Storage Temperature
BATCH-02655,2022-12-08,Night,Orange,Fruits,SUP-020,280.68,16.21,56.92,1420.2,125.3,67.5,No,Zone-D,4.82,0.14,1,Washer-1,1282.78,224.56,6.85,4977.51,91.86,0,0,Fulfilled,85.69,3,44.29,15.78,1550.15,Bad,Medium,Restore Cold Chain Immediately
BATCH-02656,2022-12-27,Morning,Pineapple,Fruits,SUP-018,203.0,15.51,59.2,696.5,347.5,79.1,Yes,Zone-C,4.33,0.28,3,Packer-Z,4151.68,140.47,4.24,5317.26,88.66,0,0,Partial,97.7,3,25.17,12.4,1132.65,Good,Medium,Reduce Storage Temperature
BATCH-02657,2021-01-03,Morning,Orange,Fruits,SUP-020,1478.41,19.48,86.41,610.3,404.7,18.4,Yes,Zone-C,1.15,1.14,3,Sorter-X,2339.02,1515.24,9.15,3740.08,57.19,1,0,Fulfilled,75.07,0,208.46,14.1,7296.1,Good,Medium,Reduce Storage Temperature
BATCH-02658,2021-08-28,Night,Leafy Greens,Vegetables,SUP-009,254.01,8.59,88.63,1419.3,351.1,63.3,Yes,Zone-D,7.47,1.51,3,Packer-Z,3247.4,1286.77,1.73,6549.6,,0,0,Partial,98.11,3,26.93,10.6,403.95,Good,Medium,Monitor & Maintain
BATCH-02659,2020-04-30,Afternoon,Onion,Root Vegetables,SUP-015,1461.26,13.0,57.83,655.5,105.2,58.9,Yes,Zone-A,7.1,5.89,4,Sorter-X,2550.28,898.59,3.21,3192.12,51.38,0,0,Delayed,60.48,2,166.0,11.36,3652.0,Good,Medium,Expedite Processing
BATCH-02660,2022-06-04,Night,Leafy Greens,Vegetables,SUP-004,574.29,18.38,51.14,1295.4,137.8,16.4,Yes,Zone-A,4.07,0.49,5,Conveyor-B,4564.98,2971.13,1.13,4912.3,71.48,0,0,Fulfilled,92.22,1,55.65,9.69,834.75,Good,Low,Reduce Storage Temperature
BATCH-02661,2020-05-31,Night,Leafy Greens,Vegetables,SUP-008,1767.65,,79.16,813.5,283.4,41.0,Yes,Zone-C,7.07,1.29,3,Conveyor-A,658.11,1254.19,4.12,1670.43,85.01,1,0,Fulfilled,56.69,1,265.85,15.04,3987.75,Bad,Medium,Reduce Storage Temperature
BATCH-02662,2023-05-05,Morning,Potato,Root Vegetables,SUP-009,1644.98,12.14,,1297.8,223.4,82.1,Yes,Zone-C,3.99,0.51,2,Conveyor-B,3781.86,2387.66,1.91,7120.49,61.61,0,0,Partial,78.4,3,174.37,10.6,3138.66,Good,Medium,Prioritize Dispatch
BATCH-02663,2023-04-04,Afternoon,Mango,Fruits,SUP-013,1919.88,3.37,72.03,1489.2,367.6,93.3,Yes,Zone-A,1.2,1.63,6,Packer-Z,3434.77,710.58,8.53,7169.6,90.5,0,0,Delayed,76.32,2,160.89,8.38,9653.4,Good,Low,Prioritize Dispatch
BATCH-02664,2022-02-18,Night,Pineapple,Fruits,SUP-009,1779.15,13.75,73.55,1578.0,189.3,64.6,Yes,Zone-D,7.51,4.8,6,Sorter-X,,816.42,9.29,5787.52,52.66,0,0,Fulfilled,92.68,0,246.23,13.84,11080.35,Good,Medium,Monitor & Maintain
BATCH-02665,2020-07-25,Morning,Pineapple,Fruits,SUP-004,1873.33,11.48,79.33,831.8,429.7,88.7,Yes,Zone-B,9.67,1.68,3,Conveyor-A,2362.95,1748.33,6.86,4119.02,51.73,0,0,Partial,85.83,3,171.78,9.17,7730.1,Good,Low,Prioritize Dispatch
BATCH-02666,2020-02-07,Night,Leafy Greens,Vegetables,SUP-017,1731.61,5.32,51.89,841.0,216.0,14.4,Yes,Zone-C,6.66,1.43,5,Sorter-X,570.54,111.68,1.48,2697.73,51.37,0,0,Cancelled,74.41,1,46.58,2.69,698.7,Good,Low,Monitor & Maintain
BATCH-02667,2023-03-09,Morning,Lemon,Citrus,SUP-016,1417.43,17.88,88.81,1577.7,20.0,93.7,Yes,Zone-B,3.13,2.77,5,Sorter-X,3601.58,150.53,3.75,4521.21,64.0,0,0,Partial,94.41,1,218.85,15.44,6565.5,Bad,Medium,Reduce Storage Temperature
BATCH-02668,2022-05-26,Night,Potato,Root Vegetables,SUP-015,423.49,8.18,61.39,1433.8,8.7,5.1,Yes,Zone-C,3.06,0.32,4,Conveyor-A,4232.62,512.43,9.66,6258.09,73.36,0,0,Delayed,93.98,2,26.64,6.29,479.52,Good,Low,Monitor & Maintain
BATCH-02669,2022-11-03,Afternoon,Leafy Greens,Vegetables,SUP-003,616.24,8.97,,454.1,323.4,51.6,Yes,Zone-A,9.33,4.72,3,Conveyor-A,883.54,747.05,1.79,5176.64,55.37,0,1,Delayed,56.09,3,80.23,13.02,1203.45,Good,Medium,Quality Re-inspection Required
BATCH-02670,2021-03-19,Night,Banana,Fruits,SUP-020,504.18,14.1,66.09,1088.1,270.3,29.4,Yes,Zone-D,3.38,1.72,2,Conveyor-B,2487.28,1630.76,5.79,4724.76,99.84,0,0,Delayed,93.32,2,51.02,10.12,1020.4,Good,Medium,Reduce Storage Temperature
BATCH-02671,2022-01-13,Morning,Onion,Root Vegetables,SUP-005,1246.81,10.8,66.07,,271.4,78.5,No,Zone-C,7.8,2.32,4,Washer-1,1231.68,2090.07,3.85,6595.27,99.98,0,0,Partial,,2,236.77,18.99,5208.94,Bad,High,Restore Cold Chain Immediately
BATCH-02672,2022-12-26,Night,Mango,Fruits,SUP-005,1056.88,3.61,76.62,,395.0,22.4,Yes,Zone-B,6.61,3.42,4,Conveyor-A,3249.22,1004.45,9.99,3479.31,75.99,0,1,Partial,91.91,3,69.97,6.62,4198.2,Good,Low,Monitor & Maintain
BATCH-02673,2021-11-06,Afternoon,Strawberry,Berries,SUP-020,1747.45,,89.76,566.7,187.9,3.1,Yes,Zone-A,6.13,2.02,3,Washer-1,4035.22,793.31,3.21,6656.39,,0,0,Fulfilled,62.98,2,133.85,7.66,10708.0,Good,Low,Quality Re-inspection Required
BATCH-02674,2022-05-28,Afternoon,Banana,Fruits,SUP-015,1910.08,3.7,,1071.2,497.7,41.0,Yes,Zone-C,2.22,2.05,3,Washer-1,3500.18,2486.15,0.95,4213.22,96.34,1,0,Fulfilled,61.65,1,190.63,9.98,3812.6,Good,Low,Activate Backup Supplier
BATCH-02675,2023-02-27,Afternoon,Lemon,Citrus,SUP-018,869.23,5.43,80.73,1198.2,472.8,8.0,No,Zone-D,0.83,2.62,4,Washer-1,1931.27,572.05,7.17,1674.02,88.49,0,0,Fulfilled,86.78,1,100.92,11.61,3027.6,Good,Medium,Restore Cold Chain Immediately
BATCH-02676,2020-11-10,Afternoon,Orange,Fruits,SUP-015,1062.07,2.13,46.24,1524.5,6.5,29.3,Yes,Zone-C,5.14,0.11,4,Washer-1,1128.8,2067.15,3.6,5912.58,58.4,0,0,Fulfilled,67.12,3,62.13,5.85,2174.55,Good,Low,Quality Re-inspection Required
BATCH-02677,2020-04-06,Morning,Orange,Fruits,SUP-002,1945.88,5.26,81.47,1416.7,447.9,62.5,Yes,Zone-D,9.89,0.96,4,Conveyor-A,4074.21,2800.86,6.75,6760.27,89.62,0,0,Fulfilled,79.59,1,130.18,6.69,4556.3,Good,Low,Monitor & Maintain
BATCH-02678,2022-02-15,Night,Banana,Fruits,SUP-013,624.85,,58.5,694.9,340.3,29.7,Yes,Zone-D,2.36,6.59,1,Sorter-X,1957.63,773.41,1.49,4474.14,61.55,0,0,Fulfilled,85.31,3,37.87,6.06,757.4,Good,Low,Expedite Processing
BATCH-02679,2020-03-31,Afternoon,Leafy Greens,Vegetables,SUP-004,1605.54,,50.7,1087.1,251.0,25.1,No,Zone-A,5.6,0.6,4,Conveyor-A,599.63,352.2,5.47,4302.09,71.51,1,0,Fulfilled,81.86,3,249.66,15.55,3744.9,Bad,Medium,Restore Cold Chain Immediately
BATCH-02680,2023-01-24,Night,Strawberry,Berries,SUP-010,527.96,18.55,50.1,,291.4,16.6,Yes,Zone-C,6.87,1.56,5,Conveyor-A,3071.4,2941.3,4.06,6339.66,76.63,0,0,Fulfilled,85.75,1,45.88,8.69,3670.4,Good,Low,Reduce Storage Temperature
BATCH-02681,2022-11-16,Morning,Tomato,Vegetables,SUP-013,1394.77,11.73,75.59,,420.9,14.7,Yes,Zone-D,5.09,0.39,6,Packer-Z,1610.05,885.24,5.6,6800.54,85.85,0,0,Fulfilled,82.3,1,96.1,6.89,2402.5,Good,Low,Monitor & Maintain
BATCH-02682,2023-07-11,Night,Tomato,Vegetables,SUP-010,581.87,14.7,89.89,1226.0,475.5,51.4,No,Zone-A,5.32,0.78,2,Packer-Z,4285.43,899.42,8.61,7321.38,57.51,0,0,Fulfilled,71.68,2,107.12,18.41,2678.0,Bad,High,Restore Cold Chain Immediately
BATCH-02683,2022-07-22,Night,Lemon,Citrus,SUP-009,1779.09,8.44,74.98,1305.9,280.2,66.1,No,Zone-C,6.78,2.53,2,Conveyor-B,1144.65,1502.94,9.74,3668.23,53.81,0,0,Delayed,58.98,1,324.51,18.24,9735.3,Bad,High,Restore Cold Chain Immediately
BATCH-02684,2020-04-08,Afternoon,Leafy Greens,Vegetables,SUP-008,1166.81,15.53,56.81,787.0,90.6,44.6,No,Zone-D,8.24,2.06,6,Washer-1,2456.6,770.07,7.65,5115.14,93.31,0,0,Delayed,,0,198.01,16.97,2970.15,Bad,Medium,Restore Cold Chain Immediately
BATCH-02685,2021-01-04,Afternoon,Pineapple,Fruits,SUP-003,453.27,13.17,54.15,1275.1,319.9,13.6,Yes,Zone-A,3.67,1.07,3,Washer-1,1639.09,2979.33,7.79,6441.16,91.34,0,0,Delayed,92.22,3,32.73,7.22,1472.85,Good,Low,Monitor & Maintain
BATCH-02686,2023-03-25,Morning,Pineapple,Fruits,SUP-016,526.3,10.28,68.67,679.4,38.1,62.9,Yes,Zone-C,9.04,5.56,4,Packer-Z,3603.21,224.6,5.52,4750.06,76.16,0,0,Partial,55.25,3,340.94973759120404,13.78,3263.4,Good,Medium,Expedite Processing
BATCH-02687,2020-09-01,Night,Mango,Fruits,SUP-014,1038.31,5.49,47.93,913.7,317.6,54.4,Yes,Zone-D,5.11,2.98,2,Sorter-X,,1409.27,1.43,4343.37,83.12,0,0,Fulfilled,92.0,3,70.19,6.76,4211.4,Good,Low,Monitor & Maintain
BATCH-02688,2022-10-16,Morning,Strawberry,Berries,SUP-009,1927.04,7.46,62.97,1467.9,404.3,37.8,No,Zone-A,6.79,0.62,2,Conveyor-B,,1690.21,6.84,4982.93,85.97,1,0,Partial,,3,371.92,19.3,29753.6,Bad,High,Restore Cold Chain Immediately
BATCH-02689,2023-02-13,Morning,Strawberry,Berries,SUP-011,1562.32,13.18,74.98,422.8,176.7,33.0,Yes,Zone-A,1.51,1.25,5,Sorter-X,2563.76,1454.16,1.9,3733.4,73.83,0,0,Partial,69.65,2,148.42,9.5,11873.6,Good,Low,Quality Re-inspection Required
BATCH-02690,2021-04-26,Morning,Orange,Fruits,SUP-003,1027.79,9.67,88.54,897.2,35.6,19.2,No,Zone-C,5.18,4.21,5,Packer-Z,521.64,1609.52,2.83,2775.96,62.86,0,0,Fulfilled,73.19,3,147.49,14.35,5162.15,Good,Medium,Restore Cold Chain Immediately
BATCH-02691,2021-04-15,Afternoon,Potato,Root Vegetables,SUP-005,741.67,18.01,,720.2,346.1,15.8,No,Zone-A,0.65,0.05,1,Sorter-X,1468.38,2963.98,7.22,2047.13,74.07,1,0,Delayed,84.9,2,112.88,15.22,2031.84,Bad,Medium,Restore Cold Chain Immediately
BATCH-02692,2022-03-25,Afternoon,Lemon,Citrus,SUP-010,1143.61,,54.01,638.3,169.7,33.8,No,Zone-C,4.21,1.74,6,Washer-1,4996.21,2643.01,6.74,5203.99,97.54,0,0,Fulfilled,59.07,2,154.5,13.51,4635.0,Good,Medium,Restore Cold Chain Immediately
BATCH-02693,2023-06-11,Night,Tomato,Vegetables,SUP-013,1521.89,3.32,,1406.3,124.5,5.9,Yes,Zone-C,1.02,0.53,1,Packer-Z,2324.05,994.49,3.49,3862.77,91.89,0,0,Partial,91.37,0,22.52,1.48,563.0,Good,Low,Monitor & Maintain
BATCH-02694,2020-11-22,Night,Lemon,Citrus,SUP-004,1589.46,12.61,78.49,1235.8,344.6,43.0,Yes,Zone-D,9.02,,2,Sorter-X,,1699.28,7.83,6789.96,73.28,0,0,Fulfilled,96.48,1,1055.8193449730743,9.56,4558.5,Good,Low,Monitor & Maintain
BATCH-02695,2023-10-06,Night,Pineapple,Fruits,SUP-013,716.76,17.95,83.69,535.2,484.8,58.5,Yes,Zone-C,6.89,4.88,3,Conveyor-B,4572.19,100.9,9.42,2955.39,61.28,0,0,Delayed,96.92,1,78.63,10.97,3538.35,Good,Medium,Reduce Storage Temperature
BATCH-02696,2022-05-24,Afternoon,Pineapple,Fruits,SUP-012,1470.2,8.57,,,372.7,90.5,Yes,Zone-A,8.02,3.39,2,Conveyor-B,592.36,1287.75,5.68,3465.23,94.48,1,0,Fulfilled,59.04,2,240.82,16.38,10836.9,Bad,Medium,Prioritize Dispatch
BATCH-02697,2023-12-19,Afternoon,Banana,Fruits,SUP-005,1349.8,13.66,63.22,960.3,245.7,60.8,Yes,Zone-C,4.94,0.41,3,Conveyor-A,3468.23,575.24,6.94,7298.64,81.91,0,0,Fulfilled,95.45,0,125.94,9.33,2518.8,Good,Low,Monitor & Maintain
BATCH-02698,2020-05-10,Morning,Mango,Fruits,SUP-010,1922.31,6.17,89.17,571.0,300.3,60.7,No,Zone-D,8.59,3.63,2,Packer-Z,1797.7,2162.95,3.08,4892.05,70.24,1,0,Partial,79.98,3,362.16,18.84,21729.6,Bad,High,Restore Cold Chain Immediately
BATCH-02699,2020-07-03,Afternoon,Strawberry,Berries,SUP-009,1869.07,12.05,,1359.7,71.1,37.2,Yes,Zone-A,8.79,0.32,5,Packer-Z,1756.62,741.16,9.72,3674.64,55.58,0,0,Delayed,86.98,3,137.94,7.38,11035.2,Good,Low,Monitor & Maintain
BATCH-02700,2023-04-21,Morning,Onion,Root Vegetables,SUP-020,1599.82,16.16,75.22,840.0,406.6,14.5,Yes,Zone-D,3.89,1.29,4,Packer-Z,1511.83,2271.8,3.1,6661.8,87.59,0,0,Fulfilled,95.95,2,143.82,8.99,3164.04,Good,Low,Reduce Storage Temperature
BATCH-02701,2023-06-16,Morning,Lemon,Citrus,SUP-007,1474.45,17.61,55.67,1314.3,302.1,44.0,No,Zone-B,4.08,2.59,2,Washer-1,4202.28,1008.16,8.93,5979.01,65.85,0,0,Partial,84.08,1,273.07,18.52,8192.1,Bad,High,Restore Cold Chain Immediately
BATCH-02702,2021-10-12,Afternoon,Pineapple,Fruits,SUP-002,620.68,3.89,67.51,630.5,482.9,58.3,Yes,Zone-D,5.33,1.53,1,Washer-1,2178.26,2784.9,9.31,4989.96,,0,0,Fulfilled,75.1,2,38.3,6.17,1723.5,Good,Low,Monitor & Maintain
BATCH-02703,2022-11-08,Morning,Potato,Root Vegetables,SUP-007,1707.33,,81.02,,489.7,70.1,Yes,Zone-B,0.9,3.8,3,Packer-Z,802.02,1391.71,7.34,6825.67,78.48,1,0,Fulfilled,78.1,0,205.39,12.03,3697.02,Good,Medium,Activate Backup Supplier
BATCH-02704,2023-06-20,Morning,Orange,Fruits,SUP-008,912.26,13.51,66.99,514.2,177.3,79.7,Yes,Zone-B,9.96,1.92,3,Sorter-X,935.83,2534.6,8.21,2205.92,84.98,0,0,Fulfilled,85.12,1,139.76,15.32,4891.6,Bad,Medium,Prioritize Dispatch
BATCH-02705,2020-03-03,Night,Tomato,Vegetables,SUP-007,617.26,2.63,81.25,572.2,494.3,26.1,Yes,Zone-C,3.91,,2,Washer-1,1168.76,1921.68,4.85,3952.01,76.88,0,0,Partial,96.57,3,11.48,1.86,287.0,Good,Low,Monitor & Maintain
BATCH-02706,2022-04-17,Morning,Mango,Fruits,SUP-014,829.91,14.43,64.19,1459.8,478.4,24.7,Yes,Zone-A,4.97,5.18,3,Packer-Z,4545.17,2934.45,9.24,6369.3,81.52,0,0,Delayed,94.15,3,59.09,7.12,3545.4,Good,Low,Reduce Storage Temperature
BATCH-02707,2023-05-31,Afternoon,Potato,Root Vegetables,SUP-019,1688.28,11.5,89.97,,319.9,55.1,Yes,Zone-C,7.67,0.07,1,Washer-1,2423.5,2253.9,7.56,3902.33,54.08,0,0,Partial,80.39,2,147.72,8.75,2658.96,Good,Low,Monitor & Maintain
BATCH-02708,2021-08-04,Afternoon,Mango,Fruits,SUP-005,382.4,38.846933595740076,64.61,514.9,166.7,55.2,Yes,Zone-A,3.33,1.34,5,Conveyor-A,4622.22,2210.34,3.6,7044.34,83.26,0,0,Fulfilled,64.28,0,32.35,8.46,1941.0,Good,Low,Quality Re-inspection Required
BATCH-02709,2021-03-17,Morning,Banana,Fruits,SUP-018,966.7,16.66,51.72,1528.5,376.7,22.5,Yes,Zone-D,2.42,2.16,4,Conveyor-B,4178.66,868.11,0.83,2546.15,59.71,1,0,Fulfilled,70.26,0,122.58,12.68,2451.6,Good,Medium,Reduce Storage Temperature
BATCH-02710,2023-03-07,Night,Onion,Root Vegetables,SUP-020,1035.48,7.22,63.08,1175.1,135.6,57.2,Yes,Zone-B,1.71,3.62,4,Conveyor-A,,1564.09,5.64,3615.86,69.6,0,0,Fulfilled,70.92,0,102.2,9.87,2248.4,Good,Low,Monitor & Maintain
BATCH-02711,2021-05-05,Afternoon,Pineapple,Fruits,SUP-012,169.6,19.85,78.42,,314.9,34.5,Yes,Zone-B,5.52,1.56,3,Packer-Z,,941.33,8.49,4133.56,75.63,0,0,Partial,67.72,0,23.52,13.87,1058.4,Good,Medium,Reduce Storage Temperature
BATCH-02712,2020-01-05,Afternoon,Orange,Fruits,SUP-017,471.92,16.69,83.16,,12.3,62.1,Yes,Zone-B,0.55,4.33,2,Conveyor-B,1720.91,155.95,8.68,5651.25,84.34,1,0,Fulfilled,87.86,1,62.29,13.2,2180.15,Good,Medium,Reduce Storage Temperature
BATCH-02713,2023-11-01,Night,Potato,Root Vegetables,SUP-013,1670.81,14.74,65.7,576.5,314.3,29.4,Yes,Zone-D,7.24,1.11,3,Sorter-X,3020.31,2160.7,8.43,2794.98,87.12,0,0,Fulfilled,,0,148.03,8.86,2664.54,Good,Low,Reduce Storage Temperature
BATCH-02714,2022-05-14,Morning,Mango,Fruits,SUP-002,1678.46,3.1,71.75,1319.6,475.8,57.7,No,Zone-D,4.88,0.76,1,Packer-Z,2380.66,783.93,2.54,1717.31,85.25,1,0,Partial,69.07,2,289.53,17.25,17371.8,Bad,Medium,Restore Cold Chain Immediately
BATCH-02715,2023-04-11,Afternoon,Strawberry,Berries,SUP-013,655.59,18.28,83.02,441.8,117.6,74.2,Yes,Zone-C,5.55,7.28,6,Sorter-X,2790.77,1252.24,4.55,7333.52,54.76,0,1,Cancelled,92.23,0,105.09,16.03,8407.2,Bad,Medium,Reduce Storage Temperature
BATCH-02716,2023-04-19,Morning,Banana,Fruits,SUP-007,1762.3,16.22,81.61,,389.1,94.1,No,Zone-C,3.0,2.2,2,Sorter-X,739.42,925.45,6.33,6881.78,69.35,0,0,Fulfilled,87.32,3,320.74,18.2,6414.8,Bad,High,Restore Cold Chain Immediately
BATCH-02717,2020-04-06,Morning,Strawberry,Berries,SUP-010,1566.39,6.12,74.6,1056.0,146.7,87.6,Yes,Zone-A,2.19,1.11,5,Washer-1,4872.16,678.94,6.84,3404.29,64.03,0,0,Partial,74.41,1,132.67,8.47,10613.6,Good,Low,Prioritize Dispatch
BATCH-02718,2020-09-06,Morning,Orange,Fruits,SUP-006,894.02,,,649.6,353.9,49.3,Yes,Zone-A,7.15,4.21,1,Washer-1,761.76,294.65,3.68,4469.02,69.92,0,0,Fulfilled,85.74,1,75.01,8.39,2625.35,Good,Low,Monitor & Maintain
BATCH-02719,2021-03-30,Morning,Potato,Root Vegetables,SUP-003,1521.97,6.84,70.92,1171.8,350.0,47.9,Yes,Zone-B,2.5,2.3,5,Conveyor-B,1304.74,1079.88,7.08,4500.63,82.34,0,0,Fulfilled,,2,105.93,6.96,1906.74,Good,Low,Monitor & Maintain
BATCH-02720,2021-04-13,Afternoon,Banana,Fruits,SUP-003,1926.54,19.72,45.21,1140.5,92.4,43.1,No,Zone-D,7.91,2.03,2,Conveyor-B,3551.9,337.06,6.11,6710.2,59.65,0,0,Delayed,79.69,3,335.99,17.44,6719.8,Bad,Medium,Restore Cold Chain Immediately
BATCH-02721,2022-08-19,Night,Potato,Root Vegetables,SUP-018,972.04,17.38,46.86,1358.0,298.6,4.6,No,Zone-D,2.43,2.61,5,Washer-1,1199.76,1666.93,5.88,5128.92,75.1,0,0,Fulfilled,74.5,2,153.29,15.77,2759.22,Bad,Medium,Restore Cold Chain Immediately
BATCH-02722,2022-06-28,Afternoon,Pineapple,Fruits,SUP-011,553.01,18.74,,,429.6,17.6,Yes,Zone-C,6.32,2.68,1,Conveyor-B,980.91,156.91,6.8,6461.56,94.24,0,0,Fulfilled,59.48,2,71.01,12.84,3195.45,Good,Medium,Reduce Storage Temperature
BATCH-02723,2021-12-23,Night,Leafy Greens,Vegetables,SUP-020,1889.45,16.2,51.52,1012.1,191.3,7.6,No,Zone-C,6.62,1.36,1,Conveyor-A,,2826.06,6.23,6958.69,86.56,1,1,Delayed,55.06,2,424.94,22.49,6374.1,Bad,High,Restore Cold Chain Immediately
BATCH-02724,2020-11-04,Morning,Banana,Fruits,SUP-005,1247.11,10.21,63.2,988.4,355.1,67.5,Yes,Zone-A,5.3,,3,Packer-Z,778.64,2902.78,2.09,4948.19,86.27,0,0,Fulfilled,96.24,0,79.69,6.39,1593.8,Good,Low,Monitor & Maintain
BATCH-02725,2021-07-11,Night,Strawberry,Berries,SUP-019,300.0,5.7,87.02,1145.9,337.2,40.8,Yes,Zone-A,9.97,4.8,6,Conveyor-A,1630.93,983.5,8.81,3318.65,92.44,0,0,Partial,66.77,0,23.37,7.79,1869.6,Good,Low,Quality Re-inspection Required
BATCH-02726,2022-03-04,Morning,Orange,Fruits,SUP-019,1188.1,5.75,53.78,1275.0,128.8,8.0,Yes,Zone-C,4.07,1.38,2,Packer-Z,1720.04,854.56,2.79,4557.49,69.96,0,0,Fulfilled,84.17,0,35.05,2.95,1226.75,Good,Low,Monitor & Maintain
BATCH-02727,2021-11-14,Afternoon,Onion,Root Vegetables,SUP-015,1051.1,4.73,82.97,827.4,459.3,66.9,Yes,Zone-C,8.89,0.49,4,Washer-1,2743.8,402.78,7.57,6603.55,87.97,0,0,Fulfilled,96.51,2,85.77,8.16,1886.94,Good,Low,Monitor & Maintain
BATCH-02728,2020-07-04,Afternoon,Pineapple,Fruits,SUP-016,1725.62,11.84,,1005.6,281.8,62.6,Yes,Zone-D,2.11,1.47,6,Conveyor-A,2474.25,2724.26,2.18,5050.83,52.94,0,0,Fulfilled,91.0,2,191.89,11.12,8635.05,Good,Medium,Monitor & Maintain
BATCH-02729,2022-08-06,Night,Leafy Greens,Vegetables,SUP-009,1108.32,18.56,89.38,1102.1,177.6,69.7,Yes,Zone-A,3.7,0.07,4,Sorter-X,2631.71,1801.91,6.78,6864.14,52.82,0,0,Fulfilled,,2,166.36,15.01,2495.4,Bad,Medium,Reduce Storage Temperature
BATCH-02730,2020-04-16,Morning,Onion,Root Vegetables,SUP-004,584.94,19.85,57.68,1586.1,82.2,58.4,No,Zone-C,1.88,2.57,5,Conveyor-A,3272.18,1869.36,9.01,6862.48,66.59,0,0,Fulfilled,90.28,0,99.85,17.07,2196.7,Bad,Medium,Restore Cold Chain Immediately
BATCH-02731,2021-07-06,Morning,Tomato,Vegetables,SUP-015,1383.72,7.17,59.19,1105.3,236.7,17.2,Yes,Zone-C,6.23,0.27,4,Conveyor-B,1539.33,2697.98,0.59,3829.22,59.84,0,0,Partial,86.96,0,80.12,5.79,2003.0,Good,Low,Monitor & Maintain
BATCH-02732,2022-11-02,Night,Pineapple,Fruits,SUP-012,1130.89,14.55,85.63,669.0,365.1,7.8,No,Zone-B,6.56,0.24,4,Conveyor-A,1106.17,2741.28,9.81,4263.54,75.93,0,0,Fulfilled,69.49,2,186.26,16.47,8381.7,Bad,Medium,Restore Cold Chain Immediately
BATCH-02733,2020-01-30,Morning,Orange,Fruits,SUP-003,542.78,12.75,55.53,1105.6,311.8,78.8,Yes,Zone-C,4.81,5.85,1,Washer-1,4454.95,2502.19,0.78,5598.68,59.16,0,0,Fulfilled,,2,70.83,13.05,2479.05,Good,Medium,Expedite Processing
BATCH-02734,2022-04-12,Morning,Mango,Fruits,SUP-014,1189.89,10.8,69.66,1383.4,363.5,22.3,Yes,Zone-C,7.34,2.96,1,Washer-1,,2342.98,0.61,2305.28,98.78,1,0,Fulfilled,91.34,0,111.37,9.36,6682.2,Good,Low,Activate Backup Supplier
BATCH-02735,2021-05-03,Morning,Banana,Fruits,SUP-017,1660.92,13.98,76.83,1428.9,395.9,53.0,Yes,Zone-D,8.74,1.07,1,Conveyor-B,772.98,2644.0,8.65,4364.89,,0,0,Partial,,2,177.72,10.7,3554.4,Good,Medium,Quality Re-inspection Required
BATCH-02736,2020-01-13,Afternoon,Potato,Root Vegetables,SUP-019,154.28,,57.23,1360.3,220.5,47.6,Yes,Zone-C,7.88,,4,Packer-Z,4824.73,2640.31,7.23,2527.93,99.13,0,0,Partial,93.24,0,11.76,7.62,211.68,Good,Low,Monitor & Maintain
BATCH-02737,2020-10-04,Afternoon,Orange,Fruits,SUP-006,1298.62,19.0,87.23,1465.9,260.1,88.6,No,Zone-A,2.8,3.71,5,Conveyor-B,3618.81,1169.07,1.51,6586.63,90.39,0,0,Delayed,58.47,0,325.04,25.03,11376.4,Bad,High,Restore Cold Chain Immediately
BATCH-02738,2023-10-05,Afternoon,Banana,Fruits,SUP-004,764.21,,74.96,801.7,493.2,53.9,Yes,Zone-B,3.54,6.92,2,Packer-Z,,2922.83,9.41,7137.58,97.56,0,0,Cancelled,78.21,2,91.32,11.95,1826.4,Good,Medium,Reduce Storage Temperature
BATCH-02739,2022-01-30,Morning,Onion,Root Vegetables,SUP-007,656.08,15.58,47.12,1009.1,484.0,56.5,Yes,Zone-D,4.11,1.42,3,Washer-1,4861.1,2156.48,6.88,2482.4,68.41,0,0,Delayed,65.26,2,77.29,11.78,1700.38,Good,Medium,Reduce Storage Temperature
BATCH-02740,2023-12-26,Afternoon,Potato,Root Vegetables,SUP-019,845.92,6.36,51.11,1335.5,207.4,32.0,Yes,Zone-A,2.44,1.74,5,Washer-1,,1173.61,1.55,5537.25,,0,0,Partial,87.03,2,33.92,4.01,610.56,Good,Low,Monitor & Maintain
BATCH-02741,2022-02-05,Morning,Lemon,Citrus,SUP-017,749.84,5.03,53.59,717.3,342.6,92.1,No,Zone-B,3.93,0.56,1,Packer-Z,4930.3,1381.94,8.68,5358.32,61.99,0,0,Partial,62.69,3,143.37,19.12,4301.1,Bad,High,Restore Cold Chain Immediately
BATCH-02742,2022-03-05,Morning,Strawberry,Berries,SUP-016,1681.25,9.1,56.02,845.9,133.8,59.6,Yes,Zone-B,2.76,1.78,5,Conveyor-A,964.74,2092.68,5.07,6076.03,81.79,0,0,Fulfilled,70.02,3,176.2,10.48,14096.0,Good,Medium,Monitor & Maintain
BATCH-02743,2021-07-26,Night,Tomato,Vegetables,SUP-015,622.12,15.8,77.88,1397.4,76.3,2.5,No,Zone-C,9.96,1.02,2,Conveyor-A,1219.86,1147.19,3.14,5702.48,,0,0,Fulfilled,60.6,3,109.93,17.67,2748.25,Bad,Medium,Restore Cold Chain Immediately
BATCH-02744,2021-03-28,Morning,Pineapple,Fruits,SUP-008,1492.99,18.9,49.0,1324.1,384.2,54.3,Yes,Zone-B,7.94,,6,Conveyor-B,,2497.02,8.34,2921.52,74.94,0,0,Partial,90.72,1,197.37,13.22,8881.65,Good,Medium,Reduce Storage Temperature
BATCH-02745,2021-01-02,Afternoon,Orange,Fruits,SUP-019,278.71,9.69,60.78,1565.4,218.1,36.2,Yes,Zone-B,8.67,0.95,1,Washer-1,599.65,529.38,7.52,3351.95,64.82,0,0,Fulfilled,60.82,1,27.76,9.96,971.6,Good,Low,Quality Re-inspection Required
BATCH-02746,2021-05-16,Afternoon,Tomato,Vegetables,SUP-008,1907.65,15.93,86.01,1595.2,88.5,5.0,Yes,Zone-C,9.26,2.09,2,Conveyor-A,584.1,2732.02,6.42,2620.0,75.38,0,0,Fulfilled,86.82,3,150.13,7.87,3753.25,Good,Low,Reduce Storage Temperature
BATCH-02747,2021-11-02,Morning,Mango,Fruits,SUP-018,1282.4,10.47,70.05,688.9,379.4,42.6,Yes,Zone-D,6.82,0.45,6,Washer-1,4063.92,973.47,9.04,7011.85,53.14,0,0,Fulfilled,86.12,2,126.06,9.83,7563.6,Good,Low,Monitor & Maintain
BATCH-02748,2020-10-07,Afternoon,Banana,Fruits,SUP-016,1442.77,7.31,56.95,1480.5,457.6,74.7,Yes,Zone-C,2.17,0.19,3,Conveyor-B,1255.01,542.87,8.68,4691.79,86.06,0,0,Delayed,61.26,3,156.11,10.82,3122.2,Good,Medium,Prioritize Dispatch
BATCH-02749,2020-11-24,Morning,Banana,Fruits,SUP-020,666.27,15.31,88.07,513.4,466.6,49.4,Yes,Zone-D,7.71,0.08,5,Sorter-X,4634.55,2588.27,2.65,7331.5,72.58,0,0,Fulfilled,79.91,1,70.16,10.53,1403.2,Good,Medium,Reduce Storage Temperature
BATCH-02750,2021-01-31,Night,Orange,Fruits,SUP-019,882.98,16.37,55.99,1251.8,298.2,62.1,Yes,Zone-B,0.65,1.07,3,Washer-1,2416.53,794.44,8.85,4270.56,94.91,0,0,Fulfilled,76.86,0,86.27,9.77,3019.45,Good,Low,Reduce Storage Temperature
BATCH-02751,2021-10-17,Morning,Leafy Greens,Vegetables,SUP-010,525.18,5.65,85.73,664.1,239.8,62.1,Yes,Zone-A,1.58,0.36,4,Sorter-X,4431.44,2545.85,4.05,4871.32,96.16,0,0,Partial,81.16,3,41.54,7.91,623.1,Good,Low,Monitor & Maintain
BATCH-02752,2022-08-11,Morning,Leafy Greens,Vegetables,SUP-017,1871.82,7.49,77.66,760.4,70.9,65.1,Yes,Zone-D,0.78,10.07,5,Washer-1,2379.94,959.17,4.6,6245.8,56.28,0,0,Fulfilled,96.24,0,214.32,11.45,3214.8,Good,Medium,Expedite Processing
BATCH-02753,2023-06-03,Night,Lemon,Citrus,SUP-013,1027.4,10.91,78.32,1535.6,396.4,38.4,No,Zone-D,1.79,3.2,6,Packer-Z,2886.04,2808.21,9.74,6291.87,,0,0,Delayed,58.54,0,195.51,19.03,5865.3,Bad,High,Restore Cold Chain Immediately
BATCH-02754,2021-02-23,Afternoon,Strawberry,Berries,SUP-013,1297.85,5.36,79.42,715.8,472.7,36.8,Yes,Zone-D,7.64,,4,Sorter-X,1924.31,735.33,7.72,3002.98,98.49,0,0,Partial,91.1,3,63.21,4.87,5056.8,Good,Low,Monitor & Maintain
BATCH-02755,2020-09-25,Night,Potato,Root Vegetables,SUP-007,1495.12,18.72,67.8,1207.8,444.7,2.4,Yes,Zone-D,8.91,3.25,2,Packer-Z,3461.34,301.98,3.55,3334.92,81.36,0,0,Fulfilled,92.93,0,123.35,8.25,2220.3,Good,Low,Reduce Storage Temperature
BATCH-02756,2021-07-07,Night,Mango,Fruits,SUP-010,805.1,12.64,,613.8,375.9,16.5,Yes,Zone-B,3.15,0.61,4,Packer-Z,1931.91,2815.94,6.66,2228.26,91.27,0,0,Partial,,0,97.1,12.06,5826.0,Good,Medium,Quality Re-inspection Required
BATCH-02757,2023-07-29,Morning,Tomato,Vegetables,SUP-002,1468.19,4.18,82.63,512.1,2.3,91.4,Yes,Zone-A,1.63,4.23,6,Conveyor-B,1504.27,580.31,5.62,6339.75,50.92,0,1,Fulfilled,83.87,3,139.77,9.52,3494.25,Good,Low,Prioritize Dispatch
BATCH-02758,2020-01-15,Morning,Leafy Greens,Vegetables,SUP-004,1384.39,5.31,61.22,807.2,203.9,81.2,Yes,Zone-D,3.09,10.87,6,Conveyor-B,864.71,2837.98,1.61,6272.34,98.52,0,1,Partial,85.89,3,176.65,12.76,2649.75,Good,Medium,Expedite Processing
BATCH-02759,2022-09-16,Night,Lemon,Citrus,SUP-006,1440.75,,63.02,1149.0,205.4,27.9,No,Zone-A,6.65,0.68,2,Conveyor-A,759.51,2489.53,8.93,2132.11,72.82,0,0,Fulfilled,79.14,0,283.11,19.65,8493.3,Bad,High,Restore Cold Chain Immediately
BATCH-02760,2021-11-27,Afternoon,Lemon,Citrus,SUP-018,1029.54,15.29,84.99,697.5,447.2,39.7,Yes,Zone-B,3.83,8.35,3,Sorter-X,1876.88,337.58,8.31,3155.68,95.49,0,0,Fulfilled,77.13,0,646.574023228745,15.03,4642.2,Bad,Medium,Reduce Storage Temperature
BATCH-02761,2020-08-23,Night,Orange,Fruits,SUP-006,827.58,15.22,68.61,,32.8,90.4,Yes,Zone-D,9.63,0.77,1,Conveyor-A,3814.13,1390.89,7.89,4273.73,69.26,0,0,Fulfilled,68.98,0,116.27,14.05,4069.45,Good,Medium,Reduce Storage Temperature
BATCH-02762,2021-04-13,Afternoon,Mango,Fruits,SUP-017,521.96,3.3,84.01,1250.5,265.6,25.5,Yes,Zone-A,1.74,0.02,3,Sorter-X,1425.29,312.86,5.81,4807.74,89.41,0,0,Delayed,85.32,1,15.66,3.0,939.6,Good,Low,Monitor & Maintain
BATCH-02763,2020-11-24,Night,Onion,Root Vegetables,SUP-014,1666.79,18.12,,523.4,68.1,52.1,Yes,Zone-D,9.91,0.92,4,Conveyor-B,,1056.38,2.6,4695.98,70.9,0,0,Partial,67.56,1,221.35,13.28,4869.7,Good,Medium,Reduce Storage Temperature
BATCH-02764,2023-07-05,Night,Potato,Root Vegetables,SUP-011,1255.87,9.99,71.71,936.3,331.1,4.1,Yes,Zone-D,0.62,11.99,2,Conveyor-B,4573.27,1119.36,8.9,7371.67,68.14,0,0,Delayed,75.24,2,150.2,11.96,2703.6,Good,Medium,Expedite Processing
BATCH-02765,2021-12-04,Afternoon,Strawberry,Berries,SUP-019,944.27,13.87,,1530.1,396.1,60.3,No,Zone-B,4.79,2.02,4,Conveyor-B,3376.21,1838.94,3.85,6099.57,97.34,0,0,Partial,,3,166.95,17.68,13356.0,Bad,Medium,Restore Cold Chain Immediately
BATCH-02766,2022-04-02,Night,Pineapple,Fruits,SUP-002,1893.59,19.27,,876.4,321.0,89.4,Yes,Zone-D,2.89,2.38,6,Sorter-X,,2930.1,0.69,2317.62,84.96,0,0,Partial,58.94,0,353.72,18.68,15917.4,Bad,High,Reduce Storage Temperature
BATCH-02767,2022-05-16,Morning,Orange,Fruits,SUP-003,190.89,3.8,67.59,921.0,397.3,85.2,No,Zone-A,5.88,0.54,1,Conveyor-B,4600.52,592.31,9.83,3365.25,92.0,1,0,Fulfilled,78.25,0,35.03,18.35,1226.05,Bad,High,Restore Cold Chain Immediately
BATCH-02768,2022-07-22,Night,Potato,Root Vegetables,SUP-011,1715.33,10.68,71.43,1285.8,303.7,49.2,Yes,Zone-A,1.42,0.32,5,Conveyor-A,785.35,1054.54,8.68,3666.93,77.17,0,0,Partial,76.39,0,170.33,9.93,3065.94,Good,Low,Monitor & Maintain
BATCH-02769,2021-12-24,Morning,Pineapple,Fruits,SUP-006,1995.41,2.89,73.37,1334.8,94.9,63.1,Yes,Zone-B,8.82,4.33,5,Packer-Z,4797.54,1802.6,6.42,3491.01,95.92,0,0,Fulfilled,71.65,1,97.97,4.91,4408.65,Good,Low,Monitor & Maintain
BATCH-02770,2020-01-27,Afternoon,Pineapple,Fruits,SUP-014,1785.19,10.99,77.23,1323.5,191.3,55.6,Yes,Zone-C,1.8,1.07,5,Sorter-X,730.3,597.12,0.62,6226.34,87.0,0,0,Delayed,81.29,3,179.41,10.05,8073.45,Good,Medium,Monitor & Maintain
BATCH-02771,2021-05-03,Afternoon,Mango,Fruits,SUP-019,1639.83,6.54,74.53,1597.4,478.4,8.3,Yes,Zone-C,6.08,0.01,4,Packer-Z,4665.29,2161.06,2.66,3754.86,53.61,1,0,Partial,,2,145.94,8.9,8756.4,Good,Low,Activate Backup Supplier
BATCH-02772,2020-09-25,Morning,Mango,Fruits,SUP-016,811.18,18.4,83.19,485.7,144.1,16.9,Yes,Zone-B,0.82,0.7,5,Conveyor-A,2960.3,1270.61,4.79,4521.0,88.34,1,1,Delayed,76.67,1,153.39,18.91,9203.4,Bad,High,Reduce Storage Temperature
BATCH-02773,2022-09-20,Night,Tomato,Vegetables,SUP-007,539.5,9.17,58.3,1578.7,31.4,92.6,Yes,Zone-B,3.45,0.44,2,Washer-1,2899.35,2853.76,6.47,4759.37,50.94,0,0,Partial,76.37,3,48.72,9.03,1218.0,Good,Low,Prioritize Dispatch
BATCH-02774,2020-03-23,Morning,Lemon,Citrus,SUP-008,1496.22,13.41,73.87,1540.2,192.4,26.1,Yes,Zone-C,1.92,1.85,1,Conveyor-B,3709.69,1926.63,7.23,3231.16,91.45,0,0,Fulfilled,77.71,0,113.41,7.58,3402.3,Good,Low,Monitor & Maintain
BATCH-02775,2022-04-03,Morning,Potato,Root Vegetables,SUP-019,678.69,17.49,47.3,1422.6,183.2,38.1,Yes,Zone-C,9.79,2.82,6,Conveyor-A,4456.45,1152.93,7.99,3534.86,66.59,0,0,Fulfilled,64.35,3,93.12,13.72,1676.16,Good,Medium,Reduce Storage Temperature
BATCH-02776,2020-11-03,Afternoon,Orange,Fruits,SUP-020,434.48,19.71,66.61,945.0,235.2,49.8,Yes,Zone-A,0.61,,3,Washer-1,3276.52,2186.47,5.78,6191.79,,0,0,Partial,64.13,1,56.0,12.89,1960.0,Good,Medium,Reduce Storage Temperature
BATCH-02777,2023-10-17,Morning,Banana,Fruits,SUP-016,1594.4,11.07,57.06,1445.1,280.2,94.0,No,Zone-A,3.85,0.41,6,Sorter-X,2414.3,2532.39,6.73,6695.43,87.47,0,0,Fulfilled,83.48,1,340.24,21.34,6804.8,Bad,High,Restore Cold Chain Immediately
BATCH-02778,2021-05-04,Night,Orange,Fruits,SUP-007,693.83,10.2,62.14,665.0,496.2,66.9,Yes,Zone-A,3.38,0.12,2,Conveyor-A,1003.5,2421.39,8.21,1875.44,81.85,0,0,Fulfilled,59.08,1,85.62,12.34,2996.7,Good,Medium,Quality Re-inspection Required
BATCH-02779,2021-04-19,Morning,Tomato,Vegetables,SUP-009,1837.44,3.36,60.96,1350.0,378.1,61.2,No,Zone-C,6.75,,1,Sorter-X,4051.44,862.02,7.34,5175.95,83.62,0,0,Fulfilled,68.46,1,232.44,12.65,5811.0,Good,Medium,Restore Cold Chain Immediately
BATCH-02780,2023-09-10,Afternoon,Strawberry,Berries,SUP-013,1697.2,2.23,47.72,622.3,17.9,51.3,Yes,Zone-B,1.04,3.28,3,Packer-Z,1077.32,1309.25,9.57,5340.26,94.63,1,0,Fulfilled,,0,151.9,8.95,12152.0,Good,Low,Activate Backup Supplier
BATCH-02781,2021-09-01,Night,Lemon,Citrus,SUP-001,1710.52,12.96,66.0,1378.4,356.4,67.9,Yes,Zone-D,8.2,1.09,5,Packer-Z,3768.65,1411.32,8.81,5943.77,68.7,0,0,Fulfilled,59.57,0,230.58,13.48,6917.4,Good,Medium,Quality Re-inspection Required
BATCH-02782,2023-11-06,Afternoon,Banana,Fruits,SUP-008,1565.98,3.18,89.76,1137.4,412.1,64.4,No,Zone-A,4.93,0.58,3,Sorter-X,,1226.31,2.11,5691.25,77.36,0,0,Delayed,75.59,1,876.3900708747882,11.97,3749.0,Good,Medium,Restore Cold Chain Immediately
BATCH-02783,2020-02-05,Morning,Leafy Greens,Vegetables,SUP-004,1773.67,8.85,58.45,517.6,447.8,86.9,Yes,Zone-D,4.8,0.04,4,Packer-Z,2236.26,1001.5,9.5,6757.84,58.75,0,0,Fulfilled,84.42,0,141.01,7.95,2115.15,Good,Low,Prioritize Dispatch
BATCH-02784,2021-03-23,Morning,Strawberry,Berries,SUP-003,1630.92,2.06,78.13,1474.4,212.0,52.9,Yes,Zone-B,2.65,1.37,4,Packer-Z,3258.44,2282.97,2.44,2115.92,73.38,0,0,Fulfilled,,1,91.98,5.64,7358.4,Good,Low,Quality Re-inspection Required
BATCH-02785,2022-08-30,Afternoon,Mango,Fruits,SUP-003,1244.77,13.07,69.65,1093.5,156.8,41.6,No,Zone-C,5.16,2.31,5,Conveyor-B,3975.6,135.45,9.92,3916.44,57.5,0,0,Partial,68.75,2,206.01,16.55,12360.6,Bad,Medium,Restore Cold Chain Immediately
BATCH-02786,2023-07-24,Afternoon,Pineapple,Fruits,SUP-013,662.06,9.66,59.64,1187.5,419.7,77.9,Yes,Zone-A,3.96,0.42,5,Sorter-X,4735.13,951.28,7.16,6203.94,81.68,1,0,Fulfilled,79.59,3,97.52,14.73,4388.4,Good,Medium,Prioritize Dispatch
BATCH-02787,2021-01-09,Night,Leafy Greens,Vegetables,SUP-008,1787.6,4.29,,740.2,388.8,77.2,No,Zone-C,2.83,1.54,2,Sorter-X,1691.14,510.69,6.46,6578.63,66.21,1,0,Partial,69.4,2,341.43,19.1,5121.45,Bad,High,Restore Cold Chain Immediately
BATCH-02788,2023-09-20,Afternoon,Orange,Fruits,SUP-007,1697.15,7.33,54.71,1446.0,268.0,18.0,Yes,Zone-B,2.1,,2,Washer-1,4762.09,473.43,3.58,3198.3,92.95,0,0,Fulfilled,59.84,0,182.95,10.78,6403.25,Good,Medium,Quality Re-inspection Required
BATCH-02789,2022-05-17,Afternoon,Orange,Fruits,SUP-001,998.47,12.25,80.18,1054.2,58.9,24.3,Yes,Zone-A,7.42,2.43,6,Conveyor-B,4824.27,903.18,1.76,5060.5,67.18,0,0,Fulfilled,,0,88.46,8.86,3096.1,Good,Low,Quality Re-inspection Required
BATCH-02790,2023-03-15,Morning,Mango,Fruits,SUP-016,174.25,13.82,,905.3,325.9,92.1,No,Zone-B,1.85,3.94,4,Conveyor-A,4161.34,2310.24,1.7,2710.24,64.34,0,0,Fulfilled,,3,35.48,20.36,2128.8,Bad,High,Restore Cold Chain Immediately
BATCH-02791,2021-08-02,Morning,Tomato,Vegetables,SUP-006,1313.23,10.32,,,32.8,43.7,Yes,Zone-B,2.1,0.73,1,Conveyor-B,4466.47,2911.32,8.73,6603.7,74.56,0,0,Partial,98.28,0,87.07,6.63,2176.75,Good,Low,Monitor & Maintain
BATCH-02792,2020-11-05,Afternoon,Potato,Root Vegetables,SUP-007,196.13,16.47,59.91,1244.0,50.2,50.8,Yes,Zone-A,5.98,4.7,2,Conveyor-A,3615.92,1592.39,4.61,5903.8,58.77,0,0,Fulfilled,65.37,1,29.83,15.21,536.94,Bad,Medium,Reduce Storage Temperature
BATCH-02793,2023-08-23,Afternoon,Leafy Greens,Vegetables,SUP-012,1859.93,4.02,71.28,1234.1,165.6,31.2,Yes,Zone-D,2.65,2.45,1,Sorter-X,675.94,1083.02,5.82,2950.2,60.19,0,0,Cancelled,78.34,3,119.78,6.44,1796.7,Good,Low,Monitor & Maintain
BATCH-02794,2023-09-24,Morning,Leafy Greens,Vegetables,SUP-009,1927.1,3.52,76.66,829.1,185.6,47.2,Yes,Zone-A,4.86,0.08,6,Conveyor-B,3087.85,2504.59,9.35,5284.12,89.16,0,0,Delayed,73.85,2,125.65,6.52,1884.75,Good,Low,Monitor & Maintain
BATCH-02795,2021-12-27,Night,Onion,Root Vegetables,SUP-011,460.03,2.8,62.43,862.3,231.0,71.9,Yes,Zone-C,5.75,3.13,4,Washer-1,3862.42,294.6,2.93,4619.15,74.86,0,0,Partial,80.06,2,37.68,8.19,828.96,Good,Low,Monitor & Maintain
BATCH-02796,2020-01-10,Night,Strawberry,Berries,SUP-010,1385.14,11.64,67.42,1074.7,169.6,47.3,No,Zone-D,3.11,1.36,2,Packer-Z,4737.66,370.19,7.76,3163.78,60.32,0,0,Fulfilled,,0,208.05,15.02,16644.0,Bad,Medium,Restore Cold Chain Immediately
BATCH-02797,2020-06-09,Night,Lemon,Citrus,SUP-001,275.31,14.71,65.47,1509.3,16.9,31.6,No,Zone-A,3.76,5.82,1,Conveyor-A,3067.03,1101.56,4.97,6849.04,,0,0,Fulfilled,87.0,2,45.37,16.48,1361.1,Bad,Medium,Restore Cold Chain Immediately
BATCH-02798,2022-04-16,Night,Strawberry,Berries,SUP-018,1486.08,4.35,45.41,1294.5,78.7,11.0,Yes,Zone-A,2.5,0.78,6,Packer-Z,4073.9,1400.38,2.52,2518.95,73.32,0,0,Fulfilled,93.41,0,74.16,4.99,5932.8,Good,Low,Monitor & Maintain
BATCH-02799,2020-02-04,Morning,Potato,Root Vegetables,SUP-004,759.85,13.5,62.8,868.5,57.6,89.3,No,Zone-A,4.87,1.79,1,Sorter-X,3672.67,2413.73,8.6,4375.94,87.13,0,0,Fulfilled,67.55,0,140.57,18.5,2530.26,Bad,High,Restore Cold Chain Immediately
BATCH-02800,2021-08-02,Afternoon,Orange,Fruits,SUP-005,1394.0,10.59,71.43,804.4,215.6,83.9,Yes,Zone-A,9.93,6.25,2,Sorter-X,1763.61,2783.27,6.96,5046.06,67.56,0,0,Cancelled,63.08,2,212.03,15.21,7421.05,Bad,Medium,Expedite Processing
BATCH-02801,2021-03-18,Night,Orange,Fruits,SUP-009,808.47,35.31210343747872,,1028.4,106.1,76.4,Yes,Zone-A,3.95,0.63,5,Sorter-X,1196.28,1640.7,1.4,6444.8,62.4,0,0,Fulfilled,98.31,2,119.82,14.82,4193.7,Good,Medium,Reduce Storage Temperature
BATCH-02802,2022-11-08,Morning,Orange,Fruits,SUP-017,376.58,14.91,78.74,1444.0,146.8,67.2,No,Zone-C,6.71,1.28,6,Packer-Z,3879.07,1537.37,5.65,2532.55,69.82,1,0,Fulfilled,93.11,1,69.82,18.54,2443.7,Bad,High,Restore Cold Chain Immediately
BATCH-02803,2020-03-22,Afternoon,Onion,Root Vegetables,SUP-003,871.61,13.83,75.17,410.4,235.8,50.5,Yes,Zone-B,6.54,2.79,6,Sorter-X,1551.96,717.73,8.59,5199.3,97.96,0,0,Delayed,71.01,0,92.22,10.58,2028.84,Good,Medium,Monitor & Maintain
BATCH-02804,2021-12-14,Night,Orange,Fruits,SUP-016,314.08,12.27,57.46,1252.6,117.8,86.4,Yes,Zone-C,7.97,2.35,3,Sorter-X,1601.11,1408.43,1.14,1698.11,71.16,0,0,Fulfilled,94.37,1,37.19,11.84,1301.65,Good,Medium,Prioritize Dispatch
BATCH-02805,2022-04-25,Afternoon,Potato,Root Vegetables,SUP-005,1196.08,19.95,56.5,753.4,123.0,76.4,Yes,Zone-B,7.26,3.65,5,Packer-Z,3397.76,2778.57,4.45,6439.2,62.98,0,0,Fulfilled,,1,194.24,16.24,3496.32,Bad,Medium,Reduce Storage Temperature
BATCH-02806,2022-06-20,Night,Mango,Fruits,SUP-016,177.81,19.65,65.89,650.1,416.6,78.7,No,Zone-A,0.61,1.47,6,Sorter-X,4050.81,1239.41,8.15,3023.8,78.46,1,0,Cancelled,74.25,3,42.98,24.17,2578.8,Bad,High,Restore Cold Chain Immediately
BATCH-02807,2021-08-14,Afternoon,Lemon,Citrus,SUP-003,1101.91,11.69,77.98,414.6,274.0,31.1,Yes,Zone-C,3.44,0.77,3,Conveyor-A,3120.49,710.98,8.65,5848.52,90.54,0,0,Fulfilled,93.43,2,86.17,7.82,2585.1,Good,Low,Monitor & Maintain
BATCH-02808,2021-03-20,Night,Potato,Root Vegetables,SUP-020,1784.1,10.19,49.22,,428.4,41.8,Yes,Zone-B,8.77,1.53,1,Conveyor-B,4482.42,1078.16,7.87,5156.91,51.12,0,0,Partial,84.71,2,102.59,5.75,1846.62,Good,Low,Monitor & Maintain
BATCH-02809,2022-09-23,Night,Lemon,Citrus,SUP-015,1691.96,,87.67,1494.7,257.3,68.4,Yes,Zone-B,5.63,0.86,2,Conveyor-A,1451.49,1592.32,3.4,1951.24,77.91,0,0,Fulfilled,91.36,2,137.39,8.12,4121.7,Good,Low,Monitor & Maintain
BATCH-02810,2023-05-22,Afternoon,Potato,Root Vegetables,SUP-003,1777.29,9.71,69.44,473.7,454.6,36.9,No,Zone-A,1.49,0.39,6,Sorter-X,1635.86,1835.9,5.32,2724.57,91.82,0,0,Partial,73.38,1,284.37,16.0,5118.66,Bad,Medium,Restore Cold Chain Immediately
BATCH-02811,2022-10-09,Afternoon,Orange,Fruits,SUP-020,1851.89,11.57,58.79,1026.2,127.4,48.4,No,Zone-A,3.12,1.62,4,Sorter-X,3366.3,1354.05,7.54,3215.57,60.78,0,0,Fulfilled,90.14,3,222.78,12.03,7797.3,Good,Medium,Restore Cold Chain Immediately
BATCH-02812,2023-09-22,Afternoon,Mango,Fruits,SUP-014,298.6,6.92,76.2,583.1,308.3,62.8,Yes,Zone-D,3.19,0.1,2,Sorter-X,,2299.75,1.95,6811.89,96.08,1,0,Partial,71.14,2,44.19,14.8,2651.4,Good,Medium,Activate Backup Supplier
BATCH-02813,2022-11-13,Morning,Leafy Greens,Vegetables,SUP-016,344.62,18.68,47.01,1310.4,251.6,43.1,Yes,Zone-D,8.8,0.07,5,Sorter-X,2927.08,1794.91,6.15,4453.47,,0,0,Fulfilled,87.34,2,38.11,11.06,571.65,Good,Medium,Reduce Storage Temperature
BATCH-02814,2023-01-21,Morning,Strawberry,Berries,SUP-017,1158.31,10.82,66.8,1198.5,459.3,76.5,No,Zone-B,5.76,0.13,3,Packer-Z,546.72,2028.64,7.34,6967.45,75.84,1,0,Fulfilled,74.16,3,260.16,22.46,20812.8,Bad,High,Restore Cold Chain Immediately
BATCH-02815,2020-09-02,Afternoon,Pineapple,Fruits,SUP-020,1798.55,17.16,66.87,756.6,209.2,12.9,Yes,Zone-D,6.28,2.23,2,Conveyor-B,3546.24,2602.46,8.57,1935.68,98.18,0,0,Fulfilled,72.83,0,226.62,12.6,10197.9,Good,Medium,Reduce Storage Temperature
BATCH-02816,2021-09-04,Morning,Mango,Fruits,SUP-018,1951.26,10.56,52.29,540.4,427.4,69.5,Yes,Zone-C,3.99,1.05,3,Packer-Z,4161.12,2610.5,1.56,1698.14,56.48,0,1,Fulfilled,90.05,3,230.05,11.79,13803.0,Good,Medium,Monitor & Maintain
BATCH-02817,2021-12-09,Night,Leafy Greens,Vegetables,SUP-018,187.9,14.93,82.68,1397.5,282.0,15.6,Yes,Zone-B,1.07,1.36,5,Packer-Z,1744.45,690.17,3.63,7169.31,87.01,1,0,Delayed,60.5,3,26.63,14.17,399.45,Good,Medium,Reduce Storage Temperature
BATCH-02818,2021-01-09,Afternoon,Tomato,Vegetables,SUP-014,775.97,8.06,80.86,1209.1,354.3,90.2,Yes,Zone-C,1.21,0.84,5,Sorter-X,743.89,1907.7,5.65,5865.96,90.93,0,0,Partial,95.84,2,92.19,11.88,2304.75,Good,Medium,Prioritize Dispatch
BATCH-02819,2022-02-10,Morning,Potato,Root Vegetables,SUP-018,504.5,13.25,51.87,408.2,443.4,31.5,No,Zone-D,4.49,,2,Conveyor-A,2830.78,2178.26,7.16,6211.07,74.43,1,0,Fulfilled,77.38,0,83.85,16.62,1509.3,Bad,Medium,Restore Cold Chain Immediately
BATCH-02820,2021-02-28,Afternoon,Tomato,Vegetables,SUP-015,1536.34,10.97,61.37,1153.4,498.5,76.8,No,Zone-C,2.19,0.89,6,Conveyor-A,689.7,522.97,7.44,6980.83,50.32,1,1,Fulfilled,82.99,1,330.16,21.49,8254.0,Bad,High,Restore Cold Chain Immediately
BATCH-02821,2022-09-30,Night,Leafy Greens,Vegetables,SUP-015,1316.37,8.61,49.52,1372.4,365.6,51.0,Yes,Zone-B,1.49,,4,Washer-1,2372.08,2544.03,2.91,7380.17,76.22,0,0,Delayed,72.83,0,102.94,7.82,1544.1,Good,Low,Monitor & Maintain
BATCH-02822,2021-11-17,Night,Mango,Fruits,SUP-006,327.79,17.87,83.19,1108.9,157.3,10.6,Yes,Zone-C,2.99,2.27,6,Conveyor-B,580.18,623.36,0.63,2227.71,57.68,0,0,Partial,83.42,2,29.01,8.85,1740.6,Good,Low,Reduce Storage Temperature
BATCH-02823,2021-10-31,Morning,Potato,Root Vegetables,SUP-015,1018.69,,,909.7,149.5,56.8,No,Zone-B,7.55,0.21,4,Washer-1,1512.35,2417.91,7.09,2579.67,78.13,0,0,Fulfilled,86.23,0,137.32,13.48,2471.76,Good,Medium,Restore Cold Chain Immediately
BATCH-02824,2023-12-07,Night,Pineapple,Fruits,SUP-018,1402.34,10.76,64.77,1100.7,154.6,87.7,Yes,Zone-D,1.19,,3,Packer-Z,2249.7,568.25,9.14,2755.61,86.93,0,0,Delayed,93.21,2,156.36,11.15,7036.2,Good,Medium,Prioritize Dispatch
BATCH-02825,2021-07-26,Afternoon,Orange,Fruits,SUP-004,1580.11,5.5,59.57,,49.0,16.8,Yes,Zone-B,4.76,1.3,2,Washer-1,1002.68,2251.16,8.08,6415.01,76.55,0,0,Partial,,3,68.26,4.32,2389.1,Good,Low,Monitor & Maintain
BATCH-02826,2021-06-12,Morning,Potato,Root Vegetables,SUP-008,138.1,17.5,58.95,1168.0,26.8,32.2,Yes,Zone-D,8.35,0.72,1,Washer-1,1013.7,529.63,6.41,3725.74,81.54,0,1,Fulfilled,70.74,3,19.79,14.33,356.22,Good,Medium,Reduce Storage Temperature
BATCH-02827,2021-04-10,Afternoon,Potato,Root Vegetables,SUP-015,1791.89,6.56,78.63,1560.5,290.4,43.3,Yes,Zone-A,3.05,0.22,5,Washer-1,4221.78,1198.61,9.79,5106.91,55.2,1,1,Fulfilled,82.1,3,225.42,12.58,4057.56,Good,Medium,Activate Backup Supplier
BATCH-02828,2023-07-30,Afternoon,Mango,Fruits,SUP-003,1181.63,13.4,78.64,614.4,405.3,27.9,No,Zone-D,3.37,2.43,6,Conveyor-B,686.41,516.2,4.61,6628.84,54.85,1,0,Delayed,89.35,1,206.19,17.45,12371.4,Bad,Medium,Restore Cold Chain Immediately
BATCH-02829,2021-12-26,Afternoon,Mango,Fruits,SUP-015,1642.63,4.98,68.3,1147.7,18.1,90.7,Yes,Zone-B,8.9,1.69,3,Conveyor-A,3600.35,885.07,5.49,5629.16,92.55,0,0,Fulfilled,88.65,3,169.19,10.3,10151.4,Good,Medium,Prioritize Dispatch
BATCH-02830,2022-05-26,Night,Leafy Greens,Vegetables,SUP-013,1635.08,9.29,74.59,625.6,283.3,37.5,Yes,Zone-B,6.68,3.32,5,Conveyor-A,4165.17,2955.09,0.62,2040.06,52.47,0,1,Partial,94.2,0,151.74,9.28,2276.1,Good,Low,Monitor & Maintain
BATCH-02831,2020-09-20,Afternoon,Banana,Fruits,SUP-009,460.72,18.19,68.02,651.9,185.9,63.9,Yes,Zone-A,8.08,0.54,3,Washer-1,1088.25,412.26,9.49,4249.37,64.21,0,0,Fulfilled,91.61,3,56.02,12.16,1120.4,Good,Medium,Reduce Storage Temperature
BATCH-02832,2022-02-28,Night,Potato,Root Vegetables,SUP-002,309.33,4.99,46.29,1203.1,446.2,23.0,Yes,Zone-A,3.25,3.14,2,Conveyor-B,1379.17,1278.75,6.04,2052.18,96.88,0,0,Partial,86.59,2,14.38,4.65,258.84,Good,Low,Monitor & Maintain
BATCH-02833,2021-02-04,Afternoon,Strawberry,Berries,SUP-008,1470.45,13.94,47.97,1499.1,72.7,22.7,Yes,Zone-D,9.97,0.69,3,Conveyor-A,3386.72,2063.07,4.21,4442.08,72.94,1,0,Fulfilled,87.95,2,159.1,10.82,12728.0,Good,Medium,Activate Backup Supplier
BATCH-02834,2022-12-02,Night,Potato,Root Vegetables,SUP-020,397.21,5.68,62.27,590.9,281.7,18.5,Yes,Zone-C,1.84,0.24,3,Sorter-X,,374.34,0.92,2934.15,83.73,0,0,Fulfilled,90.53,0,16.6,4.18,298.8,Good,Low,Monitor & Maintain
BATCH-02835,2023-04-30,Night,Leafy Greens,Vegetables,SUP-017,1714.88,,78.74,1555.0,485.5,42.9,No,Zone-C,9.64,0.29,1,Conveyor-A,2643.9,416.2,3.94,1667.6,61.08,1,1,Partial,91.87,3,304.91,17.78,4573.65,Bad,Medium,Restore Cold Chain Immediately
BATCH-02836,2022-11-09,Night,Lemon,Citrus,SUP-013,1479.76,11.73,86.1,783.2,172.5,52.1,No,Zone-A,9.07,0.5,3,Conveyor-A,4262.01,515.46,0.53,6384.41,63.53,0,0,Delayed,,3,224.48,15.17,6734.4,Bad,Medium,Restore Cold Chain Immediately
BATCH-02837,2022-12-02,Afternoon,Tomato,Vegetables,SUP-001,1699.47,12.39,46.34,869.6,370.9,3.0,Yes,Zone-D,5.74,,4,Conveyor-B,1120.92,1970.46,3.58,7292.11,75.45,0,0,Partial,89.4,0,107.41,6.32,2685.25,Good,Low,Monitor & Maintain
BATCH-02838,2022-01-18,Afternoon,Orange,Fruits,SUP-002,668.12,12.85,61.56,584.4,441.2,80.3,Yes,Zone-A,6.06,0.56,3,Conveyor-B,3288.44,2737.08,9.54,7261.61,81.91,0,0,Fulfilled,,1,65.81,9.85,2303.35,Good,Low,Prioritize Dispatch
BATCH-02839,2022-11-05,Night,Banana,Fruits,SUP-015,701.54,13.52,55.07,1139.0,93.1,50.2,No,Zone-A,7.86,1.85,3,Conveyor-A,4740.79,2495.37,1.97,3398.27,,0,1,Fulfilled,65.25,2,139.12,19.83,2782.4,Bad,High,Restore Cold Chain Immediately
BATCH-02840,2021-09-09,Afternoon,Pineapple,Fruits,SUP-012,1375.32,6.89,81.68,1115.7,496.3,16.8,Yes,Zone-B,3.41,0.59,2,Sorter-X,758.6,2950.86,5.68,6475.17,78.72,0,0,Fulfilled,57.12,2,61.06,4.44,2747.7,Good,Low,Quality Re-inspection Required
BATCH-02841,2022-08-09,Night,Pineapple,Fruits,SUP-014,159.75,9.22,83.07,930.7,404.7,8.3,Yes,Zone-B,5.51,0.91,3,Sorter-X,770.03,1776.6,2.27,5603.69,54.8,0,0,Partial,58.19,3,14.19,8.88,638.55,Good,Low,Quality Re-inspection Required
BATCH-02842,2021-01-13,Afternoon,Pineapple,Fruits,SUP-002,1480.34,2.67,54.29,971.3,68.8,7.9,Yes,Zone-B,9.07,4.41,1,Washer-1,,2888.28,7.94,6308.44,68.35,0,0,Partial,64.54,0,80.38,5.43,3617.1,Good,Low,Quality Re-inspection Required
BATCH-02843,2020-04-11,Night,Mango,Fruits,SUP-018,1687.99,15.84,76.99,1147.6,155.4,26.2,Yes,Zone-A,1.15,1.39,2,Washer-1,4820.34,984.31,5.84,6576.64,62.21,0,0,Partial,95.47,0,155.63,9.22,9337.8,Good,Low,Reduce Storage Temperature
BATCH-02844,2021-08-26,Night,Pineapple,Fruits,SUP-007,888.81,17.07,77.93,1100.2,312.5,48.9,Yes,Zone-D,9.1,1.83,5,Conveyor-A,1492.13,1322.36,2.42,7355.42,62.72,0,0,Partial,60.58,3,130.92,14.73,5891.4,Good,Medium,Reduce Storage Temperature
BATCH-02845,2021-11-05,Morning,Orange,Fruits,SUP-006,1553.27,5.59,52.97,849.1,442.5,82.9,Yes,Zone-C,7.42,0.42,4,Conveyor-A,1988.56,1248.52,8.73,2541.55,75.27,0,0,Fulfilled,87.89,1,98.79,6.36,3457.65,Good,Low,Prioritize Dispatch
BATCH-02846,2021-01-09,Afternoon,Tomato,Vegetables,SUP-014,431.76,5.63,64.52,1460.9,97.4,86.9,Yes,Zone-C,7.81,0.28,4,Conveyor-A,943.92,237.34,7.95,6132.22,65.83,1,0,Fulfilled,93.15,0,50.34,11.66,1258.5,Good,Medium,Prioritize Dispatch
BATCH-02847,2022-11-28,Afternoon,Pineapple,Fruits,SUP-008,712.29,2.76,72.92,1201.2,365.6,80.2,Yes,Zone-B,1.11,,5,Sorter-X,2130.11,2506.15,9.54,5925.43,64.47,1,0,Fulfilled,93.61,0,55.2,7.75,2484.0,Good,Low,Prioritize Dispatch
BATCH-02848,2020-04-17,Morning,Potato,Root Vegetables,SUP-002,1951.18,19.47,46.17,646.5,135.3,32.9,Yes,Zone-D,2.28,3.87,3,Packer-Z,699.5,171.68,0.51,3331.75,98.4,0,0,Fulfilled,73.34,1,277.07,14.2,4987.26,Good,Medium,Reduce Storage Temperature
BATCH-02849,2020-11-21,Night,Potato,Root Vegetables,SUP-017,1974.02,16.53,63.21,783.9,402.7,30.8,Yes,Zone-B,9.29,0.55,1,Washer-1,2250.92,2216.64,4.84,3940.93,79.2,0,0,Fulfilled,76.79,0,156.34,7.92,2814.12,Good,Low,Reduce Storage Temperature
BATCH-02850,2022-12-28,Night,Mango,Fruits,SUP-005,1073.95,,51.97,1345.5,341.7,94.8,No,Zone-D,1.68,1.94,1,Washer-1,2999.69,1280.49,10.0,2686.96,63.09,0,0,Partial,69.22,3,160.56,14.95,9633.6,Good,Medium,Restore Cold Chain Immediately
BATCH-02851,2021-09-30,Morning,Orange,Fruits,SUP-014,1875.11,10.67,69.39,,261.5,66.0,Yes,Zone-D,6.5,4.11,1,Packer-Z,4887.52,118.12,8.21,6966.12,63.79,0,1,Fulfilled,,2,307.14,16.38,10749.9,Bad,Medium,Quality Re-inspection Required
BATCH-02852,2022-10-26,Morning,Tomato,Vegetables,SUP-020,1093.19,7.26,82.93,1300.3,324.9,30.7,Yes,Zone-D,7.94,,1,Conveyor-A,4182.75,940.85,8.4,6768.94,90.55,0,0,Fulfilled,64.34,2,113.25,10.36,2831.25,Good,Medium,Expedite Processing
BATCH-02853,2022-04-08,Night,Banana,Fruits,SUP-003,654.02,12.75,68.61,830.6,438.2,32.9,Yes,Zone-A,2.7,10.16,3,Washer-1,4199.29,1103.77,6.4,5227.54,94.32,0,0,Fulfilled,60.93,3,91.76,14.03,1835.2,Good,Medium,Expedite Processing
BATCH-02854,2023-10-20,Afternoon,Leafy Greens,Vegetables,SUP-005,607.11,14.91,46.62,1062.0,193.2,42.9,Yes,Zone-D,7.14,2.88,5,Sorter-X,1526.65,2897.64,7.27,4632.57,83.95,0,0,Fulfilled,72.93,3,71.88,11.84,1078.2,Good,Medium,Reduce Storage Temperature
BATCH-02855,2022-05-22,Morning,Tomato,Vegetables,SUP-016,1866.06,10.05,46.33,736.7,384.6,60.4,No,Zone-A,1.12,0.16,5,Packer-Z,892.56,2017.13,8.15,3013.08,71.57,0,1,Partial,62.5,3,303.61,16.27,7590.25,Bad,Medium,Restore Cold Chain Immediately
BATCH-02856,2020-01-22,Morning,Leafy Greens,Vegetables,SUP-018,427.65,,72.25,1583.7,79.5,86.4,Yes,Zone-C,5.24,4.1,4,Sorter-X,3213.84,1676.36,1.38,6247.6,88.23,0,1,Partial,72.75,1,78.3,18.31,1174.5,Bad,High,Reduce Storage Temperature
BATCH-02857,2021-05-30,Morning,Lemon,Citrus,SUP-017,1201.3,11.31,59.76,1487.0,350.6,20.6,Yes,Zone-C,3.68,4.34,5,Conveyor-A,2845.12,468.45,7.08,1707.67,96.87,0,0,Partial,92.45,3,94.66,7.88,2839.8,Good,Low,Monitor & Maintain
BATCH-02858,2020-07-27,Morning,Leafy Greens,Vegetables,SUP-011,1155.5,,70.77,1514.1,375.3,9.9,Yes,Zone-A,6.63,1.63,1,Washer-1,2824.27,1234.2,8.25,4348.79,58.31,1,0,Fulfilled,83.8,1,70.49,6.1,1057.35,Good,Low,Activate Backup Supplier
BATCH-02859,2023-09-11,Morning,Strawberry,Berries,SUP-017,1505.28,13.2,52.36,621.7,221.5,40.1,Yes,Zone-C,8.95,0.14,3,Sorter-X,990.54,203.72,0.89,6659.8,93.09,0,1,Fulfilled,84.16,1,159.26,10.58,12740.8,Good,Medium,Monitor & Maintain
BATCH-02860,2020-05-31,Morning,Potato,Root Vegetables,SUP-016,1048.56,10.32,79.96,1410.0,396.8,25.1,Yes,Zone-C,1.69,1.3,2,Packer-Z,2722.48,2308.89,3.32,5253.4,92.44,0,0,Partial,90.72,3,52.64,5.02,947.52,Good,Low,Monitor & Maintain
BATCH-02861,2021-07-20,Night,Orange,Fruits,SUP-002,617.34,18.84,83.73,1042.5,278.6,56.1,No,Zone-B,4.78,0.47,2,Conveyor-A,1176.6,572.05,3.58,5350.06,68.33,0,1,Delayed,56.81,3,127.67,20.68,4468.45,Bad,High,Restore Cold Chain Immediately
BATCH-02862,2020-11-26,Night,Onion,Root Vegetables,SUP-004,421.85,39.28309453634471,85.02,1249.4,468.1,67.7,Yes,Zone-A,4.52,1.17,1,Washer-1,2399.52,1823.86,8.62,2070.81,,0,0,Fulfilled,89.96,0,37.38,8.86,822.36,Good,Low,Monitor & Maintain
BATCH-02863,2023-05-21,Morning,Mango,Fruits,SUP-007,1279.56,9.25,58.68,661.0,56.2,31.2,Yes,Zone-A,3.58,2.58,6,Washer-1,779.73,2128.24,7.91,3325.75,78.27,0,1,Fulfilled,63.64,0,120.92,9.45,7255.2,Good,Low,Quality Re-inspection Required
BATCH-02864,2021-03-26,Night,Strawberry,Berries,SUP-002,1466.08,13.71,74.73,1254.4,65.4,66.4,No,Zone-A,5.06,2.2,4,Conveyor-A,4356.02,1162.88,6.74,5575.14,63.61,0,0,Fulfilled,70.22,2,285.15,19.45,22812.0,Bad,High,Restore Cold Chain Immediately
BATCH-02865,2023-12-19,Afternoon,Leafy Greens,Vegetables,SUP-006,1182.09,11.49,57.56,1497.1,421.2,34.3,Yes,Zone-B,8.87,3.03,2,Conveyor-A,559.31,1934.52,8.14,1948.28,57.27,0,0,Partial,68.55,1,127.19,10.76,1907.85,Good,Medium,Quality Re-inspection Required
BATCH-02866,2020-02-26,Afternoon,Pineapple,Fruits,SUP-017,1502.87,8.74,79.32,721.0,421.2,61.7,Yes,Zone-A,9.75,,6,Conveyor-A,4726.95,2316.28,4.81,3582.74,97.65,0,0,Partial,59.65,1,186.06,12.38,8372.7,Good,Medium,Quality Re-inspection Required
BATCH-02867,2020-07-06,Morning,Orange,Fruits,SUP-007,368.89,19.82,50.42,680.0,235.6,61.5,No,Zone-C,0.53,1.43,1,Sorter-X,4383.01,633.96,8.81,3716.42,74.57,0,0,Cancelled,62.64,1,81.23,22.02,2843.05,Bad,High,Restore Cold Chain Immediately
BATCH-02868,2020-11-23,Afternoon,Strawberry,Berries,SUP-005,1776.69,7.44,79.32,525.3,482.0,28.1,Yes,Zone-D,7.52,5.49,3,Conveyor-B,3886.74,1842.49,2.73,4557.55,73.61,0,0,Partial,97.08,2,196.15,11.04,15692.0,Good,Medium,Expedite Processing
BATCH-02869,2023-03-30,Afternoon,Mango,Fruits,SUP-005,1206.55,7.0,64.79,720.2,339.7,61.8,No,Zone-B,6.34,1.99,2,Washer-1,4921.48,2228.26,7.19,3765.4,56.31,1,0,Fulfilled,81.41,1,204.27,16.93,12256.2,Bad,Medium,Restore Cold Chain Immediately
BATCH-02870,2023-07-06,Night,Potato,Root Vegetables,SUP-020,341.0,17.56,83.5,1043.0,491.4,37.8,Yes,Zone-B,9.95,2.75,1,Sorter-X,742.19,1135.44,2.8,4298.42,75.21,0,0,Partial,,2,44.19,12.96,795.42,Good,Medium,Reduce Storage Temperature
BATCH-02871,2020-04-14,Night,Orange,Fruits,SUP-016,977.66,2.06,78.25,1399.3,266.2,33.6,No,Zone-A,1.35,2.18,2,Packer-Z,3387.19,571.22,0.88,4838.05,87.14,1,0,Cancelled,88.34,1,116.93,11.96,4092.55,Good,Medium,Restore Cold Chain Immediately
BATCH-02872,2020-02-17,Night,Mango,Fruits,SUP-019,1705.1,5.62,61.94,734.6,100.8,29.2,No,Zone-D,8.21,2.05,3,Washer-1,4321.86,929.74,3.2,2405.7,62.4,0,1,Partial,90.8,2,246.9,14.48,14814.0,Good,Medium,Restore Cold Chain Immediately
BATCH-02873,2022-12-23,Night,Lemon,Citrus,SUP-009,1805.37,12.63,85.66,1145.4,222.2,34.5,Yes,Zone-D,9.37,4.9,5,Conveyor-B,1069.78,2805.92,5.18,2708.56,68.44,0,0,Fulfilled,59.85,2,225.85,12.51,6775.5,Good,Medium,Quality Re-inspection Required
BATCH-02874,2020-07-13,Afternoon,Lemon,Citrus,SUP-005,602.83,4.92,57.75,975.5,490.2,76.0,No,Zone-D,9.17,0.88,5,Packer-Z,3131.49,1136.6,8.51,6496.89,58.95,0,0,Fulfilled,87.6,0,64.62,10.72,1938.6,Good,Medium,Restore Cold Chain Immediately
BATCH-02875,2020-07-13,Morning,Mango,Fruits,SUP-008,1451.41,19.74,,746.3,185.2,25.0,Yes,Zone-C,5.83,1.12,3,Washer-1,2272.65,412.33,5.33,4331.25,67.75,0,0,Fulfilled,96.03,3,128.59,8.86,7715.4,Good,Low,Reduce Storage Temperature
BATCH-02876,2020-02-02,Night,Strawberry,Berries,SUP-009,289.97,10.36,79.52,,478.5,66.1,Yes,Zone-D,3.61,0.96,3,Conveyor-B,2461.22,339.91,2.2,3723.43,93.06,1,0,Delayed,80.76,2,36.39,12.55,2911.2,Good,Medium,Activate Backup Supplier
BATCH-02877,2020-03-13,Afternoon,Orange,Fruits,SUP-005,163.74,,89.58,601.6,398.5,86.7,Yes,Zone-A,6.58,2.9,5,Conveyor-A,4606.36,623.44,9.93,4180.85,61.85,0,0,Partial,82.02,3,17.88,10.92,625.8,Good,Medium,Prioritize Dispatch
BATCH-02878,2021-01-19,Night,Strawberry,Berries,SUP-010,1164.76,4.89,47.43,1167.5,221.1,34.9,Yes,Zone-C,3.41,4.06,3,Conveyor-B,2923.93,469.79,3.07,2675.7,,0,0,Delayed,,1,73.96,6.35,5916.8,Good,Low,Monitor & Maintain
BATCH-02879,2020-04-04,Afternoon,Banana,Fruits,SUP-002,1420.17,7.21,57.33,538.8,270.9,4.8,No,Zone-D,4.42,0.88,3,Washer-1,919.68,1535.63,9.86,3053.51,76.81,0,0,Fulfilled,84.9,3,114.18,8.04,2283.6,Good,Low,Restore Cold Chain Immediately
BATCH-02880,2021-06-22,Night,Leafy Greens,Vegetables,SUP-009,1611.99,13.06,78.36,1277.2,303.7,4.3,No,Zone-A,4.73,0.31,3,Conveyor-B,4717.47,1107.9,9.4,4655.19,78.97,1,1,Delayed,98.79,1,257.11,15.95,3856.65,Bad,Medium,Restore Cold Chain Immediately
BATCH-02881,2023-04-30,Morning,Banana,Fruits,SUP-011,746.41,11.89,86.5,,332.9,15.1,No,Zone-C,3.37,1.36,5,Washer-1,1333.45,2540.08,5.65,3745.36,66.45,0,1,Fulfilled,67.44,3,120.69,16.17,2413.8,Bad,Medium,Restore Cold Chain Immediately
BATCH-02882,2021-04-21,Night,Lemon,Citrus,SUP-004,112.4,16.12,46.29,1597.8,38.3,12.3,No,Zone-C,3.75,8.31,5,Washer-1,4516.87,2655.13,1.37,4422.4,82.08,1,0,Fulfilled,92.2,2,24.06,21.41,721.8,Bad,High,Restore Cold Chain Immediately
BATCH-02883,2022-11-28,Morning,Potato,Root Vegetables,SUP-002,1011.09,6.85,45.0,1388.4,466.8,72.3,Yes,Zone-D,0.57,0.46,6,Conveyor-B,,1472.51,7.11,2529.78,51.9,0,0,Fulfilled,81.95,2,80.58,7.97,1450.44,Good,Low,Prioritize Dispatch
BATCH-02884,2020-05-17,Night,Tomato,Vegetables,SUP-006,130.12,13.76,56.53,812.6,298.5,29.7,No,Zone-C,3.32,1.2,2,Conveyor-B,4450.27,2676.73,8.53,2569.08,67.03,1,0,Fulfilled,71.09,0,26.34,20.24,658.5,Bad,High,Restore Cold Chain Immediately
BATCH-02885,2022-08-20,Night,Leafy Greens,Vegetables,SUP-014,274.77,,83.38,911.4,465.6,63.3,Yes,Zone-B,4.99,0.63,5,Packer-Z,3547.1,1406.34,4.73,3890.71,57.23,0,0,Cancelled,93.85,2,20.69,7.53,310.35,Good,Low,Monitor & Maintain
BATCH-02886,2021-04-07,Night,Lemon,Citrus,SUP-001,720.71,12.56,79.52,,315.9,6.0,No,Zone-A,2.14,5.12,2,Packer-Z,3845.98,1961.69,2.77,3861.16,61.49,0,0,Fulfilled,98.83,3,81.73,11.34,2451.9,Good,Medium,Restore Cold Chain Immediately
BATCH-02887,2022-12-30,Afternoon,Strawberry,Berries,SUP-018,930.63,12.89,60.31,1320.5,215.5,29.8,No,Zone-D,8.15,1.6,5,Sorter-X,3649.4,571.35,8.13,6792.16,69.13,0,0,Fulfilled,57.55,3,188.64,20.27,15091.2,Bad,High,Restore Cold Chain Immediately
BATCH-02888,2020-07-17,Afternoon,Strawberry,Berries,SUP-007,630.99,4.19,45.09,,283.5,24.0,Yes,Zone-A,5.61,1.73,4,Washer-1,2572.36,252.49,5.68,1854.35,74.67,0,0,Delayed,95.72,0,31.61,5.01,2528.8,Good,Low,Monitor & Maintain
BATCH-02889,2023-08-03,Morning,Strawberry,Berries,SUP-001,1205.54,11.88,69.96,1306.2,414.8,28.0,Yes,Zone-A,8.04,,2,Packer-Z,1734.89,564.25,2.38,7428.49,54.66,0,1,Partial,63.94,1,117.66,9.76,9412.8,Good,Low,Quality Re-inspection Required
BATCH-02890,2020-12-20,Morning,Potato,Root Vegetables,SUP-001,205.16,2.21,,422.1,163.1,19.9,No,Zone-B,1.72,2.12,3,Sorter-X,1782.51,830.35,9.52,7217.4,55.07,0,0,Fulfilled,64.03,3,19.76,9.63,355.68,Good,Low,Restore Cold Chain Immediately
BATCH-02891,2021-05-30,Afternoon,Banana,Fruits,SUP-001,374.7,11.02,78.55,562.7,478.2,60.1,Yes,Zone-C,8.29,0.73,4,Washer-1,3790.26,2277.85,9.51,4810.48,83.7,0,0,Fulfilled,56.84,3,50.77,13.55,1015.4,Good,Medium,Quality Re-inspection Required
BATCH-02892,2023-10-19,Morning,Tomato,Vegetables,SUP-004,1420.99,14.56,65.09,838.0,233.0,64.3,Yes,Zone-B,9.6,1.44,6,Sorter-X,3317.16,603.17,3.99,5835.98,70.21,1,0,Partial,95.58,0,209.74,14.76,5243.5,Good,Medium,Reduce Storage Temperature
BATCH-02893,2022-04-24,Morning,Strawberry,Berries,SUP-004,370.07,3.31,75.54,530.7,478.1,16.0,No,Zone-B,3.85,1.51,5,Packer-Z,3131.98,478.9,1.11,7093.83,58.83,0,0,Fulfilled,88.41,2,37.27,10.07,2981.6,Good,Medium,Restore Cold Chain Immediately
BATCH-02894,2021-06-18,Afternoon,Onion,Root Vegetables,SUP-018,1315.57,18.9,83.35,,440.4,71.7,Yes,Zone-C,3.2,1.79,5,Sorter-X,,2790.07,6.49,3119.44,61.75,0,0,Fulfilled,57.35,1,195.89,14.89,4309.58,Good,Medium,Reduce Storage Temperature
BATCH-02895,2023-10-18,Afternoon,Leafy Greens,Vegetables,SUP-011,203.9,10.26,69.11,461.0,383.8,25.5,No,Zone-D,6.64,3.47,6,Conveyor-B,3986.54,2097.53,3.51,3493.81,86.0,0,0,Fulfilled,82.88,3,26.69,13.09,400.35,Good,Medium,Restore Cold Chain Immediately
BATCH-02896,2021-04-25,Afternoon,Orange,Fruits,SUP-001,874.03,18.89,60.12,1431.7,233.7,28.6,No,Zone-A,6.54,,4,Sorter-X,3867.53,1472.59,1.13,2304.47,52.59,0,0,Fulfilled,60.29,3,182.76,20.91,6396.6,Bad,High,Restore Cold Chain Immediately
BATCH-02897,2020-05-18,Afternoon,Onion,Root Vegetables,SUP-010,437.08,3.93,79.63,1313.6,293.5,79.9,Yes,Zone-D,1.57,0.59,1,Conveyor-A,974.28,375.41,8.97,4935.95,75.44,0,0,Partial,88.06,2,34.44,7.88,757.68,Good,Low,Prioritize Dispatch
BATCH-02898,2023-12-26,Night,Tomato,Vegetables,SUP-009,308.31,,56.93,659.5,419.0,86.7,No,Zone-D,9.3,3.18,3,Conveyor-A,,2570.19,9.98,2586.4,68.02,0,0,Delayed,73.0,2,66.07,21.43,1651.75,Bad,High,Restore Cold Chain Immediately
BATCH-02899,2021-01-26,Afternoon,Potato,Root Vegetables,SUP-004,1177.36,3.97,85.12,980.6,272.0,79.5,Yes,Zone-B,5.05,2.54,2,Sorter-X,1687.85,413.95,3.83,7068.36,90.56,0,0,Partial,57.28,3,148.23,12.59,2668.14,Good,Medium,Prioritize Dispatch
BATCH-02900,2023-05-27,Morning,Tomato,Vegetables,SUP-006,1863.84,10.31,48.21,942.2,369.1,15.9,No,Zone-C,7.76,0.51,4,Conveyor-A,2922.07,1872.03,7.58,4167.4,89.51,0,0,Partial,91.49,1,270.07,14.49,6751.75,Good,Medium,Restore Cold Chain Immediately
BATCH-02901,2020-08-29,Night,Orange,Fruits,SUP-016,204.1,18.88,82.6,1269.8,395.3,95.9,Yes,Zone-C,3.91,0.0,2,Sorter-X,776.37,2036.26,1.12,7003.38,84.46,0,1,Partial,80.19,0,33.45,16.39,1170.75,Bad,Medium,Reduce Storage Temperature
BATCH-02902,2022-12-03,Night,Leafy Greens,Vegetables,SUP-002,900.95,6.19,49.12,881.8,256.5,65.2,No,Zone-A,2.98,2.19,5,Sorter-X,3931.09,1260.4,4.01,2851.63,69.24,0,0,Partial,89.01,0,113.79,12.63,1706.85,Good,Medium,Restore Cold Chain Immediately
BATCH-02903,2022-02-04,Morning,Orange,Fruits,SUP-018,1444.32,2.63,47.53,439.5,268.1,50.0,Yes,Zone-C,1.56,0.34,1,Sorter-X,,2742.53,1.53,5692.35,81.56,0,0,Partial,84.68,0,101.25,7.01,3543.75,Good,Low,Monitor & Maintain
BATCH-02904,2023-12-03,Night,Mango,Fruits,SUP-010,979.11,16.28,61.35,728.5,98.9,91.8,Yes,Zone-D,3.11,6.29,6,Conveyor-A,1721.31,247.03,1.03,5422.51,,0,0,Delayed,74.11,0,188.09,19.21,11285.4,Bad,High,Reduce Storage Temperature
BATCH-02905,2022-03-18,Morning,Leafy Greens,Vegetables,SUP-017,1632.34,12.73,88.04,959.4,122.4,78.8,No,Zone-C,9.94,1.85,1,Washer-1,4022.34,2472.54,6.09,3982.12,66.61,0,0,Partial,85.74,3,326.14,19.98,4892.1,Bad,High,Restore Cold Chain Immediately
BATCH-02906,2020-02-06,Night,Tomato,Vegetables,SUP-013,441.33,11.25,89.26,1569.4,452.5,67.0,Yes,Zone-C,6.75,3.79,2,Sorter-X,732.02,1706.0,8.12,6879.37,94.0,1,0,Fulfilled,55.65,3,76.0,17.22,1900.0,Bad,Medium,Activate Backup Supplier
BATCH-02907,2022-05-31,Night,Strawberry,Berries,SUP-018,1923.23,2.62,54.09,1457.4,420.2,80.8,No,Zone-D,8.13,3.28,6,Sorter-X,3470.9,1872.49,4.8,4186.2,99.24,0,0,Partial,,0,277.33,14.42,22186.4,Good,Medium,Restore Cold Chain Immediately
BATCH-02908,2020-07-31,Morning,Tomato,Vegetables,SUP-013,831.81,13.76,,617.7,5.1,38.2,No,Zone-A,9.61,1.63,5,Conveyor-B,4660.15,2961.79,5.48,2812.88,65.72,0,0,Fulfilled,,0,137.0,16.47,3425.0,Bad,Medium,Restore Cold Chain Immediately
BATCH-02909,2023-03-11,Morning,Tomato,Vegetables,SUP-017,748.98,5.09,60.88,1267.9,434.7,66.3,Yes,Zone-A,1.25,1.15,6,Conveyor-B,3279.37,1789.68,3.07,7336.29,90.06,0,0,Partial,88.57,1,47.78,6.38,1194.5,Good,Low,Monitor & Maintain
BATCH-02910,2023-06-04,Morning,Leafy Greens,Vegetables,SUP-005,1761.75,18.76,60.17,,12.6,19.9,No,Zone-D,2.06,1.37,6,Packer-Z,3706.96,2411.38,7.5,4225.01,75.05,0,0,Delayed,94.05,3,265.5,15.07,3982.5,Bad,Medium,Restore Cold Chain Immediately
BATCH-02911,2021-12-04,Morning,Mango,Fruits,SUP-011,1171.35,14.34,79.18,410.6,229.1,94.9,Yes,Zone-C,9.32,3.25,1,Conveyor-A,4065.2,545.24,3.93,2868.9,73.18,0,0,Fulfilled,81.89,2,169.61,14.48,10176.6,Good,Medium,Reduce Storage Temperature
BATCH-02912,2023-02-17,Afternoon,Tomato,Vegetables,SUP-007,1081.24,14.73,64.98,1265.1,33.7,57.4,Yes,Zone-C,5.86,2.05,3,Washer-1,1500.11,2446.94,1.14,3772.71,69.33,0,0,Partial,96.46,1,111.37,10.3,2784.25,Good,Medium,Reduce Storage Temperature
BATCH-02913,2020-07-30,Afternoon,Onion,Root Vegetables,SUP-010,1481.26,6.19,80.09,951.2,484.4,78.5,Yes,Zone-A,6.53,,5,Sorter-X,3114.34,2307.11,2.07,5224.49,64.6,0,0,Fulfilled,79.54,3,117.02,7.9,2574.44,Good,Low,Prioritize Dispatch
BATCH-02914,2021-12-19,Morning,Lemon,Citrus,SUP-017,1201.69,,78.69,1216.3,486.2,40.3,Yes,Zone-A,4.56,,4,Sorter-X,,2907.52,1.72,4634.88,95.98,0,0,Partial,,3,128.1,10.66,3843.0,Good,Medium,Reduce Storage Temperature
BATCH-02915,2021-07-29,Afternoon,Pineapple,Fruits,SUP-015,408.78,11.68,71.02,1126.7,305.4,73.3,Yes,Zone-A,8.24,,4,Conveyor-A,,2813.56,4.64,5350.03,87.04,0,0,Partial,63.68,2,49.54,12.12,2229.3,Good,Medium,Prioritize Dispatch
BATCH-02916,2022-06-11,Morning,Pineapple,Fruits,SUP-018,1380.98,17.43,82.51,1581.6,196.1,38.4,Yes,Zone-B,5.41,0.13,4,Packer-Z,1366.05,720.56,1.12,5505.39,72.04,0,0,Partial,89.27,1,127.19,9.21,5723.55,Good,Low,Reduce Storage Temperature
BATCH-02917,2020-03-05,Morning,Tomato,Vegetables,SUP-019,353.59,6.88,53.8,746.6,256.0,57.5,Yes,Zone-A,8.35,0.96,3,Packer-Z,3134.44,1448.31,8.16,2376.84,,0,0,Fulfilled,85.45,2,18.74,5.3,468.5,Good,Low,Monitor & Maintain
BATCH-02918,2023-01-03,Night,Onion,Root Vegetables,SUP-002,1631.13,15.6,52.28,1343.4,381.1,75.1,Yes,Zone-C,9.93,0.52,5,Conveyor-B,4075.39,2743.3,9.13,3489.48,85.93,0,0,Delayed,75.27,2,217.1,13.31,4776.2,Good,Medium,Reduce Storage Temperature
BATCH-02919,2020-04-25,Morning,Strawberry,Berries,SUP-004,1980.5,12.34,78.78,681.6,111.6,12.9,No,Zone-A,6.64,3.65,6,Conveyor-A,4441.5,1958.22,2.86,6009.95,63.37,0,0,Fulfilled,58.83,1,331.34,16.73,26507.2,Bad,Medium,Restore Cold Chain Immediately
BATCH-02920,2022-08-16,Morning,Potato,Root Vegetables,SUP-003,817.04,2.87,56.02,922.7,220.9,35.5,Yes,Zone-C,5.52,0.22,2,Packer-Z,2428.64,1444.73,5.11,5438.63,58.81,0,0,Partial,60.53,0,59.15,7.24,1064.7,Good,Low,Quality Re-inspection Required
BATCH-02921,2020-01-27,Morning,Potato,Root Vegetables,SUP-007,945.04,9.3,45.13,1570.5,368.6,53.2,Yes,Zone-C,3.97,0.89,2,Packer-Z,2178.05,415.92,5.43,2173.3,91.81,0,0,Partial,60.04,2,100.46,10.63,1808.28,Good,Medium,Quality Re-inspection Required
BATCH-02922,2023-04-29,Morning,Leafy Greens,Vegetables,SUP-018,188.22,5.31,86.04,1319.4,197.7,33.4,Yes,Zone-C,2.35,2.38,5,Washer-1,,1120.1,9.86,3491.01,90.57,1,0,Partial,71.53,3,18.6,9.88,279.0,Good,Low,Activate Backup Supplier
BATCH-02923,2020-09-12,Night,Pineapple,Fruits,SUP-010,126.09,8.47,73.03,779.0,16.0,31.1,Yes,Zone-A,6.74,4.55,3,Conveyor-B,4011.62,2029.2,1.12,7070.98,99.84,0,0,Fulfilled,62.0,1,13.92,11.04,626.4,Good,Medium,Quality Re-inspection Required
BATCH-02924,2022-01-22,Morning,Tomato,Vegetables,SUP-007,1850.7,8.9,65.02,1143.2,253.7,28.5,No,Zone-A,1.1,0.82,5,Conveyor-B,1639.94,2353.05,6.84,6668.29,50.97,0,0,Partial,92.88,2,221.53,11.97,5538.25,Good,Medium,Restore Cold Chain Immediately
BATCH-02925,2021-01-16,Night,Potato,Root Vegetables,SUP-008,344.39,10.55,77.66,459.6,368.7,23.4,No,Zone-D,9.58,,2,Conveyor-B,1837.81,1396.78,3.78,5556.43,77.02,1,1,Partial,94.57,3,61.51,17.86,1107.18,Bad,Medium,Restore Cold Chain Immediately
BATCH-02926,2022-11-21,Morning,Tomato,Vegetables,SUP-006,946.98,12.81,60.0,719.7,488.4,81.8,Yes,Zone-A,6.65,0.94,5,Packer-Z,2900.27,261.95,5.27,2083.34,85.07,0,0,Fulfilled,92.7,0,110.89,11.71,2772.25,Good,Medium,Prioritize Dispatch
BATCH-02927,2021-04-14,Night,Leafy Greens,Vegetables,SUP-001,1649.17,12.28,87.91,1262.1,18.5,88.8,Yes,Zone-A,9.61,0.45,4,Sorter-X,2499.74,1936.2,2.56,5186.99,79.13,0,0,Fulfilled,81.79,3,181.41,11.0,2721.15,Good,Medium,Prioritize Dispatch
BATCH-02928,2022-11-23,Afternoon,Pineapple,Fruits,SUP-004,1789.71,2.7,48.09,1084.1,270.0,67.8,No,Zone-A,3.09,0.79,6,Packer-Z,3676.04,2772.6,2.02,1730.81,85.52,0,0,Fulfilled,81.24,2,248.95,13.91,11202.75,Good,Medium,Restore Cold Chain Immediately
BATCH-02929,2021-02-19,Night,Orange,Fruits,SUP-014,1086.86,15.51,73.84,963.6,225.0,4.8,No,Zone-B,9.49,2.02,5,Packer-Z,2770.18,1539.59,2.81,5501.14,56.86,0,0,Delayed,94.2,3,148.03,13.62,5181.05,Good,Medium,Restore Cold Chain Immediately
BATCH-02930,2023-01-03,Night,Lemon,Citrus,SUP-017,1173.56,19.09,79.98,,121.2,75.9,Yes,Zone-A,6.32,2.52,6,Conveyor-A,1002.2,2792.43,1.18,5908.34,50.08,1,0,Partial,72.88,0,217.46,18.53,6523.8,Bad,High,Reduce Storage Temperature
BATCH-02931,2020-02-14,Morning,Lemon,Citrus,SUP-020,1372.4,8.28,66.11,878.2,318.9,52.0,No,Zone-B,8.2,0.93,1,Conveyor-B,1246.79,1126.89,3.14,4548.99,54.65,0,0,Partial,57.74,3,240.58,17.53,7217.4,Bad,Medium,Restore Cold Chain Immediately
BATCH-02932,2021-02-17,Night,Potato,Root Vegetables,SUP-018,1926.63,5.24,78.97,431.4,81.8,73.3,Yes,Zone-C,2.2,0.33,5,Conveyor-B,4558.59,2670.46,7.06,1682.12,69.0,0,0,Delayed,75.7,3,145.27,7.54,2614.86,Good,Low,Prioritize Dispatch
BATCH-02933,2021-12-29,Night,Lemon,Citrus,SUP-011,1245.07,11.72,,929.2,141.9,43.1,Yes,Zone-C,5.25,0.3,2,Washer-1,1523.29,2380.39,6.69,5533.0,66.45,1,0,Fulfilled,79.36,3,140.82,11.31,4224.6,Good,Medium,Activate Backup Supplier
BATCH-02934,2020-03-06,Morning,Orange,Fruits,SUP-014,1163.0,14.69,78.48,1482.6,390.9,5.9,Yes,Zone-C,5.91,3.35,2,Conveyor-B,725.39,2889.05,5.77,6422.69,93.7,0,0,Partial,79.18,2,114.9,9.88,4021.5,Good,Low,Reduce Storage Temperature
BATCH-02935,2020-09-28,Afternoon,Tomato,Vegetables,SUP-009,127.61,14.22,58.92,1427.9,230.2,66.1,No,Zone-C,4.23,2.12,6,Packer-Z,3791.55,2393.96,0.5,5063.89,54.18,0,0,Partial,62.0,0,25.6,20.06,640.0,Bad,High,Restore Cold Chain Immediately
BATCH-02936,2023-09-26,Afternoon,Leafy Greens,Vegetables,SUP-015,253.8,13.02,70.28,890.8,496.8,43.7,No,Zone-B,2.91,2.6,2,Conveyor-A,3578.05,1032.29,1.69,5780.44,72.14,1,0,Cancelled,89.47,2,59.74,23.54,896.1,Bad,High,Restore Cold Chain Immediately
BATCH-02937,2023-11-27,Afternoon,Orange,Fruits,SUP-012,1196.63,4.63,,426.7,193.2,84.2,Yes,Zone-B,9.1,1.34,4,Washer-1,3200.34,2711.65,8.51,2184.77,97.89,0,0,Fulfilled,87.21,0,115.0,9.61,4025.0,Good,Low,Prioritize Dispatch
BATCH-02938,2022-12-16,Night,Leafy Greens,Vegetables,SUP-010,1878.86,17.06,,1163.6,231.6,71.4,Yes,Zone-C,1.31,1.22,2,Packer-Z,2760.15,2042.22,3.08,5816.02,75.15,0,0,Fulfilled,65.11,2,209.68,11.16,3145.2,Good,Medium,Reduce Storage Temperature
BATCH-02939,2021-01-03,Morning,Leafy Greens,Vegetables,SUP-019,1746.71,9.66,75.68,1289.4,150.1,35.8,Yes,Zone-A,1.96,0.47,1,Packer-Z,4863.11,570.0,9.17,5228.46,56.62,0,0,Fulfilled,79.25,1,141.48,8.1,2122.2,Good,Low,Monitor & Maintain
BATCH-02940,2021-01-15,Afternoon,Pineapple,Fruits,SUP-019,1966.9,,65.95,753.1,118.1,70.1,Yes,Zone-C,3.54,0.37,5,Washer-1,1039.25,233.3,8.81,3583.22,64.56,0,0,Fulfilled,89.77,2,87.53,4.45,3938.85,Good,Low,Monitor & Maintain
BATCH-02941,2022-07-31,Afternoon,Tomato,Vegetables,SUP-006,1102.88,3.55,50.46,972.0,461.1,48.5,Yes,Zone-C,9.24,,3,Packer-Z,,1160.95,1.97,5641.79,81.34,0,0,Fulfilled,55.34,0,79.41,7.2,1985.25,Good,Low,Quality Re-inspection Required
BATCH-02942,2020-06-20,Afternoon,Onion,Root Vegetables,SUP-020,1597.07,9.5,47.64,1590.2,374.4,20.7,Yes,Zone-B,5.86,9.6,2,Packer-Z,3038.2,2381.91,9.03,5410.84,50.6,0,0,Fulfilled,67.11,3,186.06,11.65,4093.32,Good,Medium,Expedite Processing
BATCH-02943,2023-10-16,Afternoon,Lemon,Citrus,SUP-006,1696.76,13.12,87.85,1091.6,166.7,41.5,Yes,Zone-C,4.05,3.44,5,Conveyor-A,601.22,1892.82,6.46,5142.86,98.41,0,0,Fulfilled,75.77,0,175.95,10.37,5278.5,Good,Medium,Monitor & Maintain
BATCH-02944,2020-11-24,Morning,Onion,Root Vegetables,SUP-008,1331.26,13.98,,821.3,350.1,22.9,Yes,Zone-B,4.33,,4,Conveyor-A,2353.97,1628.67,6.49,2722.91,78.35,0,0,Cancelled,92.18,2,65.9,4.95,1449.8,Good,Low,Monitor & Maintain
BATCH-02945,2023-12-30,Afternoon,Pineapple,Fruits,SUP-001,743.62,,49.67,1153.0,482.9,2.5,Yes,Zone-D,8.46,31.749498045883705,5,Conveyor-A,,110.81,8.6,3381.05,85.21,0,0,Cancelled,90.15,2,67.0,9.01,3015.0,Good,Low,Reduce Storage Temperature
BATCH-02946,2021-12-24,Night,Leafy Greens,Vegetables,SUP-017,992.96,4.76,83.58,616.0,37.0,25.2,Yes,Zone-B,0.75,0.82,2,Conveyor-B,2619.94,1362.95,4.35,7419.93,74.95,0,0,Fulfilled,61.64,2,56.6,5.7,849.0,Good,Low,Quality Re-inspection Required
BATCH-02947,2023-01-31,Night,Potato,Root Vegetables,SUP-017,1730.04,19.74,68.52,639.1,132.3,21.7,Yes,Zone-C,0.61,0.86,2,Washer-1,4438.75,557.4,7.49,4176.36,97.9,0,0,Partial,75.36,0,220.41,12.74,3967.38,Good,Medium,Reduce Storage Temperature
BATCH-02948,2020-01-04,Morning,Lemon,Citrus,SUP-015,667.24,13.78,79.74,1509.9,100.3,2.4,Yes,Zone-A,0.94,1.3,6,Conveyor-A,3401.6,1418.25,6.84,2005.27,79.46,0,0,Delayed,68.4,3,39.17,5.87,1175.1,Good,Low,Quality Re-inspection Required
BATCH-02949,2023-07-21,Afternoon,Lemon,Citrus,SUP-007,1855.11,10.18,50.7,687.0,434.9,75.7,Yes,Zone-B,4.96,1.1,2,Packer-Z,3947.38,2976.13,7.83,6883.22,83.1,0,0,Fulfilled,72.66,1,188.29,10.15,5648.7,Good,Medium,Prioritize Dispatch
BATCH-02950,2021-01-29,Afternoon,Tomato,Vegetables,SUP-019,536.63,17.99,85.81,772.9,89.6,9.2,Yes,Zone-B,6.02,,1,Conveyor-B,4120.16,2650.66,6.77,2664.74,93.04,0,0,Fulfilled,,1,69.55,12.96,1738.75,Good,Medium,Reduce Storage Temperature
BATCH-02951,2022-09-02,Night,Mango,Fruits,SUP-003,1524.08,14.5,71.57,1052.5,154.0,44.2,Yes,Zone-B,6.43,2.55,5,Washer-1,3602.75,1000.83,1.26,4004.45,93.08,0,0,Fulfilled,76.97,3,122.54,8.04,7352.4,Good,Low,Reduce Storage Temperature
BATCH-02952,2023-03-23,Morning,Banana,Fruits,SUP-011,1298.06,8.28,78.22,1479.6,271.9,41.3,No,Zone-C,7.45,0.17,6,Conveyor-A,3872.21,1821.17,3.28,3275.17,51.41,0,0,Fulfilled,61.23,1,202.5,15.6,4050.0,Bad,Medium,Restore Cold Chain Immediately
BATCH-02953,2020-08-27,Night,Banana,Fruits,SUP-020,1524.24,,46.41,,310.5,19.1,Yes,Zone-C,2.3,0.89,3,Conveyor-A,3628.9,1556.08,9.43,7260.12,64.17,0,0,Partial,60.35,3,167.36,10.98,3347.2,Good,Medium,Reduce Storage Temperature
BATCH-02954,2021-10-08,Morning,Banana,Fruits,SUP-019,930.96,14.0,59.19,452.5,404.1,92.9,Yes,Zone-B,2.99,0.29,1,Washer-1,2977.09,477.14,2.62,3856.75,62.32,0,0,Fulfilled,60.73,0,134.06,14.4,2681.2,Good,Medium,Prioritize Dispatch
BATCH-02955,2021-12-22,Morning,Mango,Fruits,SUP-009,1872.02,14.58,,1231.6,203.7,58.8,Yes,Zone-A,2.81,0.66,3,Conveyor-A,3049.4,2970.44,4.99,5777.65,50.33,1,0,Partial,92.02,0,1126.7382031930495,11.52,12939.6,Good,Medium,Reduce Storage Temperature
BATCH-02956,2021-03-31,Morning,Tomato,Vegetables,SUP-010,1301.7,18.14,87.73,1004.9,267.1,78.5,Yes,Zone-C,1.92,6.38,2,Washer-1,1354.48,1333.01,3.89,5136.61,93.84,0,0,Fulfilled,,3,235.35,18.08,5883.75,Bad,High,Reduce Storage Temperature
BATCH-02957,2021-12-04,Night,Mango,Fruits,SUP-002,647.76,,53.34,970.7,482.7,48.6,Yes,Zone-A,2.82,2.44,3,Washer-1,4223.48,1566.41,1.32,1909.69,65.86,1,0,Fulfilled,63.91,1,79.29,12.24,4757.4,Good,Medium,Activate Backup Supplier
BATCH-02958,2021-04-08,Morning,Banana,Fruits,SUP-001,1313.06,13.82,76.82,1229.9,148.7,69.9,Yes,Zone-D,6.33,0.02,3,Packer-Z,1904.62,1978.04,2.22,3892.87,67.35,1,0,Fulfilled,97.06,1,145.09,11.05,2901.8,Good,Medium,Activate Backup Supplier
BATCH-02959,2021-06-10,Night,Pineapple,Fruits,SUP-016,644.95,15.4,,,124.0,93.2,No,Zone-A,3.98,0.8,1,Washer-1,,655.48,3.22,3926.03,54.98,0,0,Fulfilled,57.9,0,148.73,23.06,6692.85,Bad,High,Restore Cold Chain Immediately
BATCH-02960,2022-09-04,Night,Orange,Fruits,SUP-018,657.9,10.17,53.9,1577.8,355.3,34.8,Yes,Zone-C,7.8,1.16,1,Sorter-X,1622.96,744.46,4.9,7410.93,,0,0,Delayed,56.6,0,65.33,9.93,2286.55,Good,Low,Quality Re-inspection Required
BATCH-02961,2022-07-12,Afternoon,Leafy Greens,Vegetables,SUP-017,859.24,3.5,60.24,1174.4,385.6,49.4,Yes,Zone-B,5.6,,5,Conveyor-A,3631.39,658.42,8.81,6377.31,91.31,0,0,Delayed,,3,63.07,7.34,946.05,Good,Low,Monitor & Maintain
BATCH-02962,2020-12-05,Night,Mango,Fruits,SUP-006,1719.62,15.89,80.75,838.8,207.4,50.4,Yes,Zone-D,2.51,,3,Packer-Z,4888.26,1214.95,5.4,6637.16,78.59,1,0,Fulfilled,61.65,3,281.85,16.39,16911.0,Bad,Medium,Reduce Storage Temperature
BATCH-02963,2023-08-03,Night,Tomato,Vegetables,SUP-014,1050.57,2.86,80.55,,106.5,95.2,No,Zone-A,4.94,0.14,1,Conveyor-B,4108.73,679.06,6.69,3481.56,88.6,0,0,Fulfilled,79.89,0,169.25,16.11,4231.25,Bad,Medium,Restore Cold Chain Immediately
BATCH-02964,2023-06-13,Afternoon,Tomato,Vegetables,SUP-015,1389.91,14.92,87.87,659.8,389.5,23.9,Yes,Zone-B,6.14,1.45,5,Sorter-X,3285.93,2786.55,4.55,3571.81,88.86,0,0,Partial,69.9,0,153.72,11.06,3843.0,Good,Medium,Reduce Storage Temperature
BATCH-02965,2022-01-13,Afternoon,Onion,Root Vegetables,SUP-014,844.74,18.4,86.25,1160.6,335.2,65.5,No,Zone-D,8.73,0.28,3,Washer-1,3053.78,2171.51,8.77,4655.67,82.84,0,0,Fulfilled,64.19,0,181.2,21.45,3986.4,Bad,High,Restore Cold Chain Immediately
BATCH-02966,2021-09-24,Afternoon,Orange,Fruits,SUP-003,600.85,8.25,48.67,433.9,438.1,15.0,Yes,Zone-A,8.42,1.46,3,Conveyor-B,2703.97,2703.72,6.79,5326.2,58.7,0,0,Partial,98.94,0,32.87,5.47,1150.45,Good,Low,Monitor & Maintain
BATCH-02967,2021-07-04,Morning,Potato,Root Vegetables,SUP-019,1913.82,3.84,82.34,809.4,422.2,89.1,No,Zone-B,4.55,0.56,6,Conveyor-B,1422.37,2560.6,1.36,5891.39,86.02,0,1,Partial,70.01,1,306.02,15.99,5508.36,Bad,Medium,Restore Cold Chain Immediately
BATCH-02968,2022-10-29,Morning,Lemon,Citrus,SUP-012,1246.8,6.19,65.3,,102.6,57.5,Yes,Zone-D,6.65,0.31,2,Conveyor-B,2066.05,2139.14,5.04,6428.86,78.48,0,0,Partial,83.2,0,121.44,9.74,3643.2,Good,Low,Monitor & Maintain
BATCH-02969,2022-09-07,Afternoon,Banana,Fruits,SUP-002,1874.51,12.12,83.96,1369.6,416.2,82.8,Yes,Zone-C,3.33,0.68,1,Conveyor-B,2328.77,803.96,8.36,6733.3,86.2,0,0,Fulfilled,93.46,2,159.71,8.52,3194.2,Good,Low,Prioritize Dispatch
BATCH-02970,2020-10-13,Morning,Potato,Root Vegetables,SUP-003,486.48,18.97,49.02,703.5,87.6,86.2,Yes,Zone-A,6.51,0.21,4,Packer-Z,,1884.42,7.47,1803.08,77.17,0,0,Delayed,95.59,0,67.38,13.85,1212.84,Good,Medium,Reduce Storage Temperature
BATCH-02971,2022-09-07,Afternoon,Onion,Root Vegetables,SUP-018,379.1,11.22,82.02,1047.3,431.9,54.4,Yes,Zone-A,9.17,0.67,6,Packer-Z,2415.12,640.27,9.1,6285.32,97.82,0,0,Fulfilled,73.05,0,40.15,10.59,883.3,Good,Medium,Monitor & Maintain
BATCH-02972,2021-01-03,Morning,Banana,Fruits,SUP-001,1726.06,4.03,52.18,1034.2,385.2,66.1,No,Zone-D,6.43,4.03,1,Conveyor-B,3137.86,484.18,2.66,5208.96,81.35,0,0,Fulfilled,97.95,1,282.9,16.39,5658.0,Bad,Medium,Restore Cold Chain Immediately
BATCH-02973,2020-01-28,Night,Orange,Fruits,SUP-020,1393.74,13.3,60.02,905.7,284.9,67.7,Yes,Zone-A,3.39,0.73,6,Sorter-X,4650.91,1934.47,9.78,4751.41,78.68,0,1,Fulfilled,86.88,1,185.51,13.31,6492.85,Good,Medium,Monitor & Maintain
BATCH-02974,2022-10-17,Morning,Onion,Root Vegetables,SUP-006,454.5,15.19,,674.1,321.1,45.3,Yes,Zone-B,6.62,1.27,2,Conveyor-A,2832.92,1911.41,3.21,5311.39,92.14,0,0,Cancelled,80.66,0,44.36,9.76,975.92,Good,Low,Reduce Storage Temperature
BATCH-02975,2022-07-30,Morning,Banana,Fruits,SUP-005,611.78,9.08,50.57,1243.9,52.0,42.9,No,Zone-A,9.08,1.47,6,Conveyor-A,1631.52,554.2,0.98,6784.06,68.96,0,0,Fulfilled,,0,78.0,12.75,1560.0,Good,Medium,Restore Cold Chain Immediately
BATCH-02976,2021-08-22,Night,Orange,Fruits,SUP-001,1621.26,14.99,65.06,702.8,19.9,19.5,Yes,Zone-A,1.8,0.39,6,Packer-Z,,1122.04,5.21,4828.14,65.79,0,0,Delayed,70.85,2,147.05,9.07,5146.75,Good,Low,Reduce Storage Temperature
BATCH-02977,2022-02-06,Afternoon,Strawberry,Berries,SUP-019,962.35,7.85,81.83,1493.2,165.3,38.1,Yes,Zone-B,5.08,1.17,5,Sorter-X,2189.93,292.22,1.55,2602.31,75.16,0,0,Fulfilled,73.67,1,76.51,7.95,6120.8,Good,Low,Monitor & Maintain
BATCH-02978,2023-10-14,Morning,Potato,Root Vegetables,SUP-001,1374.03,16.2,79.82,1034.2,410.7,95.1,Yes,Zone-B,3.55,3.83,1,Sorter-X,3716.23,2175.63,6.97,4197.68,79.22,0,0,Fulfilled,80.8,3,216.68,15.77,3900.24,Bad,Medium,Reduce Storage Temperature
BATCH-02979,2022-05-18,Morning,Potato,Root Vegetables,SUP-016,704.87,8.14,55.59,1444.6,232.9,27.4,No,Zone-C,2.79,0.17,3,Washer-1,1832.54,2963.74,9.06,7031.11,61.02,0,0,Partial,69.38,3,97.48,13.83,1754.64,Good,Medium,Restore Cold Chain Immediately
BATCH-02980,2022-08-18,Night,Lemon,Citrus,SUP-012,824.34,6.61,51.83,748.9,111.7,73.7,No,Zone-B,4.26,5.12,4,Packer-Z,,2245.73,9.25,6392.15,84.11,0,0,Delayed,88.83,1,129.75,15.74,3892.5,Bad,Medium,Restore Cold Chain Immediately
BATCH-02981,2020-04-03,Night,Orange,Fruits,SUP-008,1982.35,17.83,62.52,1368.5,417.3,7.6,No,Zone-A,4.24,4.1,5,Sorter-X,4501.59,2548.04,6.27,2839.69,90.12,0,0,Partial,66.05,3,375.85,18.96,13154.75,Bad,High,Restore Cold Chain Immediately
BATCH-02982,2020-08-30,Night,Mango,Fruits,SUP-016,570.47,11.87,84.75,536.4,114.3,45.9,No,Zone-D,2.5,27.28977557276373,1,Sorter-X,2012.33,1481.4,5.59,5809.18,78.87,1,0,Fulfilled,90.06,0,96.81,16.97,5808.6,Bad,Medium,Restore Cold Chain Immediately
BATCH-02983,2021-03-15,Night,Strawberry,Berries,SUP-001,1062.27,7.13,49.11,1320.2,407.7,7.5,No,Zone-A,4.33,0.44,5,Conveyor-A,,377.19,9.94,3148.68,76.15,0,0,Delayed,,0,105.38,9.92,8430.4,Good,Low,Restore Cold Chain Immediately
BATCH-02984,2022-02-26,Afternoon,Pineapple,Fruits,SUP-004,1704.36,18.83,69.43,864.3,226.5,46.7,Yes,Zone-C,6.52,1.32,3,Sorter-X,,2207.16,6.0,3685.0,64.73,0,0,Fulfilled,,3,268.1,15.73,12064.5,Bad,Medium,Reduce Storage Temperature
BATCH-02985,2023-02-07,Morning,Banana,Fruits,SUP-010,554.52,14.44,49.0,964.0,231.7,4.6,Yes,Zone-D,0.74,,6,Sorter-X,2123.85,843.91,9.31,4384.41,95.48,0,1,Fulfilled,88.14,2,40.2,7.25,804.0,Good,Low,Reduce Storage Temperature
BATCH-02986,2021-04-14,Morning,Strawberry,Berries,SUP-011,888.91,5.97,66.16,600.2,136.4,59.6,No,Zone-C,9.9,0.21,4,Conveyor-B,2902.94,1226.05,9.21,4221.45,87.72,0,0,Fulfilled,,3,128.09,14.41,10247.2,Good,Medium,Restore Cold Chain Immediately
BATCH-02987,2021-06-04,Morning,Orange,Fruits,SUP-017,1268.67,13.06,50.71,422.4,450.1,57.1,Yes,Zone-A,3.31,1.63,3,Conveyor-A,3353.75,2138.99,3.25,1830.12,74.01,0,0,Fulfilled,90.0,2,111.77,8.81,3911.95,Good,Low,Monitor & Maintain
BATCH-02988,2021-01-08,Morning,Leafy Greens,Vegetables,SUP-007,1014.26,17.67,48.62,1199.4,44.4,77.0,Yes,Zone-B,6.42,3.67,4,Conveyor-A,,2723.88,0.63,6156.99,82.96,0,0,Partial,89.49,3,170.6,16.82,2559.0,Bad,Medium,Reduce Storage Temperature
BATCH-02989,2021-01-06,Afternoon,Banana,Fruits,SUP-012,973.05,14.53,53.59,1105.3,72.2,56.8,No,Zone-D,3.19,5.52,5,Conveyor-B,4661.13,1510.12,4.67,6577.5,66.84,0,0,Partial,66.32,2,225.26,23.15,4505.2,Bad,High,Restore Cold Chain Immediately
BATCH-02990,2023-10-17,Morning,Tomato,Vegetables,SUP-007,788.77,6.41,56.49,1146.9,317.9,89.0,No,Zone-A,4.24,,6,Conveyor-A,2298.27,2888.66,8.68,4744.78,52.99,0,0,Cancelled,58.22,2,138.19,17.52,3454.75,Bad,Medium,Restore Cold Chain Immediately
BATCH-02991,2022-07-16,Afternoon,Potato,Root Vegetables,SUP-012,1214.63,13.68,57.43,706.0,425.1,75.6,Yes,Zone-D,5.72,0.68,6,Washer-1,1883.18,1607.72,8.44,2664.85,,0,0,Partial,62.32,2,158.75,13.07,2857.5,Good,Medium,Prioritize Dispatch
BATCH-02992,2020-08-15,Afternoon,Orange,Fruits,SUP-015,1286.31,13.14,74.04,687.1,47.7,14.5,Yes,Zone-C,6.31,,1,Washer-1,4485.54,455.28,6.23,3100.52,53.97,0,0,Fulfilled,88.11,0,87.34,6.79,3056.9,Good,Low,Monitor & Maintain
BATCH-02993,2022-11-20,Night,Tomato,Vegetables,SUP-002,1341.25,16.78,47.47,1396.4,366.9,27.0,Yes,Zone-A,7.82,0.33,4,Packer-Z,1113.36,1603.46,1.99,2394.0,75.41,0,0,Partial,92.27,3,125.68,9.37,3142.0,Good,Low,Reduce Storage Temperature
BATCH-02994,2022-11-20,Night,Lemon,Citrus,SUP-014,233.7,5.21,48.64,1313.5,371.3,4.5,Yes,Zone-D,8.02,1.13,3,Conveyor-A,1058.94,2595.82,1.52,2644.83,81.1,0,0,Fulfilled,71.85,0,13.91,5.95,417.3,Good,Low,Monitor & Maintain
BATCH-02995,2022-08-31,Morning,Onion,Root Vegetables,SUP-013,1298.96,,53.49,804.1,290.8,38.3,Yes,Zone-A,5.43,,4,Conveyor-A,4710.64,1660.33,9.57,6751.87,69.02,0,0,Fulfilled,,1,229.01,17.63,5038.22,Bad,Medium,Reduce Storage Temperature
BATCH-02996,2020-07-15,Afternoon,Pineapple,Fruits,SUP-004,1911.15,2.49,84.24,1165.4,243.4,49.9,Yes,Zone-A,1.22,2.49,5,Washer-1,,2268.49,4.5,4449.75,76.51,0,0,Fulfilled,58.32,1,123.27,6.45,5547.15,Good,Low,Quality Re-inspection Required
BATCH-02997,2021-08-18,Night,Pineapple,Fruits,SUP-014,1127.87,14.53,73.29,1393.8,160.5,90.9,Yes,Zone-C,5.8,4.61,6,Packer-Z,1167.97,1689.08,6.66,2304.99,54.27,0,1,Fulfilled,64.5,1,209.9,18.61,9445.5,Bad,High,Reduce Storage Temperature
BATCH-02998,2020-06-04,Afternoon,Tomato,Vegetables,SUP-014,1459.01,19.29,77.87,1466.6,175.7,51.1,Yes,Zone-C,5.04,23.286250840985755,5,Packer-Z,2908.26,1683.56,9.11,3140.07,88.5,0,0,Fulfilled,98.11,0,162.97,11.17,4074.25,Good,Medium,Reduce Storage Temperature
BATCH-02999,2023-04-07,Night,Potato,Root Vegetables,SUP-016,1157.79,5.14,61.67,407.0,337.2,75.4,No,Zone-C,2.55,,5,Washer-1,710.55,925.81,8.76,7176.6,51.64,1,0,Partial,,1,212.34,18.34,3822.12,Bad,High,Restore Cold Chain Immediately
BATCH-03000,2022-08-14,Afternoon,Lemon,Citrus,SUP-007,1724.01,7.6,54.59,1376.2,32.6,27.2,Yes,Zone-B,0.6,2.91,1,Washer-1,3290.07,683.66,5.89,4618.83,81.72,0,0,Fulfilled,58.79,1,144.13,8.36,4323.9,Good,Low,Quality Re-inspection Required
