[2026-08-16T18:33:10.264731+00:00] ALERT for batch_id=8: Tomato batch #8: Medium risk (56.7/100). Recommended: Nashik Cold Storage Hub (186.9 km, Rs 18.02/kg).
[2026-08-16T18:34:10.051089+00:00] ALERT for batch_id=9: Tomato batch #9: Low risk (13.3/100). Recommended: Nashik Cold Storage Hub (36.9 km, Rs 18.02/kg).
[2026-08-16T18:35:37.260332+00:00] ALERT for batch_id=10: Tomato batch #10: Low risk (13.6/100). Recommended: Nagpur Kalamna Mandi (35.2 km, Rs 17.39/kg).
[2026-08-16T18:36:25.206343+00:00] ALERT for batch_id=11: Tomato batch #11: Low risk (13.6/100). Recommended: Nagpur Kalamna Mandi (35.2 km, Rs 17.39/kg).
[2026-08-16T18:36:34.474098+00:00] ALERT for batch_id=12: Tomato batch #12: Low risk (10.7/100). Recommended: Nashik Cold Storage Hub (186.9 km, Rs 18.02/kg).
[2026-08-16T18:36:39.297365+00:00] ALERT for batch_id=13: Tomato batch #13: Low risk (13.6/100). Recommended: Nagpur Kalamna Mandi (35.2 km, Rs 17.39/kg).
[2026-08-16T18:49:38.059479+00:00] ALERT for batch_id=14: Tomato batch #14: Low risk (7.8/100). Recommended: Nashik Cold Storage Hub (36.9 km, Rs 18.02/kg).
[2026-08-16T18:49:59.476825+00:00] ALERT for batch_id=15: Tomato batch #15: Low risk (8.6/100). Recommended: Nashik Cold Storage Hub (223.1 km, Rs 18.02/kg).
[2026-08-16T18:50:06.108895+00:00] ALERT for batch_id=16: Tomato batch #16: Low risk (8.6/100). Recommended: Nashik Cold Storage Hub (223.1 km, Rs 18.02/kg).
[2026-08-16T18:52:35.709546+00:00] ALERT for batch_id=17: Tomato batch #17: Low risk (8.6/100). Recommended: Nashik Cold Storage Hub (223.1 km, Rs 18.02/kg).
[2026-08-16T19:22:36.775977+00:00] ALERT for batch_id=18: Banana batch #18: Medium risk (50.2/100). Recommended: Nagpur MIDC Cold Storage (31.0 km, Rs 13.53/kg).
[2026-08-16T19:23:16.846337+00:00] ALERT for batch_id=19: Tomato batch #19: Low risk (7.8/100). Recommended: Nashik Cold Storage Hub (36.9 km, Rs 18.02/kg).
[2026-08-16T19:29:44.480559+00:00] ALERT for batch_id=20: Tomato batch #20: Low risk (7.8/100). Recommended: Nashik Cold Storage Hub (36.9 km, Rs 18.02/kg).
[2026-08-16T19:38:19.847587+00:00] ALERT for batch_id=23: Tomato batch #23: Low risk (7.8/100). Recommended: Nashik Cold Storage Hub (36.9 km, Rs 18.02/kg).
[2026-08-16T19:39:24.790759+00:00] ALERT for batch_id=24: Tomato batch #24: Medium risk (51.6/100). Recommended: Nashik Cold Storage Hub (36.9 km, Rs 18.02/kg).
[2026-08-16T19:39:47.272848+00:00] ALERT for batch_id=25: Tomato batch #25: Low risk (22.8/100). Recommended: Nashik Cold Storage Hub (36.9 km, Rs 18.02/kg).
[2026-08-16T19:53:45.066891+00:00] ALERT for batch_id=26: Tomato batch #26: Low risk (7.7/100). Recommended: Nashik Cold Storage Hub (36.9 km, Rs 18.02/kg).
[2026-08-16T20:00:03.228714+00:00] ALERT for batch_id=27: Tomato batch #27: Low risk (7.7/100). Recommended: Nashik Cold Storage Hub (36.9 km, Rs 18.02/kg).
[2026-08-16T20:05:15.632990+00:00] ALERT for batch_id=27: Tomato batch #27: Low risk (7.7/100). Recommended: Nashik Cold Storage Hub (36.9 km, Rs 18.02/kg).
[2026-08-16T20:07:43.301307+00:00] ALERT for batch_id=27: Tomato batch #27: Low risk (7.7/100). Recommended: Nashik Cold Storage Hub (36.9 km, Rs 18.02/kg).
[2026-08-16T20:08:46.123730+00:00] ALERT for batch_id=28: Tomato batch #28: Low risk (7.7/100). Recommended: Nashik Cold Storage Hub (36.9 km, Rs 18.02/kg).
[2026-08-16T20:20:13.854581+00:00] ALERT for batch_id=29: Potato batch #29: Low risk (27.1/100). Recommended: Nashik APMC Mandi (34.7 km, Rs 14.51/kg).
[2026-08-16T20:26:57.950509+00:00] ALERT for batch_id=30: Mango batch #30: Medium risk (42.5/100). Recommended: Nagpur MIDC Cold Storage (12.7 km, Rs 29.24/kg).
[2026-08-16T20:43:31.700943+00:00] ALERT for batch_id=31: Tomato batch #31: Low risk (5.7/100). Recommended: Pune Market Yard (Gultekdi) (175.8 km, Rs 19.45/kg).
[2026-08-16T20:54:29.695940+00:00] ALERT for batch_id=32: Tomato batch #32: Low risk (5.7/100). Recommended: Pune Market Yard (Gultekdi) (175.8 km, Rs 19.45/kg).
[2026-08-16T21:01:47.288992+00:00] ALERT for batch_id=33: Tomato batch #33: Low risk (5.7/100). Recommended: Pune Market Yard (Gultekdi) (175.8 km, Rs 19.45/kg).
[2026-08-16T21:04:34.579283+00:00] ALERT for batch_id=34: Onion batch #34: Low risk (2.3/100). Recommended: Nashik APMC Mandi (34.7 km, Rs 19.77/kg).
[2026-08-16T21:18:38.838491+00:00] ALERT for batch_id=35: Chili batch #35: Medium risk (59.8/100). Recommended: Nashik Cold Storage Hub (186.9 km, Rs 41.47/kg).
[2026-08-16T21:19:18.553677+00:00] ALERT for batch_id=36: Tomato batch #36: Low risk (5.9/100). Recommended: Pune Market Yard (Gultekdi) (175.8 km, Rs 19.45/kg).
[2026-08-16T21:19:46.273991+00:00] ALERT for batch_id=37: Potato batch #37: Low risk (15.5/100). Recommended: Nashik APMC Mandi (34.7 km, Rs 14.51/kg).
[2026-08-21T06:14:33.310789+00:00] ALERT for batch_id=38: Tomato batch #38: Low risk (27.2/100). Recommended: Pune Market Yard (Gultekdi) (175.8 km, Rs 19.45/kg).
[2026-08-21T06:32:19.378503+00:00] ALERT for batch_id=38: Tomato batch #38: Low risk (28.3/100). Recommended: Pune Market Yard (Gultekdi) (175.8 km, Rs 19.45/kg).
[2026-08-21T06:32:19.821371+00:00] ALERT for batch_id=37: Potato batch #37: Medium risk (37.3/100). Recommended: Nashik Cold Storage Hub (36.9 km, Rs 13.79/kg).
[2026-08-21T06:32:19.822330+00:00] ALERT for batch_id=36: Tomato batch #36: Medium risk (53.0/100). Recommended: Pune Market Yard (Gultekdi) (175.8 km, Rs 19.45/kg).
[2026-08-21T06:32:19.825040+00:00] ALERT for batch_id=34: Onion batch #34: Low risk (12.6/100). Recommended: Nashik Cold Storage Hub (36.9 km, Rs 19.81/kg).
[2026-08-21T06:32:19.924035+00:00] ALERT for batch_id=35: Chili batch #35: High risk (94.9/100). Recommended: Nashik Cold Storage Hub (186.9 km, Rs 41.47/kg).
[2026-08-21T06:32:19.994681+00:00] ALERT for batch_id=33: Tomato batch #33: Medium risk (53.0/100). Recommended: Pune Market Yard (Gultekdi) (175.8 km, Rs 19.45/kg).
[2026-08-21T06:32:21.033424+00:00] ALERT for batch_id=31: Tomato batch #31: Medium risk (53.0/100). Recommended: Pune Market Yard (Gultekdi) (175.8 km, Rs 19.45/kg).
[2026-08-21T06:32:21.517583+00:00] ALERT for batch_id=29: Potato batch #29: Medium risk (45.1/100). Recommended: Nashik Cold Storage Hub (36.9 km, Rs 13.79/kg).
[2026-08-21T06:32:21.596825+00:00] ALERT for batch_id=32: Tomato batch #32: Medium risk (53.0/100). Recommended: Pune Market Yard (Gultekdi) (175.8 km, Rs 19.45/kg).
[2026-08-21T06:32:21.605829+00:00] ALERT for batch_id=30: Mango batch #30: High risk (82.2/100). Recommended: Nagpur MIDC Cold Storage (12.7 km, Rs 29.24/kg).
[2026-08-21T06:32:21.696702+00:00] ALERT for batch_id=38: Tomato batch #38: Low risk (28.3/100). Recommended: Pune Market Yard (Gultekdi) (175.8 km, Rs 19.45/kg).
[2026-08-21T06:32:22.632437+00:00] ALERT for batch_id=37: Potato batch #37: Medium risk (37.3/100). Recommended: Nashik Cold Storage Hub (36.9 km, Rs 13.79/kg).
[2026-08-21T06:32:23.255178+00:00] ALERT for batch_id=36: Tomato batch #36: Medium risk (53.0/100). Recommended: Pune Market Yard (Gultekdi) (175.8 km, Rs 19.45/kg).
[2026-08-21T06:32:23.274624+00:00] ALERT for batch_id=34: Onion batch #34: Low risk (12.6/100). Recommended: Nashik Cold Storage Hub (36.9 km, Rs 19.81/kg).
[2026-08-21T06:32:23.307771+00:00] ALERT for batch_id=33: Tomato batch #33: Medium risk (53.0/100). Recommended: Pune Market Yard (Gultekdi) (175.8 km, Rs 19.45/kg).
[2026-08-21T06:32:23.376436+00:00] ALERT for batch_id=35: Chili batch #35: High risk (94.9/100). Recommended: Nashik Cold Storage Hub (186.9 km, Rs 41.47/kg).
[2026-08-21T06:32:23.382481+00:00] ALERT for batch_id=31: Tomato batch #31: Medium risk (53.0/100). Recommended: Pune Market Yard (Gultekdi) (175.8 km, Rs 19.45/kg).
[2026-08-21T06:32:24.170881+00:00] ALERT for batch_id=29: Potato batch #29: Medium risk (45.1/100). Recommended: Nashik Cold Storage Hub (36.9 km, Rs 13.79/kg).
[2026-08-21T06:32:24.939360+00:00] ALERT for batch_id=30: Mango batch #30: High risk (82.2/100). Recommended: Nagpur MIDC Cold Storage (12.7 km, Rs 29.24/kg).
[2026-08-21T06:32:25.053810+00:00] ALERT for batch_id=32: Tomato batch #32: Medium risk (53.0/100). Recommended: Pune Market Yard (Gultekdi) (175.8 km, Rs 19.45/kg).
[2026-08-21T06:32:46.217787+00:00] ALERT for batch_id=39: Tomato batch #39: Low risk (2.1/100). Recommended: Pune Market Yard (Gultekdi) (175.8 km, Rs 19.45/kg).
[2026-08-21T06:33:27.468765+00:00] ALERT for batch_id=40: Tomato batch #40: Low risk (2.4/100). Recommended: Pune Market Yard (Gultekdi) (175.8 km, Rs 19.45/kg).
[2026-08-21T06:33:38.953953+00:00] ALERT for batch_id=41: Tomato batch #41: Low risk (8.0/100). Recommended: Pune Market Yard (Gultekdi) (175.8 km, Rs 19.45/kg).
[2026-08-21T06:33:48.757163+00:00] ALERT for batch_id=42: Tomato batch #42: Medium risk (34.8/100). Recommended: Pune Market Yard (Gultekdi) (175.8 km, Rs 19.45/kg).
[2026-08-21T06:34:12.789788+00:00] ALERT for batch_id=42: Tomato batch #42: Medium risk (34.8/100). Recommended: Pune Market Yard (Gultekdi) (175.8 km, Rs 19.45/kg).
[2026-08-21T06:34:12.798406+00:00] ALERT for batch_id=41: Tomato batch #41: Low risk (13.2/100). Recommended: Pune Market Yard (Gultekdi) (175.8 km, Rs 19.45/kg).
[2026-08-21T06:34:13.134970+00:00] ALERT for batch_id=40: Tomato batch #40: Low risk (2.4/100). Recommended: Pune Market Yard (Gultekdi) (175.8 km, Rs 19.45/kg).
[2026-08-21T06:34:13.141775+00:00] ALERT for batch_id=39: Tomato batch #39: Low risk (2.4/100). Recommended: Pune Market Yard (Gultekdi) (175.8 km, Rs 19.45/kg).
[2026-08-21T06:34:13.164567+00:00] ALERT for batch_id=37: Potato batch #37: Medium risk (37.5/100). Recommended: Nashik Cold Storage Hub (36.9 km, Rs 13.79/kg).
[2026-08-21T06:34:13.190981+00:00] ALERT for batch_id=38: Tomato batch #38: Low risk (28.5/100). Recommended: Pune Market Yard (Gultekdi) (175.8 km, Rs 19.45/kg).
[2026-08-21T06:34:14.490362+00:00] ALERT for batch_id=35: Chili batch #35: High risk (94.9/100). Recommended: Nashik Cold Storage Hub (186.9 km, Rs 41.47/kg).
[2026-08-21T06:34:14.579242+00:00] ALERT for batch_id=36: Tomato batch #36: Medium risk (53.3/100). Recommended: Pune Market Yard (Gultekdi) (175.8 km, Rs 19.45/kg).
[2026-08-21T06:34:15.053134+00:00] ALERT for batch_id=33: Tomato batch #33: Medium risk (53.3/100). Recommended: Pune Market Yard (Gultekdi) (175.8 km, Rs 19.45/kg).
[2026-08-21T06:34:15.054281+00:00] ALERT for batch_id=42: Tomato batch #42: Medium risk (34.8/100). Recommended: Pune Market Yard (Gultekdi) (175.8 km, Rs 19.45/kg).
[2026-08-21T06:34:15.101664+00:00] ALERT for batch_id=34: Onion batch #34: Low risk (12.7/100). Recommended: Nashik Cold Storage Hub (36.9 km, Rs 19.81/kg).
[2026-08-21T06:34:16.199442+00:00] ALERT for batch_id=41: Tomato batch #41: Low risk (13.2/100). Recommended: Pune Market Yard (Gultekdi) (175.8 km, Rs 19.45/kg).
[2026-08-21T06:34:16.323785+00:00] ALERT for batch_id=40: Tomato batch #40: Low risk (2.4/100). Recommended: Pune Market Yard (Gultekdi) (175.8 km, Rs 19.45/kg).
[2026-08-21T06:34:16.753131+00:00] ALERT for batch_id=39: Tomato batch #39: Low risk (2.4/100). Recommended: Pune Market Yard (Gultekdi) (175.8 km, Rs 19.45/kg).
[2026-08-21T06:34:16.763186+00:00] ALERT for batch_id=38: Tomato batch #38: Low risk (28.5/100). Recommended: Pune Market Yard (Gultekdi) (175.8 km, Rs 19.45/kg).
[2026-08-21T06:34:16.850480+00:00] ALERT for batch_id=37: Potato batch #37: Medium risk (37.5/100). Recommended: Nashik Cold Storage Hub (36.9 km, Rs 13.79/kg).
[2026-08-21T06:34:16.886596+00:00] ALERT for batch_id=35: Chili batch #35: High risk (94.9/100). Recommended: Nashik Cold Storage Hub (186.9 km, Rs 41.47/kg).
[2026-08-21T06:34:17.846170+00:00] ALERT for batch_id=36: Tomato batch #36: Medium risk (53.3/100). Recommended: Pune Market Yard (Gultekdi) (175.8 km, Rs 19.45/kg).
[2026-08-21T06:34:17.922659+00:00] ALERT for batch_id=33: Tomato batch #33: Medium risk (53.3/100). Recommended: Pune Market Yard (Gultekdi) (175.8 km, Rs 19.45/kg).
[2026-08-21T06:34:18.426351+00:00] ALERT for batch_id=34: Onion batch #34: Low risk (12.7/100). Recommended: Nashik Cold Storage Hub (36.9 km, Rs 19.81/kg).
[2026-08-21T06:45:11.797182+00:00] ALERT for batch_id=43: Tomato batch #43: Low risk (2.4/100). Recommended: Pune Market Yard (Gultekdi) (175.8 km, Rs 19.45/kg).
[2026-08-21T06:55:01.164472+00:00] ALERT for batch_id=44: Tomato batch #44: Low risk (28.4/100). Recommended: Pune Market Yard (Gultekdi) (175.2 km, Rs 19.45/kg).
[2026-08-21T06:57:54.925677+00:00] ALERT for batch_id=45: Tomato batch #45: Low risk (25.6/100). Recommended: Pune Market Yard (Gultekdi) (175.2 km, Rs 19.45/kg).
[2026-08-21T07:02:18.862375+00:00] ALERT for batch_id=46: Tomato batch #46: Low risk (25.9/100). Recommended: Pune Market Yard (Gultekdi) (175.8 km, Rs 19.45/kg).
[2026-08-21T07:02:21.985640+00:00] ALERT for batch_id=47: Mango batch #47: High risk (75.4/100). Recommended: Nashik Cold Storage Hub (223.1 km, Rs 33.93/kg).
[2026-08-21T07:02:24.843746+00:00] ALERT for batch_id=48: Onion batch #48: Medium risk (35.3/100). Recommended: Nagpur MIDC Cold Storage (31.0 km, Rs 17.75/kg).
[2026-08-21T07:02:28.013301+00:00] ALERT for batch_id=49: Chili batch #49: Low risk (33.8/100). Recommended: Nashik Cold Storage Hub (22.8 km, Rs 41.47/kg).
[2026-08-21T07:02:30.772309+00:00] ALERT for batch_id=50: Potato batch #50: Medium risk (61.7/100). Recommended: Talegaon Cold Chain Storage (56.7 km, Rs 13.21/kg).
[2026-08-21T07:03:37.020261+00:00] ALERT for batch_id=51: Tomato batch #51: Low risk (25.9/100). Recommended: Pune Market Yard (Gultekdi) (175.8 km, Rs 19.45/kg).
[2026-08-21T07:25:07.852070+00:00] ALERT for batch_id=52: Tomato batch #52: Low risk (25.6/100). Recommended: Pune Market Yard (Gultekdi) (175.2 km, Rs 19.45/kg).
[2026-08-21T08:42:21.629903+00:00] ALERT for batch_id=52: Tomato batch #52: Low risk (23.9/100). Recommended: Pune Market Yard (Gultekdi) (175.2 km, Rs 19.45/kg).
[2026-08-21T08:42:21.928587+00:00] ALERT for batch_id=51: Tomato batch #51: Low risk (25.4/100). Recommended: Pune Market Yard (Gultekdi) (175.8 km, Rs 19.45/kg).
[2026-08-21T08:42:22.039828+00:00] ALERT for batch_id=50: Potato batch #50: Medium risk (60.8/100). Recommended: Talegaon Cold Chain Storage (56.7 km, Rs 13.21/kg).
[2026-08-21T08:42:22.344752+00:00] ALERT for batch_id=47: Mango batch #47: High risk (78.4/100). Recommended: Nashik Cold Storage Hub (223.1 km, Rs 33.93/kg).
[2026-08-21T08:42:22.378567+00:00] ALERT for batch_id=49: Chili batch #49: Low risk (32.0/100). Recommended: Nashik Cold Storage Hub (22.8 km, Rs 41.47/kg).
[2026-08-21T08:42:22.437562+00:00] ALERT for batch_id=48: Onion batch #48: Low risk (31.7/100). Recommended: Nagpur MIDC Cold Storage (31.0 km, Rs 17.75/kg).
[2026-08-21T08:42:26.003760+00:00] ALERT for batch_id=46: Tomato batch #46: Low risk (25.4/100). Recommended: Pune Market Yard (Gultekdi) (175.8 km, Rs 19.45/kg).
[2026-08-21T08:42:26.751766+00:00] ALERT for batch_id=45: Tomato batch #45: Low risk (23.9/100). Recommended: Pune Market Yard (Gultekdi) (175.2 km, Rs 19.45/kg).
[2026-08-21T08:42:27.244331+00:00] ALERT for batch_id=44: Tomato batch #44: Low risk (23.9/100). Recommended: Pune Market Yard (Gultekdi) (175.2 km, Rs 19.45/kg).
[2026-08-21T08:42:27.384953+00:00] ALERT for batch_id=52: Tomato batch #52: Low risk (23.9/100). Recommended: Pune Market Yard (Gultekdi) (175.2 km, Rs 19.45/kg).
[2026-08-21T08:42:27.446709+00:00] ALERT for batch_id=43: Tomato batch #43: Low risk (0.0/100). Recommended: Pune Market Yard (Gultekdi) (175.8 km, Rs 19.45/kg).
[2026-08-21T08:42:29.483242+00:00] ALERT for batch_id=51: Tomato batch #51: Low risk (25.4/100). Recommended: Pune Market Yard (Gultekdi) (175.8 km, Rs 19.45/kg).
[2026-08-21T08:42:30.338284+00:00] ALERT for batch_id=50: Potato batch #50: Medium risk (60.8/100). Recommended: Talegaon Cold Chain Storage (56.7 km, Rs 13.21/kg).
[2026-08-21T08:42:30.780252+00:00] ALERT for batch_id=47: Mango batch #47: High risk (78.4/100). Recommended: Nashik Cold Storage Hub (223.1 km, Rs 33.93/kg).
[2026-08-21T08:42:31.698135+00:00] ALERT for batch_id=49: Chili batch #49: Low risk (32.0/100). Recommended: Nashik Cold Storage Hub (22.8 km, Rs 41.47/kg).
[2026-08-21T08:42:31.866651+00:00] ALERT for batch_id=48: Onion batch #48: Low risk (31.7/100). Recommended: Nagpur MIDC Cold Storage (31.0 km, Rs 17.75/kg).
[2026-08-21T08:42:39.582722+00:00] ALERT for batch_id=53: Tomato batch #53: Low risk (0.0/100). Recommended: Pune Market Yard (Gultekdi) (175.8 km, Rs 19.45/kg).
[2026-08-21T08:51:28.082522+00:00] ALERT for batch_id=53: Tomato batch #53: Low risk (0.0/100). Recommended: Pune Market Yard (Gultekdi) (175.8 km, Rs 19.45/kg).
[2026-08-21T08:51:28.090345+00:00] ALERT for batch_id=52: Tomato batch #52: Low risk (23.2/100). Recommended: Pune Market Yard (Gultekdi) (175.2 km, Rs 19.45/kg).
[2026-08-21T08:51:28.487283+00:00] ALERT for batch_id=50: Potato batch #50: Medium risk (60.8/100). Recommended: Talegaon Cold Chain Storage (56.7 km, Rs 13.21/kg).
[2026-08-21T08:51:28.536600+00:00] ALERT for batch_id=51: Tomato batch #51: Low risk (25.5/100). Recommended: Pune Market Yard (Gultekdi) (175.8 km, Rs 19.45/kg).
[2026-08-21T08:51:28.635866+00:00] ALERT for batch_id=48: Onion batch #48: Low risk (31.6/100). Recommended: Nagpur MIDC Cold Storage (31.0 km, Rs 17.75/kg).
[2026-08-21T08:51:33.102976+00:00] ALERT for batch_id=47: Mango batch #47: High risk (78.4/100). Recommended: Nashik Cold Storage Hub (223.1 km, Rs 33.93/kg).
[2026-08-21T08:51:33.111991+00:00] ALERT for batch_id=46: Tomato batch #46: Low risk (25.5/100). Recommended: Pune Market Yard (Gultekdi) (175.8 km, Rs 19.45/kg).
[2026-08-21T08:51:33.547271+00:00] ALERT for batch_id=44: Tomato batch #44: Low risk (23.2/100). Recommended: Pune Market Yard (Gultekdi) (175.2 km, Rs 19.45/kg).
[2026-08-21T08:51:33.554395+00:00] ALERT for batch_id=45: Tomato batch #45: Low risk (23.2/100). Recommended: Pune Market Yard (Gultekdi) (175.2 km, Rs 19.45/kg).
[2026-08-21T08:51:33.555888+00:00] ALERT for batch_id=53: Tomato batch #53: Low risk (0.0/100). Recommended: Pune Market Yard (Gultekdi) (175.8 km, Rs 19.45/kg).
[2026-08-21T08:51:35.537797+00:00] ALERT for batch_id=52: Tomato batch #52: Low risk (23.2/100). Recommended: Pune Market Yard (Gultekdi) (175.2 km, Rs 19.45/kg).
[2026-08-21T08:51:37.355002+00:00] ALERT for batch_id=50: Potato batch #50: Medium risk (60.8/100). Recommended: Talegaon Cold Chain Storage (56.7 km, Rs 13.21/kg).
[2026-08-21T08:51:37.560215+00:00] ALERT for batch_id=49: Chili batch #49: Low risk (31.0/100). Recommended: Nashik Cold Storage Hub (22.8 km, Rs 41.47/kg).
[2026-08-21T08:51:37.907352+00:00] ALERT for batch_id=51: Tomato batch #51: Low risk (25.5/100). Recommended: Pune Market Yard (Gultekdi) (175.8 km, Rs 19.45/kg).
[2026-08-21T08:51:37.956666+00:00] ALERT for batch_id=48: Onion batch #48: Low risk (31.6/100). Recommended: Nagpur MIDC Cold Storage (31.0 km, Rs 17.75/kg).
[2026-08-21T08:51:40.959737+00:00] ALERT for batch_id=44: Tomato batch #44: Low risk (23.2/100). Recommended: Pune Market Yard (Gultekdi) (175.2 km, Rs 19.45/kg).
[2026-08-21T08:51:40.971408+00:00] ALERT for batch_id=45: Tomato batch #45: Low risk (23.2/100). Recommended: Pune Market Yard (Gultekdi) (175.2 km, Rs 19.45/kg).
[2026-08-21T08:51:45.291924+00:00] ALERT for batch_id=47: Mango batch #47: Medium risk (58.7/100). Recommended: Nashik Cold Storage Hub (223.1 km, Rs 33.93/kg).
[2026-08-21T08:51:49.417814+00:00] ALERT for batch_id=46: Tomato batch #46: Low risk (18.0/100). Recommended: Pune Market Yard (Gultekdi) (175.8 km, Rs 19.45/kg).
[2026-08-21T09:18:00.374216+00:00] ALERT for batch_id=53: Tomato batch #53: Low risk (0.0/100). Recommended: Pune Market Yard (Gultekdi) (175.8 km, Rs 19.45/kg).
[2026-08-21T09:18:00.894344+00:00] ALERT for batch_id=52: Tomato batch #52: Low risk (20.2/100). Recommended: Pune Market Yard (Gultekdi) (175.2 km, Rs 19.45/kg).
[2026-08-21T09:18:01.433833+00:00] ALERT for batch_id=51: Tomato batch #51: Low risk (25.6/100). Recommended: Pune Market Yard (Gultekdi) (175.8 km, Rs 19.45/kg).
[2026-08-21T09:18:01.540093+00:00] ALERT for batch_id=50: Potato batch #50: High risk (68.0/100). Recommended: Talegaon Cold Chain Storage (56.7 km, Rs 13.21/kg).
[2026-08-21T09:18:01.587975+00:00] ALERT for batch_id=48: Onion batch #48: Medium risk (34.7/100). Recommended: Nagpur MIDC Cold Storage (31.0 km, Rs 17.75/kg).
[2026-08-21T09:18:01.633485+00:00] ALERT for batch_id=49: Chili batch #49: Low risk (31.3/100). Recommended: Nashik Cold Storage Hub (22.8 km, Rs 41.47/kg).
[2026-08-21T09:18:04.629894+00:00] ALERT for batch_id=47: Mango batch #47: High risk (74.1/100). Recommended: Nashik Cold Storage Hub (223.1 km, Rs 33.93/kg).
[2026-08-21T09:18:05.142684+00:00] ALERT for batch_id=46: Tomato batch #46: Low risk (25.6/100). Recommended: Pune Market Yard (Gultekdi) (175.8 km, Rs 19.45/kg).
[2026-08-21T09:18:06.547015+00:00] ALERT for batch_id=44: Tomato batch #44: Low risk (20.2/100). Recommended: Pune Market Yard (Gultekdi) (175.2 km, Rs 19.45/kg).
[2026-08-21T09:18:06.547355+00:00] ALERT for batch_id=45: Tomato batch #45: Low risk (20.2/100). Recommended: Pune Market Yard (Gultekdi) (175.2 km, Rs 19.45/kg).
[2026-08-21T09:18:06.577018+00:00] ALERT for batch_id=53: Tomato batch #53: Low risk (0.0/100). Recommended: Pune Market Yard (Gultekdi) (175.8 km, Rs 19.45/kg).
[2026-08-21T09:18:08.900626+00:00] ALERT for batch_id=52: Tomato batch #52: Low risk (20.2/100). Recommended: Pune Market Yard (Gultekdi) (175.2 km, Rs 19.45/kg).
[2026-08-21T09:18:09.313916+00:00] ALERT for batch_id=51: Tomato batch #51: Low risk (25.6/100). Recommended: Pune Market Yard (Gultekdi) (175.8 km, Rs 19.45/kg).
[2026-08-21T09:18:09.538916+00:00] ALERT for batch_id=50: Potato batch #50: High risk (68.0/100). Recommended: Talegaon Cold Chain Storage (56.7 km, Rs 13.21/kg).
[2026-08-21T09:18:10.898964+00:00] ALERT for batch_id=49: Chili batch #49: Low risk (31.3/100). Recommended: Nashik Cold Storage Hub (22.8 km, Rs 41.47/kg).
[2026-08-21T09:18:10.899249+00:00] ALERT for batch_id=48: Onion batch #48: Medium risk (34.7/100). Recommended: Nagpur MIDC Cold Storage (31.0 km, Rs 17.75/kg).
[2026-08-21T09:18:12.958867+00:00] ALERT for batch_id=47: Mango batch #47: High risk (74.1/100). Recommended: Nashik Cold Storage Hub (223.1 km, Rs 33.93/kg).
[2026-08-21T09:18:13.681474+00:00] ALERT for batch_id=46: Tomato batch #46: Low risk (25.6/100). Recommended: Pune Market Yard (Gultekdi) (175.8 km, Rs 19.45/kg).
[2026-08-21T09:18:13.712987+00:00] ALERT for batch_id=44: Tomato batch #44: Low risk (20.2/100). Recommended: Pune Market Yard (Gultekdi) (175.2 km, Rs 19.45/kg).
[2026-08-21T09:18:13.754885+00:00] ALERT for batch_id=45: Tomato batch #45: Low risk (20.2/100). Recommended: Pune Market Yard (Gultekdi) (175.2 km, Rs 19.45/kg).
[2026-08-21T09:18:15.049258+00:00] ALERT for batch_id=54: Chili batch #54: High risk (90.7/100). Recommended: Nashik Cold Storage Hub (186.9 km, Rs 41.47/kg).
[2026-08-21T09:20:57.714759+00:00] ALERT for batch_id=54: Chili batch #54: High risk (90.7/100). Recommended: Nashik Cold Storage Hub (186.9 km, Rs 41.47/kg).
[2026-08-21T09:20:58.167309+00:00] ALERT for batch_id=50: Potato batch #50: High risk (68.0/100). Recommended: Talegaon Cold Chain Storage (56.7 km, Rs 13.21/kg).
[2026-08-21T09:20:58.315290+00:00] ALERT for batch_id=53: Tomato batch #53: Low risk (0.0/100). Recommended: Pune Market Yard (Gultekdi) (175.8 km, Rs 19.45/kg).
[2026-08-21T09:20:58.364205+00:00] ALERT for batch_id=51: Tomato batch #51: Low risk (25.6/100). Recommended: Pune Market Yard (Gultekdi) (175.8 km, Rs 19.45/kg).
[2026-08-21T09:20:58.388768+00:00] ALERT for batch_id=52: Tomato batch #52: Low risk (20.2/100). Recommended: Pune Market Yard (Gultekdi) (175.2 km, Rs 19.45/kg).
[2026-08-21T09:21:00.817235+00:00] ALERT for batch_id=49: Chili batch #49: Low risk (31.3/100). Recommended: Nashik Cold Storage Hub (22.8 km, Rs 41.47/kg).
[2026-08-21T09:21:01.570950+00:00] ALERT for batch_id=48: Onion batch #48: Medium risk (34.7/100). Recommended: Nagpur MIDC Cold Storage (31.0 km, Rs 17.75/kg).
[2026-08-21T09:21:02.377566+00:00] ALERT for batch_id=47: Mango batch #47: High risk (74.1/100). Recommended: Nashik Cold Storage Hub (223.1 km, Rs 33.93/kg).
[2026-08-21T09:21:02.503472+00:00] ALERT for batch_id=46: Tomato batch #46: Low risk (25.6/100). Recommended: Pune Market Yard (Gultekdi) (175.8 km, Rs 19.45/kg).
[2026-08-21T09:21:02.698701+00:00] ALERT for batch_id=45: Tomato batch #45: Low risk (20.2/100). Recommended: Pune Market Yard (Gultekdi) (175.2 km, Rs 19.45/kg).
[2026-08-21T09:21:05.030642+00:00] ALERT for batch_id=54: Chili batch #54: High risk (90.7/100). Recommended: Nashik Cold Storage Hub (186.9 km, Rs 41.47/kg).
[2026-08-21T09:21:05.221701+00:00] ALERT for batch_id=50: Potato batch #50: High risk (68.0/100). Recommended: Talegaon Cold Chain Storage (56.7 km, Rs 13.21/kg).
[2026-08-21T09:21:05.692955+00:00] ALERT for batch_id=53: Tomato batch #53: Low risk (0.0/100). Recommended: Pune Market Yard (Gultekdi) (175.8 km, Rs 19.45/kg).
[2026-08-21T09:21:06.803585+00:00] ALERT for batch_id=51: Tomato batch #51: Low risk (25.6/100). Recommended: Pune Market Yard (Gultekdi) (175.8 km, Rs 19.45/kg).
[2026-08-21T09:21:06.864964+00:00] ALERT for batch_id=52: Tomato batch #52: Low risk (20.2/100). Recommended: Pune Market Yard (Gultekdi) (175.2 km, Rs 19.45/kg).
[2026-08-21T09:21:09.243645+00:00] ALERT for batch_id=49: Chili batch #49: Low risk (31.3/100). Recommended: Nashik Cold Storage Hub (22.8 km, Rs 41.47/kg).
[2026-08-21T09:21:09.494304+00:00] ALERT for batch_id=48: Onion batch #48: Medium risk (34.7/100). Recommended: Nagpur MIDC Cold Storage (31.0 km, Rs 17.75/kg).
[2026-08-21T09:21:09.537405+00:00] ALERT for batch_id=47: Mango batch #47: High risk (74.1/100). Recommended: Nashik Cold Storage Hub (223.1 km, Rs 33.93/kg).
[2026-08-21T09:21:09.823768+00:00] ALERT for batch_id=46: Tomato batch #46: Low risk (25.6/100). Recommended: Pune Market Yard (Gultekdi) (175.8 km, Rs 19.45/kg).
[2026-08-21T09:21:10.619271+00:00] ALERT for batch_id=45: Tomato batch #45: Low risk (20.2/100). Recommended: Pune Market Yard (Gultekdi) (175.2 km, Rs 19.45/kg).
[2026-08-21T09:21:40.202516+00:00] ALERT for batch_id=55: Mango batch #55: High risk (94.0/100). Recommended: Nashik Cold Storage Hub (36.9 km, Rs 33.93/kg).
[2026-08-21T09:22:12.665519+00:00] ALERT for batch_id=56: Mango batch #56: High risk (94.0/100). Recommended: Nashik Cold Storage Hub (36.9 km, Rs 33.93/kg).
[2026-08-21T09:22:35.938230+00:00] ALERT for batch_id=55: Mango batch #55: High risk (94.0/100). Recommended: Nashik Cold Storage Hub (36.9 km, Rs 33.93/kg).
[2026-08-21T09:22:36.426126+00:00] ALERT for batch_id=52: Tomato batch #52: Low risk (20.2/100). Recommended: Pune Market Yard (Gultekdi) (175.2 km, Rs 19.45/kg).
[2026-08-21T09:22:36.430592+00:00] ALERT for batch_id=54: Chili batch #54: High risk (90.7/100). Recommended: Nashik Cold Storage Hub (186.9 km, Rs 41.47/kg).
[2026-08-21T09:22:36.435617+00:00] ALERT for batch_id=53: Tomato batch #53: Low risk (0.0/100). Recommended: Pune Market Yard (Gultekdi) (175.8 km, Rs 19.45/kg).
[2026-08-21T09:22:36.574254+00:00] ALERT for batch_id=51: Tomato batch #51: Low risk (25.6/100). Recommended: Pune Market Yard (Gultekdi) (175.8 km, Rs 19.45/kg).
[2026-08-21T09:22:40.049030+00:00] ALERT for batch_id=50: Potato batch #50: High risk (68.0/100). Recommended: Talegaon Cold Chain Storage (56.7 km, Rs 13.21/kg).
[2026-08-21T09:22:41.001742+00:00] ALERT for batch_id=48: Onion batch #48: Medium risk (34.7/100). Recommended: Nagpur MIDC Cold Storage (31.0 km, Rs 17.75/kg).
[2026-08-21T09:22:41.011264+00:00] ALERT for batch_id=49: Chili batch #49: Low risk (31.3/100). Recommended: Nashik Cold Storage Hub (22.8 km, Rs 41.47/kg).
[2026-08-21T09:22:41.113186+00:00] ALERT for batch_id=47: Mango batch #47: High risk (74.1/100). Recommended: Nashik Cold Storage Hub (223.1 km, Rs 33.93/kg).
[2026-08-21T09:22:41.625488+00:00] ALERT for batch_id=56: Mango batch #56: High risk (92.1/100). Recommended: Nashik Cold Storage Hub (36.9 km, Rs 33.93/kg).
[2026-08-21T09:22:43.327538+00:00] ALERT for batch_id=55: Mango batch #55: High risk (94.0/100). Recommended: Nashik Cold Storage Hub (36.9 km, Rs 33.93/kg).
[2026-08-21T09:22:45.190362+00:00] ALERT for batch_id=53: Tomato batch #53: Low risk (0.0/100). Recommended: Pune Market Yard (Gultekdi) (175.8 km, Rs 19.45/kg).
[2026-08-21T09:22:49.160460+00:00] ALERT for batch_id=48: Onion batch #48: Medium risk (34.7/100). Recommended: Nagpur MIDC Cold Storage (31.0 km, Rs 17.75/kg).
[2026-08-21T09:22:49.520267+00:00] ALERT for batch_id=52: Tomato batch #52: Low risk (20.2/100). Recommended: Pune Market Yard (Gultekdi) (175.2 km, Rs 19.45/kg).
[2026-08-21T09:22:50.674354+00:00] ALERT for batch_id=54: Chili batch #54: High risk (87.4/100). Recommended: Nashik Cold Storage Hub (186.9 km, Rs 41.47/kg).
[2026-08-21T09:22:50.935176+00:00] ALERT for batch_id=51: Tomato batch #51: Low risk (25.6/100). Recommended: Pune Market Yard (Gultekdi) (175.8 km, Rs 19.45/kg).
[2026-08-21T09:22:53.436060+00:00] ALERT for batch_id=50: Potato batch #50: Medium risk (66.7/100). Recommended: Talegaon Cold Chain Storage (56.7 km, Rs 13.21/kg).
[2026-08-21T09:22:59.174707+00:00] ALERT for batch_id=49: Chili batch #49: Low risk (31.3/100). Recommended: Nashik Cold Storage Hub (22.8 km, Rs 41.47/kg).
[2026-08-21T09:22:59.393173+00:00] ALERT for batch_id=47: Mango batch #47: High risk (74.1/100). Recommended: Nashik Cold Storage Hub (223.1 km, Rs 33.93/kg).
[2026-08-21T09:22:59.478864+00:00] ALERT for batch_id=56: Mango batch #56: High risk (94.0/100). Recommended: Nashik Cold Storage Hub (36.9 km, Rs 33.93/kg).
[2026-08-21T09:23:00.902536+00:00] ALERT for batch_id=57: Mango batch #57: High risk (94.0/100). Recommended: Nashik Cold Storage Hub (36.9 km, Rs 33.93/kg).
[2026-08-21T09:23:55.995520+00:00] ALERT for batch_id=54: Chili batch #54: High risk (90.7/100). Recommended: Nashik Cold Storage Hub (186.9 km, Rs 41.47/kg).
[2026-08-21T09:23:56.081890+00:00] ALERT for batch_id=52: Tomato batch #52: Low risk (20.2/100). Recommended: Pune Market Yard (Gultekdi) (175.2 km, Rs 19.45/kg).
[2026-08-21T09:23:56.124055+00:00] ALERT for batch_id=56: Mango batch #56: High risk (94.0/100). Recommended: Nashik Cold Storage Hub (36.9 km, Rs 33.93/kg).
[2026-08-21T09:24:10.199395+00:00] ALERT for batch_id=52: Tomato batch #52: Low risk (20.2/100). Recommended: Pune Market Yard (Gultekdi) (175.2 km, Rs 19.45/kg).
[2026-08-21T09:24:10.203231+00:00] ALERT for batch_id=56: Mango batch #56: High risk (94.0/100). Recommended: Nashik Cold Storage Hub (36.9 km, Rs 33.93/kg).
[2026-08-21T09:24:10.351148+00:00] ALERT for batch_id=49: Chili batch #49: Low risk (31.3/100). Recommended: Nashik Cold Storage Hub (22.8 km, Rs 41.47/kg).
g).
[2026-08-21T09:24:12.241352+00:00] ALERT for batch_id=57: Mango batch #57: High risk (94.0/100). Recommended: Nashik Cold Storage Hub (36.9 km, Rs 33.93/kg).
[2026-08-21T09:24:13.390053+00:00] ALERT for batch_id=54: Chili batch #54: High risk (87.4/100). Recommended: Nashik Cold Storage Hub (186.9 km, Rs 41.47/kg).
[2026-08-21T09:24:14.445624+00:00] ALERT for batch_id=55: Mango batch #55: High risk (94.0/100). Recommended: Nashik Cold Storage Hub (36.9 km, Rs 33.93/kg).
[2026-08-21T09:24:14.556394+00:00] ALERT for batch_id=48: Onion batch #48: Medium risk (34.7/100). Recommended: Nagpur MIDC Cold Storage (31.0 km, Rs 17.75/kg).
[2026-08-21T09:24:14.583210+00:00] ALERT for batch_id=50: Potato batch #50: High risk (68.0/100). Recommended: Talegaon Cold Chain Storage (56.7 km, Rs 13.21/kg).
[2026-08-21T09:24:14.857221+00:00] ALERT for batch_id=51: Tomato batch #51: Low risk (25.6/100). Recommended: Pune Market Yard (Gultekdi) (175.8 km, Rs 19.45/kg).
[2026-08-21T09:25:49.784972+00:00] ALERT for batch_id=59: Tomato batch #59: Low risk (20.2/100). Recommended: Pune Market Yard (Gultekdi) (175.2 km, Rs 19.45/kg).
[2026-08-21T09:26:46.749608+00:00] ALERT for batch_id=60: Onion batch #60: Low risk (10.2/100). Recommended: Nashik Cold Storage Hub (25.9 km, Rs 19.81/kg).
[2026-08-21T09:27:22.033298+00:00] ALERT for batch_id=58: Mango batch #58: High risk (94.0/100). Recommended: Nashik Cold Storage Hub (36.9 km, Rs 33.93/kg).
[2026-08-21T09:27:22.286865+00:00] ALERT for batch_id=59: Tomato batch #59: Low risk (20.2/100). Recommended: Pune Market Yard (Gultekdi) (175.2 km, Rs 19.45/kg).
[2026-08-21T09:27:22.358759+00:00] ALERT for batch_id=60: Onion batch #60: Low risk (10.2/100). Recommended: Nashik Cold Storage Hub (25.9 km, Rs 19.81/kg).
[2026-08-21T09:27:22.399880+00:00] ALERT for batch_id=57: Mango batch #57: High risk (94.0/100). Recommended: Nashik Cold Storage Hub (36.9 km, Rs 33.93/kg).
[2026-08-21T09:27:22.483952+00:00] ALERT for batch_id=56: Mango batch #56: High risk (94.0/100). Recommended: Nashik Cold Storage Hub (36.9 km, Rs 33.93/kg).
[2026-08-21T09:27:22.556618+00:00] ALERT for batch_id=55: Mango batch #55: High risk (94.0/100). Recommended: Nashik Cold Storage Hub (36.9 km, Rs 33.93/kg).
[2026-08-21T09:27:26.237954+00:00] ALERT for batch_id=54: Chili batch #54: High risk (90.7/100). Recommended: Nashik Cold Storage Hub (186.9 km, Rs 41.47/kg).
[2026-08-21T09:27:26.698642+00:00] ALERT for batch_id=53: Tomato batch #53: Low risk (0.0/100). Recommended: Pune Market Yard (Gultekdi) (175.8 km, Rs 19.45/kg).
[2026-08-21T09:27:26.881206+00:00] ALERT for batch_id=52: Tomato batch #52: Low risk (20.2/100). Recommended: Pune Market Yard (Gultekdi) (175.2 km, Rs 19.45/kg).
[2026-08-21T09:27:28.051623+00:00] ALERT for batch_id=58: Mango batch #58: High risk (94.0/100). Recommended: Nashik Cold Storage Hub (36.9 km, Rs 33.93/kg).
[2026-08-21T09:27:28.055589+00:00] ALERT for batch_id=51: Tomato batch #51: Low risk (25.6/100). Recommended: Pune Market Yard (Gultekdi) (175.8 km, Rs 19.45/kg).
[2026-08-21T09:27:30.101164+00:00] ALERT for batch_id=59: Tomato batch #59: Low risk (20.2/100). Recommended: Pune Market Yard (Gultekdi) (175.2 km, Rs 19.45/kg).
[2026-08-21T09:27:30.407955+00:00] ALERT for batch_id=60: Onion batch #60: Low risk (10.2/100). Recommended: Nashik Cold Storage Hub (25.9 km, Rs 19.81/kg).
[2026-08-21T09:27:31.615993+00:00] ALERT for batch_id=57: Mango batch #57: High risk (94.0/100). Recommended: Nashik Cold Storage Hub (36.9 km, Rs 33.93/kg).
[2026-08-21T09:27:31.697687+00:00] ALERT for batch_id=56: Mango batch #56: High risk (94.0/100). Recommended: Nashik Cold Storage Hub (36.9 km, Rs 33.93/kg).
[2026-08-21T09:27:32.372035+00:00] ALERT for batch_id=55: Mango batch #55: High risk (94.0/100). Recommended: Nashik Cold Storage Hub (36.9 km, Rs 33.93/kg).
[2026-08-21T09:27:34.550935+00:00] ALERT for batch_id=54: Chili batch #54: High risk (90.7/100). Recommended: Nashik Cold Storage Hub (186.9 km, Rs 41.47/kg).
[2026-08-21T09:27:34.669319+00:00] ALERT for batch_id=52: Tomato batch #52: Low risk (20.2/100). Recommended: Pune Market Yard (Gultekdi) (175.2 km, Rs 19.45/kg).
[2026-08-21T09:27:35.754829+00:00] ALERT for batch_id=51: Tomato batch #51: Low risk (25.6/100). Recommended: Pune Market Yard (Gultekdi) (175.8 km, Rs 19.45/kg).
[2026-08-21T09:27:36.455161+00:00] ALERT for batch_id=61: Mango batch #61: High risk (94.0/100). Recommended: Nashik Cold Storage Hub (36.9 km, Rs 33.93/kg).
[2026-08-21T09:27:40.314523+00:00] ALERT for batch_id=53: Tomato batch #53: Low risk (0.0/100). Recommended: Pune Market Yard (Gultekdi) (175.8 km, Rs 19.45/kg).
[2026-08-21T09:27:49.269612+00:00] ALERT for batch_id=56: Mango batch #56: High risk (94.0/100). Recommended: Nashik Cold Storage Hub (36.9 km, Rs 33.93/kg).
[2026-08-21T09:27:52.750422+00:00] ALERT for batch_id=55: Mango batch #55: High risk (94.0/100). Recommended: Nashik Cold Storage Hub (36.9 km, Rs 33.93/kg).
[2026-08-21T09:27:54.632050+00:00] ALERT for batch_id=57: Mango batch #57: High risk (92.1/100). Recommended: Nashik Cold Storage Hub (36.9 km, Rs 33.93/kg).
[2026-08-21T09:27:54.710113+00:00] ALERT for batch_id=58: Mango batch #58: High risk (94.0/100). Recommended: Nashik Cold Storage Hub (36.9 km, Rs 33.93/kg).
[2026-08-21T09:27:54.772455+00:00] ALERT for batch_id=61: Mango batch #61: High risk (94.0/100). Recommended: Nashik Cold Storage Hub (36.9 km, Rs 33.93/kg).
[2026-08-21T09:27:54.822349+00:00] ALERT for batch_id=60: Onion batch #60: Low risk (10.2/100). Recommended: Nashik Cold Storage Hub (25.9 km, Rs 19.81/kg).
[2026-08-21T09:27:58.993109+00:00] ALERT for batch_id=56: Mango batch #56: High risk (94.0/100). Recommended: Nashik Cold Storage Hub (36.9 km, Rs 33.93/kg).
[2026-08-21T09:28:00.253129+00:00] ALERT for batch_id=59: Tomato batch #59: Low risk (27.4/100). Recommended: Pune Market Yard (Gultekdi) (175.2 km, Rs 19.45/kg).
[2026-08-21T09:28:02.100407+00:00] ALERT for batch_id=54: Chili batch #54: High risk (87.4/100). Recommended: Nashik Cold Storage Hub (186.9 km, Rs 41.47/kg).
[2026-08-21T09:28:02.544072+00:00] ALERT for batch_id=57: Mango batch #57: High risk (94.0/100). Recommended: Nashik Cold Storage Hub (36.9 km, Rs 33.93/kg).
[2026-08-21T09:28:03.962252+00:00] ALERT for batch_id=53: Tomato batch #53: Low risk (0.0/100). Recommended: Pune Market Yard (Gultekdi) (175.8 km, Rs 19.45/kg).
[2026-08-21T09:28:04.017871+00:00] ALERT for batch_id=58: Mango batch #58: High risk (94.0/100). Recommended: Nashik Cold Storage Hub (36.9 km, Rs 33.93/kg).
[2026-08-21T09:28:04.306057+00:00] ALERT for batch_id=52: Tomato batch #52: Low risk (27.4/100). Recommended: Pune Market Yard (Gultekdi) (175.2 km, Rs 19.45/kg).
[2026-08-21T09:28:06.524179+00:00] ALERT for batch_id=55: Mango batch #55: High risk (92.1/100). Recommended: Nashik Cold Storage Hub (36.9 km, Rs 33.93/kg).
[2026-08-21T09:28:06.589859+00:00] ALERT for batch_id=60: Onion batch #60: Low risk (10.2/100). Recommended: Nashik Cold Storage Hub (25.9 km, Rs 19.81/kg).
[2026-08-21T09:28:07.993060+00:00] ALERT for batch_id=62: Mango batch #62: High risk (94.0/100). Recommended: Nashik Cold Storage Hub (36.9 km, Rs 33.93/kg).
[2026-08-21T09:28:12.001091+00:00] ALERT for batch_id=52: Tomato batch #52: Low risk (20.2/100). Recommended: Pune Market Yard (Gultekdi) (175.2 km, Rs 19.45/kg).
[2026-08-21T09:28:15.817752+00:00] ALERT for batch_id=54: Chili batch #54: High risk (87.4/100). Recommended: Nashik Cold Storage Hub (186.9 km, Rs 41.47/kg).
[2026-08-21T09:28:16.005177+00:00] ALERT for batch_id=59: Tomato batch #59: Low risk (20.2/100). Recommended: Pune Market Yard (Gultekdi) (175.2 km, Rs 19.45/kg).
[2026-08-21T09:28:16.873493+00:00] ALERT for batch_id=61: Mango batch #61: High risk (92.1/100). Recommended: Nashik Cold Storage Hub (36.9 km, Rs 33.93/kg).
[2026-08-21T09:28:17.400677+00:00] ALERT for batch_id=53: Tomato batch #53: Low risk (0.0/100). Recommended: Pune Market Yard (Gultekdi) (175.8 km, Rs 19.45/kg).
[2026-08-21T09:36:27.331479+00:00] ALERT for batch_id=62: Mango batch #62: High risk (92.8/100). Recommended: Nashik Cold Storage Hub (36.9 km, Rs 33.93/kg).
[2026-08-21T09:36:27.556058+00:00] ALERT for batch_id=61: Mango batch #61: High risk (92.8/100). Recommended: Nashik Cold Storage Hub (36.9 km, Rs 33.93/kg).
[2026-08-21T09:36:27.636387+00:00] ALERT for batch_id=59: Tomato batch #59: Low risk (19.4/100). Recommended: Pune Market Yard (Gultekdi) (175.2 km, Rs 19.45/kg).
[2026-08-21T09:36:27.668881+00:00] ALERT for batch_id=58: Mango batch #58: High risk (92.8/100). Recommended: Nashik Cold Storage Hub (36.9 km, Rs 33.93/kg).
[2026-08-21T09:36:27.828973+00:00] ALERT for batch_id=57: Mango batch #57: High risk (92.8/100). Recommended: Nashik Cold Storage Hub (36.9 km, Rs 33.93/kg).
[2026-08-21T09:36:27.832830+00:00] ALERT for batch_id=60: Onion batch #60: Low risk (8.5/100). Recommended: Nashik APMC Mandi (24.0 km, Rs 19.77/kg).
[2026-08-21T09:36:31.611974+00:00] ALERT for batch_id=55: Mango batch #55: High risk (92.8/100). Recommended: Nashik Cold Storage Hub (36.9 km, Rs 33.93/kg).
[2026-08-21T09:36:32.086887+00:00] ALERT for batch_id=53: Tomato batch #53: Low risk (0.0/100). Recommended: Pune Market Yard (Gultekdi) (175.8 km, Rs 19.45/kg).
[2026-08-21T09:36:32.193403+00:00] ALERT for batch_id=56: Mango batch #56: High risk (92.8/100). Recommended: Nashik Cold Storage Hub (36.9 km, Rs 33.93/kg).
[2026-08-21T09:36:32.242675+00:00] ALERT for batch_id=54: Chili batch #54: High risk (90.4/100). Recommended: Nashik Cold Storage Hub (186.9 km, Rs 41.47/kg).
[2026-08-21T09:36:32.254088+00:00] ALERT for batch_id=62: Mango batch #62: High risk (92.8/100). Recommended: Nashik Cold Storage Hub (36.9 km, Rs 33.93/kg).
[2026-08-21T09:36:34.276928+00:00] ALERT for batch_id=61: Mango batch #61: High risk (92.8/100). Recommended: Nashik Cold Storage Hub (36.9 km, Rs 33.93/kg).
[2026-08-21T09:36:35.324109+00:00] ALERT for batch_id=59: Tomato batch #59: Low risk (19.4/100). Recommended: Pune Market Yard (Gultekdi) (175.2 km, Rs 19.45/kg).
[2026-08-21T09:36:36.400336+00:00] ALERT for batch_id=58: Mango batch #58: High risk (92.8/100). Recommended: Nashik Cold Storage Hub (36.9 km, Rs 33.93/kg).
[2026-08-21T09:36:36.426412+00:00] ALERT for batch_id=57: Mango batch #57: High risk (92.8/100). Recommended: Nashik Cold Storage Hub (36.9 km, Rs 33.93/kg).
[2026-08-21T09:36:36.478357+00:00] ALERT for batch_id=60: Onion batch #60: Low risk (8.5/100). Recommended: Nashik APMC Mandi (24.0 km, Rs 19.77/kg).
[2026-08-21T09:36:38.354626+00:00] ALERT for batch_id=55: Mango batch #55: High risk (92.8/100). Recommended: Nashik Cold Storage Hub (36.9 km, Rs 33.93/kg).
[2026-08-21T09:36:39.034614+00:00] ALERT for batch_id=53: Tomato batch #53: Low risk (0.0/100). Recommended: Pune Market Yard (Gultekdi) (175.8 km, Rs 19.45/kg).
[2026-08-21T09:36:39.313518+00:00] ALERT for batch_id=56: Mango batch #56: High risk (92.8/100). Recommended: Nashik Cold Storage Hub (36.9 km, Rs 33.93/kg).
[2026-08-21T09:36:40.583417+00:00] ALERT for batch_id=63: Mango batch #63: High risk (92.8/100). Recommended: Nashik Cold Storage Hub (36.9 km, Rs 33.93/kg).
[2026-08-21T09:36:40.633134+00:00] ALERT for batch_id=54: Chili batch #54: High risk (90.4/100). Recommended: Nashik Cold Storage Hub (186.9 km, Rs 41.47/kg).
[2026-08-21T09:37:00.046438+00:00] ALERT for batch_id=63: Mango batch #63: High risk (92.8/100). Recommended: Nashik Cold Storage Hub (36.9 km, Rs 33.93/kg).
[2026-08-21T09:37:00.366898+00:00] ALERT for batch_id=62: Mango batch #62: High risk (92.8/100). Recommended: Nashik Cold Storage Hub (36.9 km, Rs 33.93/kg).
[2026-08-21T09:37:00.484499+00:00] ALERT for batch_id=61: Mango batch #61: High risk (92.8/100). Recommended: Nashik Cold Storage Hub (36.9 km, Rs 33.93/kg).
[2026-08-21T09:37:00.527837+00:00] ALERT for batch_id=58: Mango batch #58: High risk (92.8/100). Recommended: Nashik Cold Storage Hub (36.9 km, Rs 33.93/kg).
[2026-08-21T09:37:00.542917+00:00] ALERT for batch_id=60: Onion batch #60: Low risk (8.5/100). Recommended: Nashik APMC Mandi (24.0 km, Rs 19.77/kg).
[2026-08-21T09:37:00.653891+00:00] ALERT for batch_id=59: Tomato batch #59: Low risk (19.4/100). Recommended: Pune Market Yard (Gultekdi) (175.2 km, Rs 19.45/kg).
[2026-08-21T09:37:03.833300+00:00] ALERT for batch_id=56: Mango batch #56: High risk (92.8/100). Recommended: Nashik Cold Storage Hub (36.9 km, Rs 33.93/kg).
[2026-08-21T09:37:04.128492+00:00] ALERT for batch_id=55: Mango batch #55: High risk (92.8/100). Recommended: Nashik Cold Storage Hub (36.9 km, Rs 33.93/kg).
[2026-08-21T09:37:04.214708+00:00] ALERT for batch_id=54: Chili batch #54: High risk (90.4/100). Recommended: Nashik Cold Storage Hub (186.9 km, Rs 41.47/kg).
[2026-08-21T09:37:04.275278+00:00] ALERT for batch_id=63: Mango batch #63: High risk (92.8/100). Recommended: Nashik Cold Storage Hub (36.9 km, Rs 33.93/kg).
[2026-08-21T09:37:06.222519+00:00] ALERT for batch_id=62: Mango batch #62: High risk (92.8/100). Recommended: Nashik Cold Storage Hub (36.9 km, Rs 33.93/kg).
[2026-08-21T09:37:07.633069+00:00] ALERT for batch_id=61: Mango batch #61: High risk (92.8/100). Recommended: Nashik Cold Storage Hub (36.9 km, Rs 33.93/kg).
[2026-08-21T09:37:08.011912+00:00] ALERT for batch_id=59: Tomato batch #59: Low risk (19.4/100). Recommended: Pune Market Yard (Gultekdi) (175.2 km, Rs 19.45/kg).
[2026-08-21T09:37:08.071018+00:00] ALERT for batch_id=58: Mango batch #58: High risk (92.8/100). Recommended: Nashik Cold Storage Hub (36.9 km, Rs 33.93/kg).
[2026-08-21T09:37:08.088053+00:00] ALERT for batch_id=60: Onion batch #60: Low risk (8.5/100). Recommended: Nashik APMC Mandi (24.0 km, Rs 19.77/kg).
[2026-08-21T09:37:08.398072+00:00] ALERT for batch_id=57: Mango batch #57: High risk (92.1/100). Recommended: Nashik Cold Storage Hub (36.9 km, Rs 33.93/kg).
[2026-08-21T09:37:10.842758+00:00] ALERT for batch_id=54: Chili batch #54: High risk (90.4/100). Recommended: Nashik Cold Storage Hub (186.9 km, Rs 41.47/kg).
[2026-08-21T09:37:10.852951+00:00] ALERT for batch_id=55: Mango batch #55: High risk (92.8/100). Recommended: Nashik Cold Storage Hub (36.9 km, Rs 33.93/kg).
[2026-08-21T09:37:10.899195+00:00] ALERT for batch_id=57: Mango batch #57: High risk (92.8/100). Recommended: Nashik Cold Storage Hub (36.9 km, Rs 33.93/kg).
[2026-08-21T09:37:15.981778+00:00] ALERT for batch_id=56: Mango batch #56: High risk (92.8/100). Recommended: Nashik Cold Storage Hub (36.9 km, Rs 33.93/kg).
[2026-08-21T09:55:07.376772+00:00] ALERT for batch_id=64: Tomato batch #64: Low risk (0.0/100). Recommended: Pune Market Yard (Gultekdi) (175.2 km, Rs 19.45/kg).
[2026-08-21T09:55:07.508854+00:00] ALERT for batch_id=63: Mango batch #63: High risk (92.3/100). Recommended: Nashik Cold Storage Hub (36.9 km, Rs 33.93/kg).
[2026-08-21T09:55:08.052322+00:00] ALERT for batch_id=62: Mango batch #62: High risk (92.3/100). Recommended: Nashik Cold Storage Hub (36.9 km, Rs 33.93/kg).
[2026-08-21T09:55:08.088323+00:00] ALERT for batch_id=59: Tomato batch #59: Low risk (19.5/100). Recommended: Pune Market Yard (Gultekdi) (175.2 km, Rs 19.45/kg).
[2026-08-21T09:55:08.122239+00:00] ALERT for batch_id=60: Onion batch #60: Low risk (8.4/100). Recommended: Nashik APMC Mandi (24.0 km, Rs 19.77/kg).
[2026-08-21T09:55:08.123673+00:00] ALERT for batch_id=61: Mango batch #61: High risk (92.3/100). Recommended: Nashik Cold Storage Hub (36.9 km, Rs 33.93/kg).
[2026-08-21T09:55:12.030298+00:00] ALERT for batch_id=58: Mango batch #58: High risk (92.3/100). Recommended: Nashik Cold Storage Hub (36.9 km, Rs 33.93/kg).
[2026-08-21T09:55:12.152521+00:00] ALERT for batch_id=57: Mango batch #57: High risk (92.3/100). Recommended: Nashik Cold Storage Hub (36.9 km, Rs 33.93/kg).
[2026-08-21T09:55:13.024267+00:00] ALERT for batch_id=56: Mango batch #56: High risk (92.3/100). Recommended: Nashik Cold Storage Hub (36.9 km, Rs 33.93/kg).
[2026-08-21T09:55:13.143359+00:00] ALERT for batch_id=64: Tomato batch #64: Low risk (0.0/100). Recommended: Pune Market Yard (Gultekdi) (175.2 km, Rs 19.45/kg).
[2026-08-21T09:55:13.158703+00:00] ALERT for batch_id=55: Mango batch #55: High risk (92.3/100). Recommended: Nashik Cold Storage Hub (36.9 km, Rs 33.93/kg).
[2026-08-21T09:55:16.544941+00:00] ALERT for batch_id=62: Mango batch #62: High risk (92.3/100). Recommended: Nashik Cold Storage Hub (36.9 km, Rs 33.93/kg).
[2026-08-21T09:55:17.397959+00:00] ALERT for batch_id=60: Onion batch #60: Low risk (8.4/100). Recommended: Nashik APMC Mandi (24.0 km, Rs 19.77/kg).
[2026-08-21T09:55:19.886048+00:00] ALERT for batch_id=58: Mango batch #58: High risk (92.3/100). Recommended: Nashik Cold Storage Hub (36.9 km, Rs 33.93/kg).
[2026-08-21T09:55:20.791325+00:00] ALERT for batch_id=57: Mango batch #57: High risk (92.3/100). Recommended: Nashik Cold Storage Hub (36.9 km, Rs 33.93/kg).
[2026-08-21T09:55:21.243053+00:00] ALERT for batch_id=63: Mango batch #63: High risk (92.3/100). Recommended: Nashik Cold Storage Hub (36.9 km, Rs 33.93/kg).
[2026-08-21T09:55:21.477045+00:00] ALERT for batch_id=56: Mango batch #56: High risk (92.3/100). Recommended: Nashik Cold Storage Hub (36.9 km, Rs 33.93/kg).
[2026-08-21T09:55:22.226920+00:00] ALERT for batch_id=59: Tomato batch #59: Low risk (19.5/100). Recommended: Pune Market Yard (Gultekdi) (175.2 km, Rs 19.45/kg).
[2026-08-21T09:55:23.094234+00:00] ALERT for batch_id=61: Mango batch #61: High risk (92.1/100). Recommended: Nashik Cold Storage Hub (36.9 km, Rs 33.93/kg).
[2026-08-21T09:55:23.809267+00:00] ALERT for batch_id=55: Mango batch #55: High risk (92.3/100). Recommended: Nashik Cold Storage Hub (36.9 km, Rs 33.93/kg).
[2026-08-21T09:56:18.348944+00:00] ALERT for batch_id=65: Tomato batch #65: Low risk (9.5/100). Recommended: Pune Market Yard (Gultekdi) (175.8 km, Rs 19.45/kg).
[2026-08-21T09:57:10.283400+00:00] ALERT for batch_id=65: Tomato batch #65: Low risk (9.5/100). Recommended: Pune Market Yard (Gultekdi) (175.8 km, Rs 19.45/kg).
[2026-08-21T09:57:11.042415+00:00] ALERT for batch_id=63: Mango batch #63: High risk (92.3/100). Recommended: Nashik Cold Storage Hub (36.9 km, Rs 33.93/kg).
[2026-08-21T09:57:11.131620+00:00] ALERT for batch_id=64: Tomato batch #64: Low risk (0.0/100). Recommended: Pune Market Yard (Gultekdi) (175.2 km, Rs 19.45/kg).
[2026-08-21T09:57:11.164835+00:00] ALERT for batch_id=62: Mango batch #62: High risk (92.3/100). Recommended: Nashik Cold Storage Hub (36.9 km, Rs 33.93/kg).
[2026-08-21T09:57:11.164557+00:00] ALERT for batch_id=61: Mango batch #61: High risk (92.3/100). Recommended: Nashik Cold Storage Hub (36.9 km, Rs 33.93/kg).
[2026-08-21T09:57:14.357136+00:00] ALERT for batch_id=59: Tomato batch #59: Low risk (19.5/100). Recommended: Pune Market Yard (Gultekdi) (175.2 km, Rs 19.45/kg).
[2026-08-21T09:57:15.642033+00:00] ALERT for batch_id=58: Mango batch #58: High risk (92.3/100). Recommended: Nashik Cold Storage Hub (36.9 km, Rs 33.93/kg).
[2026-08-21T09:57:15.758402+00:00] ALERT for batch_id=56: Mango batch #56: High risk (92.3/100). Recommended: Nashik Cold Storage Hub (36.9 km, Rs 33.93/kg).
[2026-08-21T09:57:15.846988+00:00] ALERT for batch_id=57: Mango batch #57: High risk (92.3/100). Recommended: Nashik Cold Storage Hub (36.9 km, Rs 33.93/kg).
[2026-08-21T09:57:16.760080+00:00] ALERT for batch_id=60: Onion batch #60: Low risk (8.4/100). Recommended: Nashik Cold Storage Hub (25.9 km, Rs 19.81/kg).
[2026-08-21T09:57:18.339538+00:00] ALERT for batch_id=65: Tomato batch #65: Low risk (9.5/100). Recommended: Pune Market Yard (Gultekdi) (175.8 km, Rs 19.45/kg).
[2026-08-21T09:57:18.650174+00:00] ALERT for batch_id=63: Mango batch #63: High risk (92.3/100). Recommended: Nashik Cold Storage Hub (36.9 km, Rs 33.93/kg).
[2026-08-21T09:57:20.233398+00:00] ALERT for batch_id=64: Tomato batch #64: Low risk (0.0/100). Recommended: Pune Market Yard (Gultekdi) (175.2 km, Rs 19.45/kg).
[2026-08-21T09:57:20.506838+00:00] ALERT for batch_id=62: Mango batch #62: High risk (92.3/100). Recommended: Nashik Cold Storage Hub (36.9 km, Rs 33.93/kg).
[2026-08-21T09:57:20.541754+00:00] ALERT for batch_id=61: Mango batch #61: High risk (92.3/100). Recommended: Nashik Cold Storage Hub (36.9 km, Rs 33.93/kg).
[2026-08-21T09:57:23.024602+00:00] ALERT for batch_id=59: Tomato batch #59: Low risk (19.5/100). Recommended: Pune Market Yard (Gultekdi) (175.2 km, Rs 19.45/kg).
[2026-08-21T09:57:23.238572+00:00] ALERT for batch_id=58: Mango batch #58: High risk (92.3/100). Recommended: Nashik Cold Storage Hub (36.9 km, Rs 33.93/kg).
[2026-08-21T09:57:23.696174+00:00] ALERT for batch_id=56: Mango batch #56: High risk (92.3/100). Recommended: Nashik Cold Storage Hub (36.9 km, Rs 33.93/kg).
[2026-08-21T09:57:24.727782+00:00] ALERT for batch_id=57: Mango batch #57: High risk (92.3/100). Recommended: Nashik Cold Storage Hub (36.9 km, Rs 33.93/kg).
[2026-08-21T09:57:24.815889+00:00] ALERT for batch_id=60: Onion batch #60: Low risk (8.4/100). Recommended: Nashik APMC Mandi (24.0 km, Rs 19.77/kg).
[2026-08-21T09:59:00.088013+00:00] ALERT for batch_id=65: Tomato batch #65: Low risk (9.5/100). Recommended: Pune Market Yard (Gultekdi) (175.8 km, Rs 19.45/kg).
[2026-08-21T09:59:00.580864+00:00] ALERT for batch_id=61: Mango batch #61: High risk (92.3/100). Recommended: Nashik Cold Storage Hub (36.9 km, Rs 33.93/kg).
[2026-08-21T09:59:00.820744+00:00] ALERT for batch_id=64: Tomato batch #64: Low risk (0.0/100). Recommended: Pune Market Yard (Gultekdi) (175.2 km, Rs 19.45/kg).
[2026-08-21T09:59:00.831849+00:00] ALERT for batch_id=62: Mango batch #62: High risk (92.3/100). Recommended: Nashik Cold Storage Hub (36.9 km, Rs 33.93/kg).
[2026-08-21T09:59:00.849059+00:00] ALERT for batch_id=63: Mango batch #63: High risk (92.3/100). Recommended: Nashik Cold Storage Hub (36.9 km, Rs 33.93/kg).
[2026-08-21T09:59:00.922211+00:00] ALERT for batch_id=60: Onion batch #60: Low risk (8.4/100). Recommended: Nashik APMC Mandi (24.0 km, Rs 19.77/kg).
[2026-08-21T09:59:04.554471+00:00] ALERT for batch_id=59: Tomato batch #59: Low risk (19.5/100). Recommended: Pune Market Yard (Gultekdi) (175.2 km, Rs 19.45/kg).
[2026-08-21T09:59:05.525932+00:00] ALERT for batch_id=58: Mango batch #58: High risk (92.3/100). Recommended: Nashik Cold Storage Hub (36.9 km, Rs 33.93/kg).
[2026-08-21T09:59:05.779839+00:00] ALERT for batch_id=57: Mango batch #57: High risk (92.3/100). Recommended: Nashik Cold Storage Hub (36.9 km, Rs 33.93/kg).
[2026-08-21T09:59:05.890566+00:00] ALERT for batch_id=56: Mango batch #56: High risk (92.3/100). Recommended: Nashik Cold Storage Hub (36.9 km, Rs 33.93/kg).
[2026-08-21T09:59:05.932166+00:00] ALERT for batch_id=65: Tomato batch #65: Low risk (9.5/100). Recommended: Pune Market Yard (Gultekdi) (175.8 km, Rs 19.45/kg).
[2026-08-21T09:59:08.295163+00:00] ALERT for batch_id=61: Mango batch #61: High risk (92.3/100). Recommended: Nashik Cold Storage Hub (36.9 km, Rs 33.93/kg).
[2026-08-21T09:59:08.939256+00:00] ALERT for batch_id=64: Tomato batch #64: Low risk (0.0/100). Recommended: Pune Market Yard (Gultekdi) (175.2 km, Rs 19.45/kg).
[2026-08-21T09:59:10.239739+00:00] ALERT for batch_id=62: Mango batch #62: High risk (92.3/100). Recommended: Nashik Cold Storage Hub (36.9 km, Rs 33.93/kg).
[2026-08-21T09:59:10.692153+00:00] ALERT for batch_id=63: Mango batch #63: High risk (92.3/100). Recommended: Nashik Cold Storage Hub (36.9 km, Rs 33.93/kg).
[2026-08-21T09:59:10.808155+00:00] ALERT for batch_id=60: Onion batch #60: Low risk (8.4/100). Recommended: Nashik APMC Mandi (24.0 km, Rs 19.77/kg).
[2026-08-21T09:59:12.793091+00:00] ALERT for batch_id=59: Tomato batch #59: Low risk (19.5/100). Recommended: Pune Market Yard (Gultekdi) (175.2 km, Rs 19.45/kg).
[2026-08-21T09:59:13.229784+00:00] ALERT for batch_id=58: Mango batch #58: High risk (92.3/100). Recommended: Nashik Cold Storage Hub (36.9 km, Rs 33.93/kg).
[2026-08-21T09:59:13.714813+00:00] ALERT for batch_id=57: Mango batch #57: High risk (92.3/100). Recommended: Nashik Cold Storage Hub (36.9 km, Rs 33.93/kg).
[2026-08-21T09:59:14.564653+00:00] ALERT for batch_id=56: Mango batch #56: High risk (92.3/100). Recommended: Nashik Cold Storage Hub (36.9 km, Rs 33.93/kg).
[2026-08-21T09:59:16.131684+00:00] ALERT for batch_id=65: Tomato batch #65: Low risk (9.5/100). Recommended: Pune Market Yard (Gultekdi) (175.8 km, Rs 19.45/kg).
[2026-08-21T09:59:16.399050+00:00] ALERT for batch_id=64: Tomato batch #64: Low risk (0.0/100). Recommended: Pune Market Yard (Gultekdi) (175.2 km, Rs 19.45/kg).
[2026-08-21T09:59:18.290151+00:00] ALERT for batch_id=61: Mango batch #61: High risk (92.3/100). Recommended: Nashik Cold Storage Hub (36.9 km, Rs 33.93/kg).
[2026-08-21T09:59:20.701209+00:00] ALERT for batch_id=59: Tomato batch #59: Low risk (19.5/100). Recommended: Pune Market Yard (Gultekdi) (175.2 km, Rs 19.45/kg).
[2026-08-21T09:59:22.672453+00:00] ALERT for batch_id=58: Mango batch #58: High risk (92.3/100). Recommended: Nashik Cold Storage Hub (36.9 km, Rs 33.93/kg).
[2026-08-21T09:59:22.775968+00:00] ALERT for batch_id=57: Mango batch #57: High risk (92.3/100). Recommended: Nashik Cold Storage Hub (36.9 km, Rs 33.93/kg).
[2026-08-21T09:59:22.885649+00:00] ALERT for batch_id=63: Mango batch #63: High risk (92.1/100). Recommended: Nashik Cold Storage Hub (36.9 km, Rs 33.93/kg).
[2026-08-21T09:59:23.260537+00:00] ALERT for batch_id=62: Mango batch #62: High risk (92.3/100). Recommended: Nashik Cold Storage Hub (36.9 km, Rs 33.93/kg).
[2026-08-21T09:59:24.275393+00:00] ALERT for batch_id=60: Onion batch #60: Low risk (14.7/100). Recommended: Nashik APMC Mandi (24.0 km, Rs 19.77/kg).
[2026-08-21T09:59:25.721401+00:00] ALERT for batch_id=56: Mango batch #56: High risk (92.3/100). Recommended: Nashik Cold Storage Hub (36.9 km, Rs 33.93/kg).
[2026-08-21T09:59:27.378636+00:00] ALERT for batch_id=65: Tomato batch #65: Low risk (9.5/100). Recommended: Pune Market Yard (Gultekdi) (175.8 km, Rs 19.45/kg).
[2026-08-21T09:59:27.473499+00:00] ALERT for batch_id=64: Tomato batch #64: Low risk (0.0/100). Recommended: Pune Market Yard (Gultekdi) (175.2 km, Rs 19.45/kg).
[2026-08-21T09:59:27.587044+00:00] ALERT for batch_id=61: Mango batch #61: High risk (92.3/100). Recommended: Nashik Cold Storage Hub (36.9 km, Rs 33.93/kg).
[2026-08-21T09:59:28.796029+00:00] ALERT for batch_id=59: Tomato batch #59: Low risk (19.5/100). Recommended: Pune Market Yard (Gultekdi) (175.2 km, Rs 19.45/kg).
[2026-08-21T09:59:30.437517+00:00] ALERT for batch_id=57: Mango batch #57: High risk (92.3/100). Recommended: Nashik Cold Storage Hub (36.9 km, Rs 33.93/kg).
[2026-08-21T09:59:30.441953+00:00] ALERT for batch_id=58: Mango batch #58: High risk (92.3/100). Recommended: Nashik Cold Storage Hub (36.9 km, Rs 33.93/kg).
[2026-08-21T09:59:31.937434+00:00] ALERT for batch_id=63: Mango batch #63: High risk (92.3/100). Recommended: Nashik Cold Storage Hub (36.9 km, Rs 33.93/kg).
[2026-08-21T09:59:32.012726+00:00] ALERT for batch_id=62: Mango batch #62: High risk (92.3/100). Recommended: Nashik Cold Storage Hub (36.9 km, Rs 33.93/kg).
[2026-08-21T09:59:32.255505+00:00] ALERT for batch_id=60: Onion batch #60: Low risk (8.4/100). Recommended: Nashik APMC Mandi (24.0 km, Rs 19.77/kg).
[2026-08-21T09:59:33.476078+00:00] ALERT for batch_id=56: Mango batch #56: High risk (92.3/100). Recommended: Nashik Cold Storage Hub (36.9 km, Rs 33.93/kg).
[2026-08-21T09:59:34.855885+00:00] ALERT for batch_id=65: Tomato batch #65: Low risk (9.5/100). Recommended: Pune Market Yard (Gultekdi) (175.8 km, Rs 19.45/kg).
[2026-08-21T09:59:36.507375+00:00] ALERT for batch_id=64: Tomato batch #64: Low risk (0.0/100). Recommended: Pune Market Yard (Gultekdi) (175.2 km, Rs 19.45/kg).
[2026-08-21T09:59:36.569592+00:00] ALERT for batch_id=61: Mango batch #61: High risk (92.3/100). Recommended: Nashik Cold Storage Hub (36.9 km, Rs 33.93/kg).
[2026-08-21T09:59:36.733166+00:00] ALERT for batch_id=59: Tomato batch #59: Low risk (19.5/100). Recommended: Pune Market Yard (Gultekdi) (175.2 km, Rs 19.45/kg).
[2026-08-21T09:59:38.767239+00:00] ALERT for batch_id=57: Mango batch #57: High risk (92.3/100). Recommended: Nashik Cold Storage Hub (36.9 km, Rs 33.93/kg).
[2026-08-21T09:59:38.966147+00:00] ALERT for batch_id=58: Mango batch #58: High risk (92.3/100). Recommended: Nashik Cold Storage Hub (36.9 km, Rs 33.93/kg).
[2026-08-21T09:59:41.177443+00:00] ALERT for batch_id=62: Mango batch #62: High risk (92.3/100). Recommended: Nashik Cold Storage Hub (36.9 km, Rs 33.93/kg).
[2026-08-21T09:59:45.009444+00:00] ALERT for batch_id=59: Tomato batch #59: Low risk (19.5/100). Recommended: Pune Market Yard (Gultekdi) (175.2 km, Rs 19.45/kg).
[2026-08-21T09:59:46.569434+00:00] ALERT for batch_id=65: Tomato batch #65: Low risk (9.5/100). Recommended: Pune Market Yard (Gultekdi) (175.8 km, Rs 19.45/kg).
[2026-08-21T09:59:46.775828+00:00] ALERT for batch_id=63: Mango batch #63: High risk (92.3/100). Recommended: Nashik Cold Storage Hub (36.9 km, Rs 33.93/kg).
[2026-08-21T09:59:46.984920+00:00] ALERT for batch_id=61: Mango batch #61: High risk (92.3/100). Recommended: Nashik Cold Storage Hub (36.9 km, Rs 33.93/kg).
[2026-08-21T09:59:47.047184+00:00] ALERT for batch_id=60: Onion batch #60: Low risk (8.4/100). Recommended: Nashik Cold Storage Hub (25.9 km, Rs 19.81/kg).
[2026-08-21T09:59:49.191704+00:00] ALERT for batch_id=58: Mango batch #58: High risk (92.3/100). Recommended: Nashik Cold Storage Hub (36.9 km, Rs 33.93/kg).
[2026-08-21T09:59:51.315079+00:00] ALERT for batch_id=56: Mango batch #56: High risk (92.3/100). Recommended: Nashik Cold Storage Hub (36.9 km, Rs 33.93/kg).
[2026-08-21T09:59:51.538822+00:00] ALERT for batch_id=62: Mango batch #62: High risk (92.3/100). Recommended: Nashik Cold Storage Hub (36.9 km, Rs 33.93/kg).
[2026-08-21T09:59:51.706326+00:00] ALERT for batch_id=64: Tomato batch #64: Low risk (0.0/100). Recommended: Pune Market Yard (Gultekdi) (175.2 km, Rs 19.45/kg).
[2026-08-21T09:59:53.607171+00:00] ALERT for batch_id=59: Tomato batch #59: Low risk (19.5/100). Recommended: Pune Market Yard (Gultekdi) (175.2 km, Rs 19.45/kg).
[2026-08-21T09:59:54.115011+00:00] ALERT for batch_id=65: Tomato batch #65: Low risk (9.5/100). Recommended: Pune Market Yard (Gultekdi) (175.8 km, Rs 19.45/kg).
[2026-08-21T09:59:56.129336+00:00] ALERT for batch_id=63: Mango batch #63: High risk (92.3/100). Recommended: Nashik Cold Storage Hub (36.9 km, Rs 33.93/kg).
[2026-08-21T09:59:56.612671+00:00] ALERT for batch_id=60: Onion batch #60: Low risk (8.4/100). Recommended: Nashik APMC Mandi (24.0 km, Rs 19.77/kg).
[2026-08-21T09:59:56.844595+00:00] ALERT for batch_id=57: Mango batch #57: High risk (92.1/100). Recommended: Nashik Cold Storage Hub (36.9 km, Rs 33.93/kg).
[2026-08-21T09:59:57.975556+00:00] ALERT for batch_id=58: Mango batch #58: High risk (92.3/100). Recommended: Nashik Cold Storage Hub (36.9 km, Rs 33.93/kg).
[2026-08-21T09:59:59.199158+00:00] ALERT for batch_id=56: Mango batch #56: High risk (92.3/100). Recommended: Nashik Cold Storage Hub (36.9 km, Rs 33.93/kg).
[2026-08-21T09:59:59.373615+00:00] ALERT for batch_id=64: Tomato batch #64: Low risk (0.0/100). Recommended: Pune Market Yard (Gultekdi) (175.2 km, Rs 19.45/kg).
[2026-08-21T10:00:01.985236+00:00] ALERT for batch_id=61: Mango batch #61: High risk (92.3/100). Recommended: Nashik Cold Storage Hub (36.9 km, Rs 33.93/kg).
[2026-08-21T10:00:05.810812+00:00] ALERT for batch_id=57: Mango batch #57: High risk (92.1/100). Recommended: Nashik Cold Storage Hub (36.9 km, Rs 33.93/kg).
[2026-08-21T13:49:21.078966+00:00] ALERT for batch_id=64: Tomato batch #64: Low risk (0.0/100). Recommended: Pune Market Yard (Gultekdi) (175.2 km, Rs 19.45/kg).
[2026-08-21T13:49:21.116039+00:00] ALERT for batch_id=65: Tomato batch #65: Low risk (9.5/100). Recommended: Pune Market Yard (Gultekdi) (175.8 km, Rs 19.45/kg).
[2026-08-21T13:49:21.118432+00:00] ALERT for batch_id=61: Mango batch #61: High risk (92.1/100). Recommended: Nashik Cold Storage Hub (36.9 km, Rs 33.93/kg).
[2026-08-21T13:49:21.121205+00:00] ALERT for batch_id=62: Mango batch #62: High risk (92.1/100). Recommended: Nashik Cold Storage Hub (36.9 km, Rs 33.93/kg).
[2026-08-21T13:49:21.138691+00:00] ALERT for batch_id=63: Mango batch #63: High risk (92.1/100). Recommended: Nashik Cold Storage Hub (36.9 km, Rs 33.93/kg).
[2026-08-21T13:49:21.161160+00:00] ALERT for batch_id=60: Onion batch #60: Low risk (14.7/100). Recommended: Nashik Cold Storage Hub (25.9 km, Rs 19.81/kg).
[2026-08-21T16:41:09.631434+00:00] ALERT for batch_id=65: Tomato batch #65: Low risk (9.5/100). Recommended: Pune Market Yard (Gultekdi) (175.8 km, Rs 19.45/kg).
[2026-08-21T16:41:09.977939+00:00] ALERT for batch_id=64: Tomato batch #64: Low risk (0.0/100). Recommended: Pune Market Yard (Gultekdi) (175.2 km, Rs 19.45/kg).
[2026-08-21T16:41:09.981918+00:00] ALERT for batch_id=63: Mango batch #63: High risk (92.1/100). Recommended: Nashik Cold Storage Hub (36.9 km, Rs 33.93/kg).
[2026-08-21T16:41:10.058553+00:00] ALERT for batch_id=62: Mango batch #62: High risk (92.1/100). Recommended: Nashik Cold Storage Hub (36.9 km, Rs 33.93/kg).
[2026-08-21T16:41:10.064615+00:00] ALERT for batch_id=61: Mango batch #61: High risk (92.1/100). Recommended: Nashik Cold Storage Hub (36.9 km, Rs 33.93/kg).
[2026-08-21T16:41:10.161605+00:00] ALERT for batch_id=60: Onion batch #60: Low risk (14.7/100). Recommended: Nashik Cold Storage Hub (25.9 km, Rs 19.81/kg).
[2026-08-21T16:41:11.832763+00:00] ALERT for batch_id=59: Tomato batch #59: Low risk (27.4/100). Recommended: Pune Market Yard (Gultekdi) (175.2 km, Rs 19.45/kg).
[2026-08-21T16:41:12.503261+00:00] ALERT for batch_id=58: Mango batch #58: High risk (92.1/100). Recommended: Nashik Cold Storage Hub (36.9 km, Rs 33.93/kg).
[2026-08-21T16:41:12.521090+00:00] ALERT for batch_id=57: Mango batch #57: High risk (92.1/100). Recommended: Nashik Cold Storage Hub (36.9 km, Rs 33.93/kg).
[2026-08-21T16:41:12.526305+00:00] ALERT for batch_id=56: Mango batch #56: High risk (92.1/100). Recommended: Nashik Cold Storage Hub (36.9 km, Rs 33.93/kg).
[2026-08-21T16:41:12.645649+00:00] ALERT for batch_id=65: Tomato batch #65: Low risk (9.5/100). Recommended: Pune Market Yard (Gultekdi) (175.8 km, Rs 19.45/kg).
[2026-08-21T16:41:14.737904+00:00] ALERT for batch_id=64: Tomato batch #64: Low risk (0.0/100). Recommended: Pune Market Yard (Gultekdi) (175.2 km, Rs 19.45/kg).
[2026-08-21T16:41:15.423549+00:00] ALERT for batch_id=63: Mango batch #63: High risk (92.1/100). Recommended: Nashik Cold Storage Hub (36.9 km, Rs 33.93/kg).
[2026-08-21T16:41:16.107005+00:00] ALERT for batch_id=58: Mango batch #58: High risk (92.1/100). Recommended: Nashik Cold Storage Hub (36.9 km, Rs 33.93/kg).
[2026-08-21T16:41:16.292665+00:00] ALERT for batch_id=61: Mango batch #61: High risk (89.2/100). Recommended: Nashik Cold Storage Hub (36.9 km, Rs 33.93/kg).
[2026-08-21T16:41:16.356475+00:00] ALERT for batch_id=60: Onion batch #60: Low risk (8.5/100). Recommended: Nashik Cold Storage Hub (25.9 km, Rs 19.81/kg).
[2026-08-21T16:41:16.582749+00:00] ALERT for batch_id=62: Mango batch #62: High risk (89.2/100). Recommended: Nashik Cold Storage Hub (36.9 km, Rs 33.93/kg).
[2026-08-21T16:41:16.612462+00:00] ALERT for batch_id=57: Mango batch #57: High risk (92.1/100). Recommended: Nashik Cold Storage Hub (36.9 km, Rs 33.93/kg).
[2026-08-21T16:41:16.692617+00:00] ALERT for batch_id=59: Tomato batch #59: Low risk (27.4/100). Recommended: Pune Market Yard (Gultekdi) (175.2 km, Rs 19.45/kg).
[2026-08-21T16:41:16.851440+00:00] ALERT for batch_id=56: Mango batch #56: High risk (92.1/100). Recommended: Nashik Cold Storage Hub (36.9 km, Rs 33.93/kg).
[2026-08-21T17:09:49.701169+00:00] ALERT for batch_id=63: Mango batch #63: High risk (92.1/100). Recommended: Nashik Cold Storage Hub (36.9 km, Rs 33.93/kg).
[2026-08-21T17:09:49.698512+00:00] ALERT for batch_id=62: Mango batch #62: High risk (92.1/100). Recommended: Nashik Cold Storage Hub (36.9 km, Rs 33.93/kg).
[2026-08-21T17:09:49.719695+00:00] ALERT for batch_id=64: Tomato batch #64: Low risk (0.0/100). Recommended: Pune Market Yard (Gultekdi) (175.2 km, Rs 19.45/kg).
[2026-08-21T17:09:49.734116+00:00] ALERT for batch_id=61: Mango batch #61: High risk (92.1/100). Recommended: Nashik Cold Storage Hub (36.9 km, Rs 33.93/kg).
[2026-08-21T17:09:49.753891+00:00] ALERT for batch_id=65: Tomato batch #65: Low risk (9.5/100). Recommended: Pune Market Yard (Gultekdi) (175.8 km, Rs 19.45/kg).
[2026-08-21T17:09:49.785639+00:00] ALERT for batch_id=60: Onion batch #60: Low risk (14.7/100). Recommended: Nashik Cold Storage Hub (25.9 km, Rs 19.81/kg).
[2026-08-21T17:09:56.140929+00:00] ALERT for batch_id=65: Tomato batch #65: Low risk (9.5/100). Recommended: Pune Market Yard (Gultekdi) (175.8 km, Rs 19.45/kg).
[2026-08-21T17:09:56.657638+00:00] ALERT for batch_id=64: Tomato batch #64: Low risk (0.0/100). Recommended: Pune Market Yard (Gultekdi) (175.2 km, Rs 19.45/kg).
[2026-08-21T17:09:56.748658+00:00] ALERT for batch_id=63: Mango batch #63: High risk (92.1/100). Recommended: Nashik Cold Storage Hub (36.9 km, Rs 33.93/kg).
[2026-08-21T17:09:56.768428+00:00] ALERT for batch_id=62: Mango batch #62: High risk (92.1/100). Recommended: Nashik Cold Storage Hub (36.9 km, Rs 33.93/kg).
[2026-08-21T17:09:56.785997+00:00] ALERT for batch_id=60: Onion batch #60: Low risk (14.7/100). Recommended: Nashik Cold Storage Hub (25.9 km, Rs 19.81/kg).
[2026-08-21T17:09:56.795570+00:00] ALERT for batch_id=61: Mango batch #61: High risk (92.1/100). Recommended: Nashik Cold Storage Hub (36.9 km, Rs 33.93/kg).
[2026-08-21T17:09:56.904433+00:00] ALERT for batch_id=59: Tomato batch #59: Low risk (27.4/100). Recommended: Pune Market Yard (Gultekdi) (175.2 km, Rs 19.45/kg).
[2026-08-21T17:09:57.178329+00:00] ALERT for batch_id=58: Mango batch #58: High risk (92.1/100). Recommended: Nashik Cold Storage Hub (36.9 km, Rs 33.93/kg).
[2026-08-21T17:09:57.376222+00:00] ALERT for batch_id=57: Mango batch #57: High risk (92.1/100). Recommended: Nashik Cold Storage Hub (36.9 km, Rs 33.93/kg).
[2026-08-21T17:09:57.433554+00:00] ALERT for batch_id=65: Tomato batch #65: Low risk (9.5/100). Recommended: Pune Market Yard (Gultekdi) (175.8 km, Rs 19.45/kg).
[2026-08-21T17:09:57.449395+00:00] ALERT for batch_id=56: Mango batch #56: High risk (92.1/100). Recommended: Nashik Cold Storage Hub (36.9 km, Rs 33.93/kg).
[2026-08-21T17:09:57.509098+00:00] ALERT for batch_id=64: Tomato batch #64: Low risk (0.0/100). Recommended: Pune Market Yard (Gultekdi) (175.2 km, Rs 19.45/kg).
[2026-08-21T17:09:57.633192+00:00] ALERT for batch_id=63: Mango batch #63: High risk (92.1/100). Recommended: Nashik Cold Storage Hub (36.9 km, Rs 33.93/kg).
[2026-08-21T17:09:57.738029+00:00] ALERT for batch_id=62: Mango batch #62: High risk (92.1/100). Recommended: Nashik Cold Storage Hub (36.9 km, Rs 33.93/kg).
[2026-08-21T17:09:57.948327+00:00] ALERT for batch_id=60: Onion batch #60: Low risk (14.7/100). Recommended: Nashik Cold Storage Hub (25.9 km, Rs 19.81/kg).
[2026-08-21T17:09:58.023079+00:00] ALERT for batch_id=61: Mango batch #61: High risk (92.1/100). Recommended: Nashik Cold Storage Hub (36.9 km, Rs 33.93/kg).
[2026-08-21T17:09:58.032746+00:00] ALERT for batch_id=59: Tomato batch #59: Low risk (27.4/100). Recommended: Pune Market Yard (Gultekdi) (175.2 km, Rs 19.45/kg).
[2026-08-21T17:09:58.143327+00:00] ALERT for batch_id=58: Mango batch #58: High risk (92.1/100). Recommended: Nashik Cold Storage Hub (36.9 km, Rs 33.93/kg).
[2026-08-21T17:09:58.213302+00:00] ALERT for batch_id=57: Mango batch #57: High risk (92.1/100). Recommended: Nashik Cold Storage Hub (36.9 km, Rs 33.93/kg).
[2026-08-21T17:09:58.421721+00:00] ALERT for batch_id=56: Mango batch #56: High risk (92.1/100). Recommended: Nashik Cold Storage Hub (36.9 km, Rs 33.93/kg).
[2026-08-21T19:51:44.277110+00:00] ALERT for batch_id=65: Tomato batch #65: Low risk (11.6/100). Recommended: Pune Market Yard (Gultekdi) (175.8 km, Rs 19.45/kg).
[2026-08-21T19:51:44.404758+00:00] ALERT for batch_id=60: Onion batch #60: Low risk (11.6/100). Recommended: Nashik Cold Storage Hub (25.9 km, Rs 19.81/kg).
[2026-08-21T19:51:44.411941+00:00] ALERT for batch_id=63: Mango batch #63: High risk (91.2/100). Recommended: Nashik Cold Storage Hub (36.9 km, Rs 33.93/kg).
[2026-08-21T19:51:45.324535+00:00] ALERT for batch_id=64: Tomato batch #64: Low risk (4.0/100). Recommended: Pune Market Yard (Gultekdi) (175.2 km, Rs 19.45/kg).
[2026-08-21T19:51:46.126184+00:00] ALERT for batch_id=62: Mango batch #62: High risk (91.2/100). Recommended: Nashik Cold Storage Hub (36.9 km, Rs 33.93/kg).
[2026-08-21T19:51:46.417644+00:00] ALERT for batch_id=61: Mango batch #61: High risk (91.2/100). Recommended: Nashik Cold Storage Hub (36.9 km, Rs 33.93/kg).
[2026-08-21T19:51:49.567756+00:00] ALERT for batch_id=58: Mango batch #58: High risk (91.2/100). Recommended: Nashik Cold Storage Hub (36.9 km, Rs 33.93/kg).
[2026-08-21T19:51:50.296534+00:00] ALERT for batch_id=59: Tomato batch #59: Low risk (22.5/100). Recommended: Pune Market Yard (Gultekdi) (175.2 km, Rs 19.45/kg).
[2026-08-21T19:51:50.950514+00:00] ALERT for batch_id=56: Mango batch #56: High risk (91.2/100). Recommended: Nashik Cold Storage Hub (36.9 km, Rs 33.93/kg).
[2026-08-21T19:51:53.853028+00:00] ALERT for batch_id=57: Mango batch #57: High risk (91.2/100). Recommended: Nashik Cold Storage Hub (36.9 km, Rs 33.93/kg).
[2026-08-21T19:51:54.291018+00:00] ALERT for batch_id=65: Tomato batch #65: Low risk (11.6/100). Recommended: Pune Market Yard (Gultekdi) (175.8 km, Rs 19.45/kg).
[2026-08-21T19:51:54.576724+00:00] ALERT for batch_id=60: Onion batch #60: Low risk (11.6/100). Recommended: Nashik Cold Storage Hub (25.9 km, Rs 19.81/kg).
[2026-08-21T19:51:55.539416+00:00] ALERT for batch_id=64: Tomato batch #64: Low risk (4.0/100). Recommended: Pune Market Yard (Gultekdi) (175.2 km, Rs 19.45/kg).
[2026-08-21T19:51:57.057501+00:00] ALERT for batch_id=62: Mango batch #62: High risk (91.2/100). Recommended: Nashik Cold Storage Hub (36.9 km, Rs 33.93/kg).
[2026-08-21T19:51:59.587210+00:00] ALERT for batch_id=63: Mango batch #63: High risk (91.2/100). Recommended: Nashik Cold Storage Hub (36.9 km, Rs 33.93/kg).
[2026-08-21T19:52:00.550826+00:00] ALERT for batch_id=58: Mango batch #58: High risk (91.2/100). Recommended: Nashik Cold Storage Hub (36.9 km, Rs 33.93/kg).
[2026-08-21T19:52:03.717683+00:00] ALERT for batch_id=59: Tomato batch #59: Low risk (22.5/100). Recommended: Pune Market Yard (Gultekdi) (175.2 km, Rs 19.45/kg).
[2026-08-21T19:52:04.032485+00:00] ALERT for batch_id=56: Mango batch #56: High risk (91.2/100). Recommended: Nashik Cold Storage Hub (36.9 km, Rs 33.93/kg).
[2026-08-21T19:52:04.844093+00:00] ALERT for batch_id=61: Mango batch #61: High risk (95.0/100). Recommended: Nashik Cold Storage Hub (36.9 km, Rs 33.93/kg).
[2026-08-21T19:52:05.463049+00:00] ALERT for batch_id=57: Mango batch #57: High risk (91.2/100). Recommended: Nashik Cold Storage Hub (36.9 km, Rs 33.93/kg).
[2026-08-21T19:59:51.870361+00:00] ALERT for batch_id=65: Tomato batch #65: Low risk (11.6/100). Recommended: Pune Market Yard (Gultekdi) (175.8 km, Rs 19.45/kg).
[2026-08-21T19:59:52.642676+00:00] ALERT for batch_id=62: Mango batch #62: High risk (91.2/100). Recommended: Nashik Cold Storage Hub (36.9 km, Rs 33.93/kg).
[2026-08-21T19:59:52.705266+00:00] ALERT for batch_id=63: Mango batch #63: High risk (91.2/100). Recommended: Nashik Cold Storage Hub (36.9 km, Rs 33.93/kg).
[2026-08-21T19:59:52.705130+00:00] ALERT for batch_id=64: Tomato batch #64: Low risk (4.0/100). Recommended: Pune Market Yard (Gultekdi) (175.2 km, Rs 19.45/kg).
[2026-08-21T19:59:52.731295+00:00] ALERT for batch_id=61: Mango batch #61: High risk (91.2/100). Recommended: Nashik Cold Storage Hub (36.9 km, Rs 33.93/kg).
[2026-08-21T19:59:56.197829+00:00] ALERT for batch_id=60: Onion batch #60: Low risk (11.6/100). Recommended: Nashik Cold Storage Hub (25.9 km, Rs 19.81/kg).
[2026-08-21T19:59:57.130963+00:00] ALERT for batch_id=59: Tomato batch #59: Low risk (22.5/100). Recommended: Pune Market Yard (Gultekdi) (175.2 km, Rs 19.45/kg).
[2026-08-21T19:59:57.280675+00:00] ALERT for batch_id=58: Mango batch #58: High risk (91.2/100). Recommended: Nashik Cold Storage Hub (36.9 km, Rs 33.93/kg).
[2026-08-21T19:59:57.282256+00:00] ALERT for batch_id=57: Mango batch #57: High risk (91.2/100). Recommended: Nashik Cold Storage Hub (36.9 km, Rs 33.93/kg).
[2026-08-21T19:59:59.482866+00:00] ALERT for batch_id=56: Mango batch #56: High risk (91.2/100). Recommended: Nashik Cold Storage Hub (36.9 km, Rs 33.93/kg).
[2026-08-21T20:00:00.950874+00:00] ALERT for batch_id=65: Tomato batch #65: Low risk (11.6/100). Recommended: Pune Market Yard (Gultekdi) (175.8 km, Rs 19.45/kg).
[2026-08-21T20:00:01.839151+00:00] ALERT for batch_id=62: Mango batch #62: High risk (91.2/100). Recommended: Nashik Cold Storage Hub (36.9 km, Rs 33.93/kg).
[2026-08-21T20:00:02.240769+00:00] ALERT for batch_id=64: Tomato batch #64: Low risk (4.0/100). Recommended: Pune Market Yard (Gultekdi) (175.2 km, Rs 19.45/kg).
[2026-08-21T20:00:02.466066+00:00] ALERT for batch_id=63: Mango batch #63: High risk (91.2/100). Recommended: Nashik Cold Storage Hub (36.9 km, Rs 33.93/kg).
[2026-08-21T20:00:02.713139+00:00] ALERT for batch_id=61: Mango batch #61: High risk (95.0/100). Recommended: Nashik Cold Storage Hub (36.9 km, Rs 33.93/kg).
[2026-08-21T20:00:05.205404+00:00] ALERT for batch_id=60: Onion batch #60: Low risk (11.6/100). Recommended: Nashik Cold Storage Hub (25.9 km, Rs 19.81/kg).
[2026-08-21T20:00:06.344382+00:00] ALERT for batch_id=59: Tomato batch #59: Low risk (22.5/100). Recommended: Pune Market Yard (Gultekdi) (175.2 km, Rs 19.45/kg).
[2026-08-21T20:00:09.317862+00:00] ALERT for batch_id=56: Mango batch #56: High risk (91.2/100). Recommended: Nashik Cold Storage Hub (36.9 km, Rs 33.93/kg).
[2026-08-21T20:00:12.010696+00:00] ALERT for batch_id=57: Mango batch #57: High risk (95.0/100). Recommended: Nashik Cold Storage Hub (36.9 km, Rs 33.93/kg).
[2026-08-21T20:00:17.115453+00:00] ALERT for batch_id=58: Mango batch #58: High risk (95.0/100). Recommended: Nashik Cold Storage Hub (36.9 km, Rs 33.93/kg).
[2026-08-22T04:00:07.774617+00:00] ALERT for batch_id=65: Tomato batch #65: Low risk (15.5/100). Recommended: Pune Market Yard (Gultekdi) (175.8 km, Rs 19.45/kg).
[2026-08-22T04:00:08.151725+00:00] ALERT for batch_id=61: Mango batch #61: High risk (92.6/100). Recommended: Nashik Cold Storage Hub (36.9 km, Rs 33.93/kg).
[2026-08-22T04:00:08.378513+00:00] ALERT for batch_id=64: Tomato batch #64: Low risk (6.0/100). Recommended: Pune Market Yard (Gultekdi) (175.2 km, Rs 19.45/kg).
[2026-08-22T04:00:08.557273+00:00] ALERT for batch_id=62: Mango batch #62: High risk (92.6/100). Recommended: Nashik Cold Storage Hub (36.9 km, Rs 33.93/kg).
[2026-08-22T04:00:08.583027+00:00] ALERT for batch_id=63: Mango batch #63: High risk (92.6/100). Recommended: Nashik Cold Storage Hub (36.9 km, Rs 33.93/kg).
[2026-08-22T04:00:08.787760+00:00] ALERT for batch_id=60: Onion batch #60: Low risk (12.2/100). Recommended: Nashik Cold Storage Hub (25.9 km, Rs 19.81/kg).
[2026-08-22T04:00:12.013909+00:00] ALERT for batch_id=59: Tomato batch #59: Low risk (25.0/100). Recommended: Pune Market Yard (Gultekdi) (175.2 km, Rs 19.45/kg).
[2026-08-22T04:00:12.225067+00:00] ALERT for batch_id=58: Mango batch #58: High risk (92.6/100). Recommended: Nashik Cold Storage Hub (36.9 km, Rs 33.93/kg).
[2026-08-22T04:00:12.629295+00:00] ALERT for batch_id=57: Mango batch #57: High risk (92.6/100). Recommended: Nashik Cold Storage Hub (36.9 km, Rs 33.93/kg).
[2026-08-22T04:00:12.940256+00:00] ALERT for batch_id=56: Mango batch #56: High risk (92.6/100). Recommended: Nashik Cold Storage Hub (36.9 km, Rs 33.93/kg).
[2026-08-22T04:00:13.150499+00:00] ALERT for batch_id=65: Tomato batch #65: Low risk (15.5/100). Recommended: Pune Market Yard (Gultekdi) (175.8 km, Rs 19.45/kg).
[2026-08-22T04:00:15.386174+00:00] ALERT for batch_id=61: Mango batch #61: High risk (92.6/100). Recommended: Nashik Cold Storage Hub (36.9 km, Rs 33.93/kg).
[2026-08-22T04:00:16.093621+00:00] ALERT for batch_id=64: Tomato batch #64: Low risk (6.0/100). Recommended: Pune Market Yard (Gultekdi) (175.2 km, Rs 19.45/kg).
[2026-08-22T04:00:16.308574+00:00] ALERT for batch_id=62: Mango batch #62: High risk (92.6/100). Recommended: Nashik Cold Storage Hub (36.9 km, Rs 33.93/kg).
[2026-08-22T04:00:16.872547+00:00] ALERT for batch_id=63: Mango batch #63: High risk (92.6/100). Recommended: Nashik Cold Storage Hub (36.9 km, Rs 33.93/kg).
[2026-08-22T04:00:17.120570+00:00] ALERT for batch_id=60: Onion batch #60: Low risk (12.2/100). Recommended: Nashik Cold Storage Hub (25.9 km, Rs 19.81/kg).
[2026-08-22T04:00:19.725979+00:00] ALERT for batch_id=58: Mango batch #58: High risk (92.6/100). Recommended: Nashik Cold Storage Hub (36.9 km, Rs 33.93/kg).
[2026-08-22T04:00:20.229234+00:00] ALERT for batch_id=57: Mango batch #57: High risk (92.6/100). Recommended: Nashik Cold Storage Hub (36.9 km, Rs 33.93/kg).
[2026-08-22T04:00:20.369552+00:00] ALERT for batch_id=56: Mango batch #56: High risk (92.6/100). Recommended: Nashik Cold Storage Hub (36.9 km, Rs 33.93/kg).
[2026-08-22T04:00:25.380390+00:00] ALERT for batch_id=59: Tomato batch #59: Medium risk (37.5/100). Recommended: Pune Market Yard (Gultekdi) (175.2 km, Rs 19.45/kg).
[2026-08-22T04:00:25.848321+00:00] ALERT for batch_id=64: Tomato batch #64: Low risk (6.0/100). Recommended: Pune Market Yard (Gultekdi) (175.2 km, Rs 19.45/kg).
[2026-08-22T04:00:25.982282+00:00] ALERT for batch_id=65: Tomato batch #65: Low risk (15.5/100). Recommended: Pune Market Yard (Gultekdi) (175.8 km, Rs 19.45/kg).
[2026-08-22T04:00:25.985407+00:00] ALERT for batch_id=63: Mango batch #63: High risk (92.6/100). Recommended: Nashik Cold Storage Hub (36.9 km, Rs 33.93/kg).
[2026-08-22T04:00:26.458471+00:00] ALERT for batch_id=62: Mango batch #62: High risk (92.6/100). Recommended: Nashik Cold Storage Hub (36.9 km, Rs 33.93/kg).
[2026-08-22T04:00:28.860970+00:00] ALERT for batch_id=61: Mango batch #61: High risk (92.6/100). Recommended: Nashik Cold Storage Hub (36.9 km, Rs 33.93/kg).
[2026-08-22T04:00:29.012099+00:00] ALERT for batch_id=60: Onion batch #60: Low risk (12.2/100). Recommended: Nashik Cold Storage Hub (25.9 km, Rs 19.81/kg).
[2026-08-22T04:00:29.307794+00:00] ALERT for batch_id=57: Mango batch #57: High risk (92.6/100). Recommended: Nashik Cold Storage Hub (36.9 km, Rs 33.93/kg).
[2026-08-22T04:00:30.760659+00:00] ALERT for batch_id=56: Mango batch #56: High risk (92.6/100). Recommended: Nashik Cold Storage Hub (36.9 km, Rs 33.93/kg).
[2026-08-22T04:00:32.065897+00:00] ALERT for batch_id=64: Tomato batch #64: Low risk (6.0/100). Recommended: Pune Market Yard (Gultekdi) (175.2 km, Rs 19.45/kg).
[2026-08-22T04:00:32.074374+00:00] ALERT for batch_id=59: Tomato batch #59: Low risk (25.0/100). Recommended: Pune Market Yard (Gultekdi) (175.2 km, Rs 19.45/kg).
[2026-08-22T04:00:32.208600+00:00] ALERT for batch_id=65: Tomato batch #65: Low risk (15.5/100). Recommended: Pune Market Yard (Gultekdi) (175.8 km, Rs 19.45/kg).
[2026-08-22T04:00:34.600023+00:00] ALERT for batch_id=58: Mango batch #58: High risk (95.0/100). Recommended: Nashik Cold Storage Hub (36.9 km, Rs 33.93/kg).
[2026-08-22T04:00:39.311437+00:00] ALERT for batch_id=63: Mango batch #63: High risk (92.6/100). Recommended: Nashik Cold Storage Hub (36.9 km, Rs 33.93/kg).
[2026-08-22T04:00:39.880470+00:00] ALERT for batch_id=62: Mango batch #62: High risk (92.6/100). Recommended: Nashik Cold Storage Hub (36.9 km, Rs 33.93/kg).
[2026-08-22T04:00:40.803264+00:00] ALERT for batch_id=61: Mango batch #61: High risk (95.0/100). Recommended: Nashik Cold Storage Hub (36.9 km, Rs 33.93/kg).
[2026-08-22T04:00:40.843868+00:00] ALERT for batch_id=60: Onion batch #60: Low risk (12.2/100). Recommended: Nashik Cold Storage Hub (25.9 km, Rs 19.81/kg).
[2026-08-22T04:00:42.428623+00:00] ALERT for batch_id=56: Mango batch #56: High risk (92.6/100). Recommended: Nashik Cold Storage Hub (36.9 km, Rs 33.93/kg).
[2026-08-22T04:00:42.876223+00:00] ALERT for batch_id=59: Tomato batch #59: Low risk (25.0/100). Recommended: Pune Market Yard (Gultekdi) (175.2 km, Rs 19.45/kg).
[2026-08-22T04:00:42.926975+00:00] ALERT for batch_id=57: Mango batch #57: High risk (92.6/100). Recommended: Nashik Cold Storage Hub (36.9 km, Rs 33.93/kg).
[2026-08-22T04:00:43.902024+00:00] ALERT for batch_id=58: Mango batch #58: High risk (92.6/100). Recommended: Nashik Cold Storage Hub (36.9 km, Rs 33.93/kg).
[2026-08-22T04:34:17.210499+00:00] ALERT for batch_id=64: Tomato batch #64: Low risk (9.2/100). Recommended: Pune Market Yard (Gultekdi) (175.2 km, Rs 19.45/kg).
[2026-08-22T04:34:17.217470+00:00] ALERT for batch_id=65: Tomato batch #65: Low risk (18.2/100). Recommended: Pune Market Yard (Gultekdi) (175.8 km, Rs 19.45/kg).
[2026-08-22T04:34:17.877819+00:00] ALERT for batch_id=61: Mango batch #61: High risk (93.0/100). Recommended: Nashik Cold Storage Hub (36.9 km, Rs 33.93/kg).
[2026-08-22T04:34:17.920913+00:00] ALERT for batch_id=62: Mango batch #62: High risk (93.0/100). Recommended: Nashik Cold Storage Hub (36.9 km, Rs 33.93/kg).
[2026-08-22T04:34:17.931005+00:00] ALERT for batch_id=63: Mango batch #63: High risk (93.0/100). Recommended: Nashik Cold Storage Hub (36.9 km, Rs 33.93/kg).
[2026-08-22T04:34:18.052728+00:00] ALERT for batch_id=60: Onion batch #60: Low risk (12.9/100). Recommended: Nashik Cold Storage Hub (25.9 km, Rs 19.81/kg).
[2026-08-22T04:34:21.844086+00:00] ALERT for batch_id=58: Mango batch #58: High risk (93.0/100). Recommended: Nashik Cold Storage Hub (36.9 km, Rs 33.93/kg).
[2026-08-22T04:34:21.845668+00:00] ALERT for batch_id=59: Tomato batch #59: Low risk (29.1/100). Recommended: Pune Market Yard (Gultekdi) (175.2 km, Rs 19.45/kg).
[2026-08-22T04:34:22.649224+00:00] ALERT for batch_id=57: Mango batch #57: High risk (93.0/100). Recommended: Nashik Cold Storage Hub (36.9 km, Rs 33.93/kg).
[2026-08-22T04:34:22.708789+00:00] ALERT for batch_id=56: Mango batch #56: High risk (93.0/100). Recommended: Nashik Cold Storage Hub (36.9 km, Rs 33.93/kg).
[2026-08-22T04:34:22.779460+00:00] ALERT for batch_id=64: Tomato batch #64: Low risk (9.2/100). Recommended: Pune Market Yard (Gultekdi) (175.2 km, Rs 19.45/kg).
[2026-08-22T04:34:24.864437+00:00] ALERT for batch_id=65: Tomato batch #65: Low risk (18.2/100). Recommended: Pune Market Yard (Gultekdi) (175.8 km, Rs 19.45/kg).
[2026-08-22T04:34:26.090204+00:00] ALERT for batch_id=61: Mango batch #61: High risk (93.0/100). Recommended: Nashik Cold Storage Hub (36.9 km, Rs 33.93/kg).
[2026-08-22T04:34:26.090515+00:00] ALERT for batch_id=62: Mango batch #62: High risk (93.0/100). Recommended: Nashik Cold Storage Hub (36.9 km, Rs 33.93/kg).
[2026-08-22T04:34:26.692458+00:00] ALERT for batch_id=63: Mango batch #63: High risk (93.0/100). Recommended: Nashik Cold Storage Hub (36.9 km, Rs 33.93/kg).
[2026-08-22T04:34:26.857809+00:00] ALERT for batch_id=60: Onion batch #60: Low risk (12.9/100). Recommended: Nashik Cold Storage Hub (25.9 km, Rs 19.81/kg).
[2026-08-22T04:34:28.967969+00:00] ALERT for batch_id=58: Mango batch #58: High risk (93.0/100). Recommended: Nashik Cold Storage Hub (36.9 km, Rs 33.93/kg).
[2026-08-22T04:34:29.174784+00:00] ALERT for batch_id=59: Tomato batch #59: Low risk (29.1/100). Recommended: Pune Market Yard (Gultekdi) (175.2 km, Rs 19.45/kg).
[2026-08-22T04:34:30.531376+00:00] ALERT for batch_id=57: Mango batch #57: High risk (93.0/100). Recommended: Nashik Cold Storage Hub (36.9 km, Rs 33.93/kg).
[2026-08-22T04:34:30.534168+00:00] ALERT for batch_id=56: Mango batch #56: High risk (93.0/100). Recommended: Nashik Cold Storage Hub (36.9 km, Rs 33.93/kg).
[2026-08-22T04:36:24.842407+00:00] ALERT for batch_id=67: Tomato batch #67: Low risk (0.0/100). Recommended: Pune Market Yard (Gultekdi) (175.8 km, Rs 19.45/kg).
[2026-08-22T04:37:05.280617+00:00] ALERT for batch_id=67: Tomato batch #67: Low risk (0.0/100). Recommended: Pune Market Yard (Gultekdi) (175.8 km, Rs 19.45/kg).
[2026-08-22T04:37:05.451793+00:00] ALERT for batch_id=65: Tomato batch #65: Low risk (18.2/100). Recommended: Pune Market Yard (Gultekdi) (175.8 km, Rs 19.45/kg).
[2026-08-22T04:37:05.882444+00:00] ALERT for batch_id=63: Mango batch #63: High risk (93.0/100). Recommended: Nashik Cold Storage Hub (36.9 km, Rs 33.93/kg).
[2026-08-22T04:37:05.977572+00:00] ALERT for batch_id=64: Tomato batch #64: Low risk (9.2/100). Recommended: Pune Market Yard (Gultekdi) (175.2 km, Rs 19.45/kg).
[2026-08-22T04:37:06.029044+00:00] ALERT for batch_id=61: Mango batch #61: High risk (93.0/100). Recommended: Nashik Cold Storage Hub (36.9 km, Rs 33.93/kg).
[2026-08-22T04:37:09.170664+00:00] ALERT for batch_id=60: Onion batch #60: Low risk (12.9/100). Recommended: Nashik Cold Storage Hub (25.9 km, Rs 19.81/kg).
[2026-08-22T04:37:09.474236+00:00] ALERT for batch_id=58: Mango batch #58: High risk (93.0/100). Recommended: Nashik Cold Storage Hub (36.9 km, Rs 33.93/kg).
[2026-08-22T04:37:10.001790+00:00] ALERT for batch_id=59: Tomato batch #59: Low risk (29.1/100). Recommended: Pune Market Yard (Gultekdi) (175.2 km, Rs 19.45/kg).
[2026-08-22T04:37:10.151995+00:00] ALERT for batch_id=57: Mango batch #57: High risk (93.0/100). Recommended: Nashik Cold Storage Hub (36.9 km, Rs 33.93/kg).
[2026-08-22T04:37:11.498681+00:00] ALERT for batch_id=62: Mango batch #62: High risk (95.0/100). Recommended: Nashik Cold Storage Hub (36.9 km, Rs 33.93/kg).
[2026-08-22T04:37:12.650850+00:00] ALERT for batch_id=67: Tomato batch #67: Low risk (0.0/100). Recommended: Pune Market Yard (Gultekdi) (175.8 km, Rs 19.45/kg).
[2026-08-22T04:37:13.675683+00:00] ALERT for batch_id=65: Tomato batch #65: Low risk (18.2/100). Recommended: Pune Market Yard (Gultekdi) (175.8 km, Rs 19.45/kg).
[2026-08-22T04:37:14.468276+00:00] ALERT for batch_id=63: Mango batch #63: High risk (93.0/100). Recommended: Nashik Cold Storage Hub (36.9 km, Rs 33.93/kg).
[2026-08-22T04:37:14.666320+00:00] ALERT for batch_id=64: Tomato batch #64: Low risk (9.2/100). Recommended: Pune Market Yard (Gultekdi) (175.2 km, Rs 19.45/kg).
[2026-08-22T04:37:14.767236+00:00] ALERT for batch_id=61: Mango batch #61: High risk (93.0/100). Recommended: Nashik Cold Storage Hub (36.9 km, Rs 33.93/kg).
[2026-08-22T04:37:17.399419+00:00] ALERT for batch_id=60: Onion batch #60: Low risk (12.9/100). Recommended: Nashik Cold Storage Hub (25.9 km, Rs 19.81/kg).
[2026-08-22T04:37:18.187447+00:00] ALERT for batch_id=58: Mango batch #58: High risk (93.0/100). Recommended: Nashik Cold Storage Hub (36.9 km, Rs 33.93/kg).
[2026-08-22T04:37:18.392282+00:00] ALERT for batch_id=59: Tomato batch #59: Low risk (29.1/100). Recommended: Pune Market Yard (Gultekdi) (175.2 km, Rs 19.45/kg).
[2026-08-22T04:37:19.650044+00:00] ALERT for batch_id=68: Tomato batch #68: Low risk (0.0/100). Recommended: Pune Market Yard (Gultekdi) (175.8 km, Rs 19.45/kg).
[2026-08-22T04:37:21.547112+00:00] ALERT for batch_id=57: Mango batch #57: High risk (93.0/100). Recommended: Nashik Cold Storage Hub (36.9 km, Rs 33.93/kg).
[2026-08-22T04:37:27.137998+00:00] ALERT for batch_id=62: Mango batch #62: High risk (93.0/100). Recommended: Nashik Cold Storage Hub (36.9 km, Rs 33.93/kg).
[2026-08-22T05:04:20.018764+00:00] ALERT for batch_id=68: Tomato batch #68: Low risk (0.0/100). Recommended: Pune Market Yard (Gultekdi) (175.8 km, Rs 19.45/kg).
[2026-08-22T05:04:20.020234+00:00] ALERT for batch_id=67: Tomato batch #67: Low risk (0.0/100). Recommended: Pune Market Yard (Gultekdi) (175.8 km, Rs 19.45/kg).
[2026-08-22T05:04:20.621633+00:00] ALERT for batch_id=64: Tomato batch #64: Low risk (10.3/100). Recommended: Pune Market Yard (Gultekdi) (175.2 km, Rs 19.45/kg).
[2026-08-22T05:04:20.640793+00:00] ALERT for batch_id=65: Tomato batch #65: Low risk (21.1/100). Recommended: Pune Market Yard (Gultekdi) (175.8 km, Rs 19.45/kg).
[2026-08-22T05:04:20.641037+00:00] ALERT for batch_id=63: Mango batch #63: High risk (93.6/100). Recommended: Nashik Cold Storage Hub (36.9 km, Rs 33.93/kg).
[2026-08-22T05:04:20.758156+00:00] ALERT for batch_id=62: Mango batch #62: High risk (93.6/100). Recommended: Nashik Cold Storage Hub (36.9 km, Rs 33.93/kg).
[2026-08-22T05:04:25.190582+00:00] ALERT for batch_id=60: Onion batch #60: Low risk (13.0/100). Recommended: Nashik Cold Storage Hub (25.9 km, Rs 19.81/kg).
[2026-08-22T05:04:25.203939+00:00] ALERT for batch_id=61: Mango batch #61: High risk (93.6/100). Recommended: Nashik Cold Storage Hub (36.9 km, Rs 33.93/kg).
[2026-08-22T05:04:26.066528+00:00] ALERT for batch_id=59: Tomato batch #59: Low risk (31.8/100). Recommended: Pune Market Yard (Gultekdi) (175.2 km, Rs 19.45/kg).
[2026-08-22T05:04:26.066877+00:00] ALERT for batch_id=58: Mango batch #58: High risk (93.6/100). Recommended: Nashik Cold Storage Hub (36.9 km, Rs 33.93/kg).
[2026-08-22T05:04:26.085717+00:00] ALERT for batch_id=68: Tomato batch #68: Low risk (0.0/100). Recommended: Pune Market Yard (Gultekdi) (175.8 km, Rs 19.45/kg).
[2026-08-22T05:04:28.796395+00:00] ALERT for batch_id=67: Tomato batch #67: Low risk (0.0/100). Recommended: Pune Market Yard (Gultekdi) (175.8 km, Rs 19.45/kg).
[2026-08-22T05:04:30.327471+00:00] ALERT for batch_id=63: Mango batch #63: High risk (93.6/100). Recommended: Nashik Cold Storage Hub (36.9 km, Rs 33.93/kg).
[2026-08-22T05:04:30.359259+00:00] ALERT for batch_id=64: Tomato batch #64: Low risk (10.3/100). Recommended: Pune Market Yard (Gultekdi) (175.2 km, Rs 19.45/kg).
[2026-08-22T05:04:31.383303+00:00] ALERT for batch_id=65: Tomato batch #65: Low risk (21.1/100). Recommended: Pune Market Yard (Gultekdi) (175.8 km, Rs 19.45/kg).
[2026-08-22T05:04:31.399503+00:00] ALERT for batch_id=62: Mango batch #62: High risk (93.6/100). Recommended: Nashik Cold Storage Hub (36.9 km, Rs 33.93/kg).
[2026-08-22T05:04:33.626577+00:00] ALERT for batch_id=60: Onion batch #60: Low risk (13.0/100). Recommended: Nashik Cold Storage Hub (25.9 km, Rs 19.81/kg).
[2026-08-22T05:04:34.849507+00:00] ALERT for batch_id=58: Mango batch #58: High risk (93.6/100). Recommended: Nashik Cold Storage Hub (36.9 km, Rs 33.93/kg).
[2026-08-22T05:04:39.227692+00:00] ALERT for batch_id=61: Mango batch #61: High risk (93.6/100). Recommended: Nashik Cold Storage Hub (36.9 km, Rs 33.93/kg).
[2026-08-22T05:04:40.289703+00:00] ALERT for batch_id=59: Tomato batch #59: Low risk (31.8/100). Recommended: Pune Market Yard (Gultekdi) (175.2 km, Rs 19.45/kg).
[2026-08-22T05:45:26.502926+00:00] ALERT for batch_id=68: Tomato batch #68: Low risk (0.0/100). Recommended: Pune Market Yard (Gultekdi) (175.8 km, Rs 19.45/kg).
[2026-08-22T05:45:29.658935+00:00] ALERT for batch_id=68: Tomato batch #68: Low risk (0.0/100). Recommended: Pune Market Yard (Gultekdi) (175.8 km, Rs 19.45/kg).
[2026-08-22T05:45:43.821680+00:00] ALERT for batch_id=69: Tomato batch #69: Low risk (0.0/100). Recommended: Pune Market Yard (Gultekdi) (175.8 km, Rs 19.45/kg).
[2026-08-22T05:46:41.168260+00:00] ALERT for batch_id=69: Tomato batch #69: Low risk (0.0/100). Recommended: Pune Market Yard (Gultekdi) (175.8 km, Rs 19.45/kg).
[2026-08-22T05:46:44.412108+00:00] ALERT for batch_id=69: Tomato batch #69: Low risk (0.0/100). Recommended: Pune Market Yard (Gultekdi) (175.8 km, Rs 19.45/kg).
[2026-08-22T05:46:47.364379+00:00] ALERT for batch_id=69: Tomato batch #69: Low risk (0.0/100). Recommended: Pune Market Yard (Gultekdi) (175.8 km, Rs 19.45/kg).
[2026-08-22T05:46:55.818480+00:00] ALERT for batch_id=69: Tomato batch #69: Low risk (0.0/100). Recommended: Pune Market Yard (Gultekdi) (175.8 km, Rs 19.45/kg).
[2026-08-22T05:46:57.977110+00:00] ALERT for batch_id=69: Tomato batch #69: Low risk (0.0/100). Recommended: Pune Market Yard (Gultekdi) (175.8 km, Rs 19.45/kg).
[2026-08-22T05:47:00.083836+00:00] ALERT for batch_id=69: Tomato batch #69: Low risk (0.0/100). Recommended: Pune Market Yard (Gultekdi) (175.8 km, Rs 19.45/kg).
[2026-08-22T06:32:18.929447+00:00] ALERT for batch_id=73: Tomato batch #73: Medium risk (38.5/100). Recommended: Pune Market Yard (Gultekdi) (175.8 km, Rs 19.45/kg).
[2026-08-22T06:32:45.278413+00:00] ALERT for batch_id=73: Tomato batch #73: Medium risk (38.5/100). Recommended: Pune Market Yard (Gultekdi) (175.8 km, Rs 19.45/kg).
[2026-08-22T06:32:48.216515+00:00] ALERT for batch_id=73: Tomato batch #73: Medium risk (38.5/100). Recommended: Pune Market Yard (Gultekdi) (175.8 km, Rs 19.45/kg).
[2026-08-22T06:33:01.658098+00:00] ALERT for batch_id=73: Tomato batch #73: Medium risk (38.5/100). Recommended: Pune Market Yard (Gultekdi) (175.8 km, Rs 19.45/kg).
[2026-08-22T06:33:04.402855+00:00] ALERT for batch_id=73: Tomato batch #73: Medium risk (38.5/100). Recommended: Pune Market Yard (Gultekdi) (175.8 km, Rs 19.45/kg).
[2026-08-22T06:34:05.446201+00:00] ALERT for batch_id=73: Tomato batch #73: Medium risk (38.5/100). Recommended: Pune Market Yard (Gultekdi) (175.8 km, Rs 19.45/kg).
[2026-08-22T06:34:05.515778+00:00] ALERT for batch_id=68: Tomato batch #68: Medium risk (38.5/100). Recommended: Pune Market Yard (Gultekdi) (175.8 km, Rs 19.45/kg).
[2026-08-22T06:34:05.583036+00:00] ALERT for batch_id=69: Tomato batch #69: Medium risk (38.5/100). Recommended: Pune Market Yard (Gultekdi) (175.8 km, Rs 19.45/kg).
[2026-08-22T06:34:05.596801+00:00] ALERT for batch_id=65: Tomato batch #65: Medium risk (54.6/100). Recommended: Nashik Cold Storage Hub (36.9 km, Rs 15.32/kg).
[2026-08-22T06:34:05.627919+00:00] ALERT for batch_id=67: Tomato batch #67: Medium risk (38.5/100). Recommended: Pune Market Yard (Gultekdi) (175.8 km, Rs 19.45/kg).
[2026-08-22T06:34:05.644136+00:00] ALERT for batch_id=64: Tomato batch #64: Medium risk (46.3/100). Recommended: Pune Market Yard (Gultekdi) (175.2 km, Rs 19.45/kg).
[2026-08-22T06:34:08.499893+00:00] ALERT for batch_id=63: Mango batch #63: High risk (68.1/100). Recommended: Nashik Cold Storage Hub (36.9 km, Rs 33.93/kg).
[2026-08-22T06:34:08.649112+00:00] ALERT for batch_id=61: Mango batch #61: High risk (68.1/100). Recommended: Nashik Cold Storage Hub (36.9 km, Rs 33.93/kg).
[2026-08-22T06:34:08.806306+00:00] ALERT for batch_id=60: Onion batch #60: Medium risk (64.7/100). Recommended: Nashik Cold Storage Hub (25.9 km, Rs 19.81/kg).
[2026-08-22T06:34:08.819111+00:00] ALERT for batch_id=62: Mango batch #62: High risk (68.1/100). Recommended: Nashik Cold Storage Hub (36.9 km, Rs 33.93/kg).
[2026-08-22T06:34:08.858788+00:00] ALERT for batch_id=73: Tomato batch #73: Medium risk (38.5/100). Recommended: Pune Market Yard (Gultekdi) (175.8 km, Rs 19.45/kg).
[2026-08-22T06:34:10.038136+00:00] ALERT for batch_id=68: Tomato batch #68: Medium risk (38.5/100). Recommended: Pune Market Yard (Gultekdi) (175.8 km, Rs 19.45/kg).
[2026-08-22T06:34:10.992154+00:00] ALERT for batch_id=69: Tomato batch #69: Medium risk (38.5/100). Recommended: Pune Market Yard (Gultekdi) (175.8 km, Rs 19.45/kg).
[2026-08-22T06:34:11.263475+00:00] ALERT for batch_id=65: Tomato batch #65: Medium risk (54.6/100). Recommended: Nashik Cold Storage Hub (36.9 km, Rs 15.32/kg).
[2026-08-22T06:34:12.973121+00:00] ALERT for batch_id=63: Mango batch #63: High risk (68.1/100). Recommended: Nashik Cold Storage Hub (36.9 km, Rs 33.93/kg).
[2026-08-22T06:34:13.127745+00:00] ALERT for batch_id=61: Mango batch #61: High risk (68.1/100). Recommended: Nashik Cold Storage Hub (36.9 km, Rs 33.93/kg).
[2026-08-22T06:34:13.949611+00:00] ALERT for batch_id=60: Onion batch #60: Medium risk (64.7/100). Recommended: Nashik Cold Storage Hub (25.9 km, Rs 19.81/kg).
[2026-08-22T06:34:14.211336+00:00] ALERT for batch_id=62: Mango batch #62: High risk (68.1/100). Recommended: Nashik Cold Storage Hub (36.9 km, Rs 33.93/kg).
[2026-08-22T06:34:17.002413+00:00] ALERT for batch_id=67: Tomato batch #67: Medium risk (38.5/100). Recommended: Pune Market Yard (Gultekdi) (175.8 km, Rs 19.45/kg).
[2026-08-22T06:34:17.007317+00:00] ALERT for batch_id=64: Tomato batch #64: Medium risk (46.3/100). Recommended: Pune Market Yard (Gultekdi) (175.2 km, Rs 19.45/kg).
[2026-08-22T06:35:19.483880+00:00] ALERT for batch_id=74: Tomato batch #74: Medium risk (38.5/100). Recommended: Pune Market Yard (Gultekdi) (175.8 km, Rs 19.45/kg).
[2026-08-22T06:44:07.866956+00:00] ALERT for batch_id=74: Tomato batch #74: Medium risk (38.5/100). Recommended: Pune Market Yard (Gultekdi) (175.8 km, Rs 19.45/kg).
[2026-08-22T06:44:10.849104+00:00] ALERT for batch_id=74: Tomato batch #74: Medium risk (38.5/100). Recommended: Pune Market Yard (Gultekdi) (175.8 km, Rs 19.45/kg).
[2026-08-22T06:44:22.629244+00:00] ALERT for batch_id=74: Tomato batch #74: Medium risk (38.5/100). Recommended: Pune Market Yard (Gultekdi) (175.8 km, Rs 19.45/kg).
[2026-08-22T06:44:25.419236+00:00] ALERT for batch_id=74: Tomato batch #74: Medium risk (38.5/100). Recommended: Pune Market Yard (Gultekdi) (175.8 km, Rs 19.45/kg).
[2026-08-22T06:44:31.296502+00:00] ALERT for batch_id=75: Tomato batch #75: Medium risk (38.5/100). Recommended: Pune Market Yard (Gultekdi) (175.8 km, Rs 19.45/kg).
[2026-08-22T06:45:18.176314+00:00] ALERT for batch_id=75: Tomato batch #75: Medium risk (38.5/100). Recommended: Pune Market Yard (Gultekdi) (175.8 km, Rs 19.45/kg).
[2026-08-22T06:45:20.897048+00:00] ALERT for batch_id=75: Tomato batch #75: Medium risk (38.5/100). Recommended: Pune Market Yard (Gultekdi) (175.8 km, Rs 19.45/kg).
[2026-08-22T06:45:23.831513+00:00] ALERT for batch_id=75: Tomato batch #75: Medium risk (38.5/100). Recommended: Pune Market Yard (Gultekdi) (175.8 km, Rs 19.45/kg).
[2026-08-22T06:45:26.575729+00:00] ALERT for batch_id=75: Tomato batch #75: Medium risk (38.5/100). Recommended: Pune Market Yard (Gultekdi) (175.8 km, Rs 19.45/kg).
[2026-08-22T06:47:59.204325+00:00] ALERT for batch_id=76: Tomato batch #76: Medium risk (38.5/100). Recommended: Pune Market Yard (Gultekdi) (175.8 km, Rs 19.45/kg).
[2026-08-22T06:51:40.157484+00:00] ALERT for batch_id=76: Tomato batch #76: Medium risk (38.5/100). Recommended: Pune Market Yard (Gultekdi) (175.8 km, Rs 19.45/kg).
[2026-08-22T06:51:42.165074+00:00] ALERT for batch_id=76: Tomato batch #76: Medium risk (38.5/100). Recommended: Pune Market Yard (Gultekdi) (175.8 km, Rs 19.45/kg).
[2026-08-22T06:51:55.380359+00:00] ALERT for batch_id=76: Tomato batch #76: Medium risk (38.5/100). Recommended: Pune Market Yard (Gultekdi) (175.8 km, Rs 19.45/kg).
[2026-08-22T06:51:57.489820+00:00] ALERT for batch_id=76: Tomato batch #76: Medium risk (38.5/100). Recommended: Pune Market Yard (Gultekdi) (175.8 km, Rs 19.45/kg).
[2026-08-22T06:53:19.759612+00:00] ALERT for batch_id=76: Tomato batch #76: Medium risk (38.5/100). Recommended: Pune Market Yard (Gultekdi) (175.8 km, Rs 19.45/kg).
[2026-08-22T06:53:21.333015+00:00] ALERT for batch_id=76: Tomato batch #76: Medium risk (38.5/100). Recommended: Pune Market Yard (Gultekdi) (175.8 km, Rs 19.45/kg).
[2026-08-22T06:54:30.214070+00:00] ALERT for batch_id=76: Tomato batch #76: Medium risk (38.5/100). Recommended: Pune Market Yard (Gultekdi) (175.8 km, Rs 19.45/kg).
[2026-08-22T06:54:33.041320+00:00] ALERT for batch_id=76: Tomato batch #76: Medium risk (38.5/100). Recommended: Pune Market Yard (Gultekdi) (175.8 km, Rs 19.45/kg).
[2026-08-22T06:54:43.458832+00:00] ALERT for batch_id=77: Tomato batch #77: Medium risk (38.5/100). Recommended: Pune Market Yard (Gultekdi) (175.8 km, Rs 19.45/kg).
[2026-08-22T06:55:53.629079+00:00] ALERT for batch_id=76: Tomato batch #76: Medium risk (38.5/100). Recommended: Pune Market Yard (Gultekdi) (175.8 km, Rs 19.45/kg).
[2026-08-22T06:55:53.629214+00:00] ALERT for batch_id=77: Tomato batch #77: Medium risk (38.5/100). Recommended: Pune Market Yard (Gultekdi) (175.8 km, Rs 19.45/kg).
[2026-08-22T06:55:53.680960+00:00] ALERT for batch_id=74: Tomato batch #74: Medium risk (38.5/100). Recommended: Pune Market Yard (Gultekdi) (175.8 km, Rs 19.45/kg).
[2026-08-22T06:55:53.736964+00:00] ALERT for batch_id=73: Tomato batch #73: Medium risk (38.5/100). Recommended: Pune Market Yard (Gultekdi) (175.8 km, Rs 19.45/kg).
[2026-08-22T06:55:53.864132+00:00] ALERT for batch_id=75: Tomato batch #75: Medium risk (38.5/100). Recommended: Pune Market Yard (Gultekdi) (175.8 km, Rs 19.45/kg).
[2026-08-22T06:55:53.866947+00:00] ALERT for batch_id=69: Tomato batch #69: Medium risk (38.5/100). Recommended: Pune Market Yard (Gultekdi) (175.8 km, Rs 19.45/kg).
[2026-08-22T06:55:56.862447+00:00] ALERT for batch_id=68: Tomato batch #68: Medium risk (38.5/100). Recommended: Pune Market Yard (Gultekdi) (175.8 km, Rs 19.45/kg).
[2026-08-22T06:55:56.994677+00:00] ALERT for batch_id=67: Tomato batch #67: Medium risk (38.5/100). Recommended: Pune Market Yard (Gultekdi) (175.8 km, Rs 19.45/kg).
[2026-08-22T06:55:57.001606+00:00] ALERT for batch_id=65: Tomato batch #65: Medium risk (54.6/100). Recommended: Nashik Cold Storage Hub (36.9 km, Rs 15.32/kg).
[2026-08-22T06:55:57.019962+00:00] ALERT for batch_id=64: Tomato batch #64: Medium risk (46.3/100). Recommended: Pune Market Yard (Gultekdi) (175.2 km, Rs 19.45/kg).
[2026-08-22T06:55:57.318588+00:00] ALERT for batch_id=76: Tomato batch #76: Medium risk (38.5/100). Recommended: Pune Market Yard (Gultekdi) (175.8 km, Rs 19.45/kg).
[2026-08-22T06:55:58.725780+00:00] ALERT for batch_id=77: Tomato batch #77: Medium risk (38.5/100). Recommended: Pune Market Yard (Gultekdi) (175.8 km, Rs 19.45/kg).
[2026-08-22T06:55:59.942339+00:00] ALERT for batch_id=74: Tomato batch #74: Medium risk (38.5/100). Recommended: Pune Market Yard (Gultekdi) (175.8 km, Rs 19.45/kg).
[2026-08-22T06:56:00.202297+00:00] ALERT for batch_id=69: Tomato batch #69: Medium risk (38.5/100). Recommended: Pune Market Yard (Gultekdi) (175.8 km, Rs 19.45/kg).
[2026-08-22T06:56:00.222555+00:00] ALERT for batch_id=73: Tomato batch #73: Medium risk (38.5/100). Recommended: Pune Market Yard (Gultekdi) (175.8 km, Rs 19.45/kg).
[2026-08-22T06:56:00.277037+00:00] ALERT for batch_id=75: Tomato batch #75: Medium risk (38.5/100). Recommended: Pune Market Yard (Gultekdi) (175.8 km, Rs 19.45/kg).
[2026-08-22T06:56:03.107736+00:00] ALERT for batch_id=68: Tomato batch #68: Medium risk (38.5/100). Recommended: Pune Market Yard (Gultekdi) (175.8 km, Rs 19.45/kg).
[2026-08-22T06:56:03.504130+00:00] ALERT for batch_id=64: Tomato batch #64: Medium risk (46.3/100). Recommended: Pune Market Yard (Gultekdi) (175.2 km, Rs 19.45/kg).
[2026-08-22T06:56:03.541284+00:00] ALERT for batch_id=65: Tomato batch #65: Medium risk (54.6/100). Recommended: Nashik Cold Storage Hub (36.9 km, Rs 15.32/kg).
[2026-08-22T06:56:03.549848+00:00] ALERT for batch_id=67: Tomato batch #67: Medium risk (38.5/100). Recommended: Pune Market Yard (Gultekdi) (175.8 km, Rs 19.45/kg).
[2026-08-22T14:33:22.050935+00:00] ALERT for batch_id=80: Tomato batch #80: Medium risk (38.5/100). Recommended: Pune Market Yard (Gultekdi) (175.8 km, Rs 19.45/kg).
[2026-08-22T14:34:04.602681+00:00] ALERT for batch_id=81: Tomato batch #81: Medium risk (38.5/100). Recommended: Pune Market Yard (Gultekdi) (175.8 km, Rs 19.45/kg).
[2026-08-22T14:34:49.308061+00:00] ALERT for batch_id=82: Tomato batch #82: Medium risk (38.5/100). Recommended: Pune Market Yard (Gultekdi) (175.8 km, Rs 19.45/kg).
[2026-08-22T14:36:11.763614+00:00] ALERT for batch_id=83: Tomato batch #83: Medium risk (38.5/100). Recommended: Pune Market Yard (Gultekdi) (175.8 km, Rs 19.45/kg).
[2026-08-22T14:43:42.298691+00:00] ALERT for batch_id=83: Tomato batch #83: Medium risk (38.5/100). Recommended: Pune Market Yard (Gultekdi) (175.8 km, Rs 19.45/kg).
[2026-08-22T14:43:53.026375+00:00] ALERT for batch_id=83: Tomato batch #83: Medium risk (38.5/100). Recommended: Pune Market Yard (Gultekdi) (175.8 km, Rs 19.45/kg).
[2026-08-22T16:25:07.533791+00:00] ALERT for batch_id=83: Tomato batch #83: Medium risk (38.5/100). Recommended: Pune Market Yard (Gultekdi) (175.8 km, Rs 19.45/kg).
[2026-08-22T16:26:43.845916+00:00] ALERT for batch_id=83: Tomato batch #83: Medium risk (38.5/100). Recommended: Pune Market Yard (Gultekdi) (175.8 km, Rs 19.45/kg).
[2026-08-22T16:28:57.939375+00:00] ALERT for batch_id=83: Tomato batch #83: Medium risk (38.5/100). Recommended: Pune Market Yard (Gultekdi) (175.8 km, Rs 19.45/kg).
[2026-08-22T16:39:23.209884+00:00] ALERT for batch_id=83: Tomato batch #83: Medium risk (38.5/100). Recommended: Pune Market Yard (Gultekdi) (175.8 km, Rs 19.45/kg).
[2026-08-22T16:39:27.616881+00:00] ALERT for batch_id=84: Tomato batch #84: Medium risk (38.5/100). Recommended: Pune Market Yard (Gultekdi) (175.8 km, Rs 19.45/kg).
[2026-08-22T16:39:54.751455+00:00] ALERT for batch_id=84: Tomato batch #84: Medium risk (38.5/100). Recommended: Pune Market Yard (Gultekdi) (175.8 km, Rs 19.45/kg).
[2026-08-22T16:39:58.346365+00:00] ALERT for batch_id=84: Tomato batch #84: Medium risk (38.5/100). Recommended: Pune Market Yard (Gultekdi) (175.8 km, Rs 19.45/kg).
[2026-08-22T16:40:55.775509+00:00] ALERT for batch_id=84: Tomato batch #84: Medium risk (38.5/100). Recommended: Pune Market Yard (Gultekdi) (175.8 km, Rs 19.45/kg).
[2026-08-22T16:41:27.751000+00:00] ALERT for batch_id=84: Tomato batch #84: Medium risk (38.5/100). Recommended: Pune Market Yard (Gultekdi) (175.8 km, Rs 19.45/kg).
[2026-08-22T16:50:40.377628+00:00] ALERT for batch_id=84: Tomato batch #84: Medium risk (38.5/100). Recommended: Pune Market Yard (Gultekdi) (175.8 km, Rs 19.45/kg).
[2026-08-22T16:50:40.388650+00:00] ALERT for batch_id=83: Tomato batch #83: Medium risk (38.5/100). Recommended: Pune Market Yard (Gultekdi) (175.8 km, Rs 19.45/kg).
[2026-08-22T16:50:40.530982+00:00] ALERT for batch_id=82: Tomato batch #82: Medium risk (38.5/100). Recommended: Pune Market Yard (Gultekdi) (175.8 km, Rs 19.45/kg).
[2026-08-22T16:50:41.595346+00:00] ALERT for batch_id=81: Tomato batch #81: Medium risk (38.5/100). Recommended: Pune Market Yard (Gultekdi) (175.8 km, Rs 19.45/kg).
[2026-08-22T16:51:05.202397+00:00] ALERT for batch_id=84: Tomato batch #84: Medium risk (38.5/100). Recommended: Pune Market Yard (Gultekdi) (175.8 km, Rs 19.45/kg).
[2026-08-22T16:51:30.189455+00:00] ALERT for batch_id=82: Tomato batch #82: Medium risk (38.5/100). Recommended: Pune Market Yard (Gultekdi) (175.8 km, Rs 19.45/kg).
[2026-08-22T16:51:30.222304+00:00] ALERT for batch_id=84: Tomato batch #84: Medium risk (38.5/100). Recommended: Pune Market Yard (Gultekdi) (175.8 km, Rs 19.45/kg).
[2026-08-22T16:51:30.245867+00:00] ALERT for batch_id=83: Tomato batch #83: Medium risk (38.5/100). Recommended: Pune Market Yard (Gultekdi) (175.8 km, Rs 19.45/kg).
[2026-08-22T16:51:31.419492+00:00] ALERT for batch_id=81: Tomato batch #81: Medium risk (38.5/100). Recommended: Pune Market Yard (Gultekdi) (175.8 km, Rs 19.45/kg).
[2026-08-22T16:51:32.358087+00:00] ALERT for batch_id=80: Tomato batch #80: Medium risk (38.5/100). Recommended: Pune Market Yard (Gultekdi) (175.8 km, Rs 19.45/kg).
[2026-08-22T16:51:32.376038+00:00] ALERT for batch_id=84: Tomato batch #84: Medium risk (38.5/100). Recommended: Pune Market Yard (Gultekdi) (175.8 km, Rs 19.45/kg).
[2026-08-22T16:53:13.517011+00:00] ALERT for batch_id=84: Tomato batch #84: Medium risk (38.5/100). Recommended: Pune Market Yard (Gultekdi) (175.8 km, Rs 19.45/kg).
[2026-08-22T16:53:16.741591+00:00] ALERT for batch_id=82: Tomato batch #82: Medium risk (38.5/100). Recommended: Pune Market Yard (Gultekdi) (175.8 km, Rs 19.45/kg).
[2026-08-22T16:53:16.805385+00:00] ALERT for batch_id=83: Tomato batch #83: Medium risk (38.5/100). Recommended: Pune Market Yard (Gultekdi) (175.8 km, Rs 19.45/kg).
[2026-08-22T16:53:16.874246+00:00] ALERT for batch_id=81: Tomato batch #81: Medium risk (38.5/100). Recommended: Pune Market Yard (Gultekdi) (175.8 km, Rs 19.45/kg).
[2026-08-22T16:53:18.303302+00:00] ALERT for batch_id=80: Tomato batch #80: Medium risk (38.5/100). Recommended: Pune Market Yard (Gultekdi) (175.8 km, Rs 19.45/kg).
[2026-08-22T16:54:25.998021+00:00] ALERT for batch_id=84: Tomato batch #84: Medium risk (38.5/100). Recommended: Pune Market Yard (Gultekdi) (175.8 km, Rs 19.45/kg).
[2026-08-22T16:54:28.542230+00:00] ALERT for batch_id=82: Tomato batch #82: Medium risk (38.5/100). Recommended: Pune Market Yard (Gultekdi) (175.8 km, Rs 19.45/kg).
[2026-08-22T16:54:28.596066+00:00] ALERT for batch_id=83: Tomato batch #83: Medium risk (38.5/100). Recommended: Pune Market Yard (Gultekdi) (175.8 km, Rs 19.45/kg).
[2026-08-22T16:54:28.634066+00:00] ALERT for batch_id=81: Tomato batch #81: Medium risk (38.5/100). Recommended: Pune Market Yard (Gultekdi) (175.8 km, Rs 19.45/kg).
[2026-08-22T16:54:29.578990+00:00] ALERT for batch_id=80: Tomato batch #80: Medium risk (38.5/100). Recommended: Pune Market Yard (Gultekdi) (175.8 km, Rs 19.45/kg).
[2026-08-22T16:55:29.024411+00:00] ALERT for batch_id=84: Tomato batch #84: Medium risk (38.5/100). Recommended: Pune Market Yard (Gultekdi) (175.8 km, Rs 19.45/kg).
[2026-08-22T16:55:32.396581+00:00] ALERT for batch_id=83: Tomato batch #83: Medium risk (38.5/100). Recommended: Pune Market Yard (Gultekdi) (175.8 km, Rs 19.45/kg).
[2026-08-22T16:55:32.406981+00:00] ALERT for batch_id=82: Tomato batch #82: Medium risk (38.5/100). Recommended: Pune Market Yard (Gultekdi) (175.8 km, Rs 19.45/kg).
[2026-08-22T16:55:32.413413+00:00] ALERT for batch_id=81: Tomato batch #81: Medium risk (38.5/100). Recommended: Pune Market Yard (Gultekdi) (175.8 km, Rs 19.45/kg).
[2026-08-22T16:55:33.946595+00:00] ALERT for batch_id=80: Tomato batch #80: Medium risk (38.5/100). Recommended: Pune Market Yard (Gultekdi) (175.8 km, Rs 19.45/kg).
[2026-08-22T16:56:25.690681+00:00] ALERT for batch_id=85: Onion batch #85: Medium risk (64.7/100). Recommended: Nashik Cold Storage Hub (36.9 km, Rs 19.81/kg).
[2026-08-22T16:57:40.535184+00:00] ALERT for batch_id=85: Onion batch #85: Medium risk (64.7/100). Recommended: Nashik Cold Storage Hub (36.9 km, Rs 19.81/kg).
[2026-08-22T16:57:43.828315+00:00] ALERT for batch_id=84: Tomato batch #84: Medium risk (38.5/100). Recommended: Pune Market Yard (Gultekdi) (175.8 km, Rs 19.45/kg).
[2026-08-22T16:57:43.950638+00:00] ALERT for batch_id=83: Tomato batch #83: Medium risk (38.5/100). Recommended: Pune Market Yard (Gultekdi) (175.8 km, Rs 19.45/kg).
[2026-08-22T16:57:44.003302+00:00] ALERT for batch_id=82: Tomato batch #82: Medium risk (38.5/100). Recommended: Pune Market Yard (Gultekdi) (175.8 km, Rs 19.45/kg).
[2026-08-22T16:57:45.479280+00:00] ALERT for batch_id=81: Tomato batch #81: Medium risk (38.5/100). Recommended: Pune Market Yard (Gultekdi) (175.8 km, Rs 19.45/kg).
[2026-08-22T16:58:09.553442+00:00] ALERT for batch_id=85: Onion batch #85: Medium risk (64.7/100). Recommended: Nashik Cold Storage Hub (36.9 km, Rs 19.81/kg).
[2026-08-22T16:58:09.667961+00:00] ALERT for batch_id=84: Tomato batch #84: Medium risk (38.5/100). Recommended: Pune Market Yard (Gultekdi) (175.8 km, Rs 19.45/kg).
[2026-08-22T16:58:10.176057+00:00] ALERT for batch_id=83: Tomato batch #83: Medium risk (38.5/100). Recommended: Pune Market Yard (Gultekdi) (175.8 km, Rs 19.45/kg).
[2026-08-22T16:58:10.241339+00:00] ALERT for batch_id=81: Tomato batch #81: Medium risk (38.5/100). Recommended: Pune Market Yard (Gultekdi) (175.8 km, Rs 19.45/kg).
[2026-08-22T16:58:10.255990+00:00] ALERT for batch_id=82: Tomato batch #82: Medium risk (38.5/100). Recommended: Pune Market Yard (Gultekdi) (175.8 km, Rs 19.45/kg).
[2026-08-22T16:58:10.318784+00:00] ALERT for batch_id=80: Tomato batch #80: Medium risk (38.5/100). Recommended: Pune Market Yard (Gultekdi) (175.8 km, Rs 19.45/kg).
[2026-08-22T16:58:12.663066+00:00] ALERT for batch_id=77: Tomato batch #77: Medium risk (38.5/100). Recommended: Pune Market Yard (Gultekdi) (175.8 km, Rs 19.45/kg).
[2026-08-22T16:58:12.789005+00:00] ALERT for batch_id=76: Tomato batch #76: Medium risk (38.5/100). Recommended: Pune Market Yard (Gultekdi) (175.8 km, Rs 19.45/kg).
[2026-08-22T16:58:13.232820+00:00] ALERT for batch_id=75: Tomato batch #75: Medium risk (38.5/100). Recommended: Pune Market Yard (Gultekdi) (175.8 km, Rs 19.45/kg).
[2026-08-22T16:58:13.389260+00:00] ALERT for batch_id=74: Tomato batch #74: Medium risk (38.5/100). Recommended: Pune Market Yard (Gultekdi) (175.8 km, Rs 19.45/kg).
[2026-08-22T16:58:13.443861+00:00] ALERT for batch_id=73: Tomato batch #73: Medium risk (38.5/100). Recommended: Pune Market Yard (Gultekdi) (175.8 km, Rs 19.45/kg).
[2026-08-22T16:58:13.475937+00:00] ALERT for batch_id=69: Tomato batch #69: Medium risk (38.5/100). Recommended: Pune Market Yard (Gultekdi) (175.8 km, Rs 19.45/kg).
[2026-08-22T16:58:15.643255+00:00] ALERT for batch_id=68: Tomato batch #68: Medium risk (38.5/100). Recommended: Pune Market Yard (Gultekdi) (175.8 km, Rs 19.45/kg).
[2026-08-22T16:58:15.800814+00:00] ALERT for batch_id=67: Tomato batch #67: Medium risk (38.5/100). Recommended: Pune Market Yard (Gultekdi) (175.8 km, Rs 19.45/kg).
[2026-08-22T16:58:16.461744+00:00] ALERT for batch_id=65: Tomato batch #65: Medium risk (54.6/100). Recommended: Nashik Cold Storage Hub (36.9 km, Rs 15.32/kg).
[2026-08-22T16:58:16.558554+00:00] ALERT for batch_id=63: Mango batch #63: High risk (68.1/100). Recommended: Nashik Cold Storage Hub (36.9 km, Rs 33.93/kg).
[2026-08-22T16:58:16.612006+00:00] ALERT for batch_id=64: Tomato batch #64: Medium risk (46.3/100). Recommended: Pune Market Yard (Gultekdi) (175.2 km, Rs 19.45/kg).
[2026-08-22T16:58:16.616574+00:00] ALERT for batch_id=62: Mango batch #62: High risk (68.1/100). Recommended: Nashik Cold Storage Hub (36.9 km, Rs 33.93/kg).
[2026-08-22T16:58:18.636606+00:00] ALERT for batch_id=61: Mango batch #61: High risk (68.1/100). Recommended: Nashik Cold Storage Hub (36.9 km, Rs 33.93/kg).
[2026-08-22T16:58:18.787848+00:00] ALERT for batch_id=60: Onion batch #60: Medium risk (64.7/100). Recommended: Nashik Cold Storage Hub (25.9 km, Rs 19.81/kg).
[2026-08-22T16:58:19.498087+00:00] ALERT for batch_id=59: Tomato batch #59: Medium risk (58.5/100). Recommended: Nashik Cold Storage Hub (25.9 km, Rs 15.32/kg).
[2026-08-22T16:58:19.740687+00:00] ALERT for batch_id=58: Mango batch #58: High risk (68.1/100). Recommended: Nashik Cold Storage Hub (36.9 km, Rs 33.93/kg).
[2026-08-22T16:58:19.837395+00:00] ALERT for batch_id=57: Mango batch #57: High risk (68.1/100). Recommended: Nashik Cold Storage Hub (36.9 km, Rs 33.93/kg).
[2026-08-22T16:58:19.837615+00:00] ALERT for batch_id=56: Mango batch #56: High risk (68.1/100). Recommended: Nashik Cold Storage Hub (36.9 km, Rs 33.93/kg).
[2026-08-22T16:58:21.668242+00:00] ALERT for batch_id=55: Mango batch #55: High risk (68.1/100). Recommended: Nashik Cold Storage Hub (36.9 km, Rs 33.93/kg).
[2026-08-22T16:58:22.440194+00:00] ALERT for batch_id=52: Tomato batch #52: Medium risk (58.5/100). Recommended: Nashik Cold Storage Hub (25.9 km, Rs 15.32/kg).
[2026-08-22T16:58:22.997519+00:00] ALERT for batch_id=53: Tomato batch #53: Medium risk (46.3/100). Recommended: Pune Market Yard (Gultekdi) (175.8 km, Rs 19.45/kg).
[2026-08-22T16:58:23.020323+00:00] ALERT for batch_id=51: Tomato batch #51: Medium risk (58.5/100). Recommended: Nashik Cold Storage Hub (36.9 km, Rs 15.32/kg).
[2026-08-22T16:58:23.027991+00:00] ALERT for batch_id=50: Potato batch #50: Medium risk (59.2/100). Recommended: Talegaon Cold Chain Storage (56.7 km, Rs 13.21/kg).
[2026-08-22T16:58:24.743442+00:00] ALERT for batch_id=48: Onion batch #48: Medium risk (64.7/100). Recommended: Nagpur MIDC Cold Storage (31.0 km, Rs 17.75/kg).
[2026-08-22T16:58:24.934129+00:00] ALERT for batch_id=46: Tomato batch #46: Medium risk (58.5/100). Recommended: Nashik Cold Storage Hub (36.9 km, Rs 15.32/kg).
[2026-08-22T16:58:25.209067+00:00] ALERT for batch_id=44: Tomato batch #44: Medium risk (58.5/100). Recommended: Nashik Cold Storage Hub (25.9 km, Rs 15.32/kg).
[2026-08-22T16:58:26.002908+00:00] ALERT for batch_id=45: Tomato batch #45: Medium risk (58.5/100). Recommended: Nashik Cold Storage Hub (25.9 km, Rs 15.32/kg).
[2026-08-22T16:58:26.190797+00:00] ALERT for batch_id=47: Mango batch #47: High risk (68.1/100). Recommended: Nashik Cold Storage Hub (223.1 km, Rs 33.93/kg).
[2026-08-22T16:58:28.789732+00:00] ALERT for batch_id=84: Tomato batch #84: Medium risk (38.5/100). Recommended: Pune Market Yard (Gultekdi) (175.8 km, Rs 19.45/kg).
[2026-08-22T16:58:28.899240+00:00] ALERT for batch_id=82: Tomato batch #82: Medium risk (38.5/100). Recommended: Pune Market Yard (Gultekdi) (175.8 km, Rs 19.45/kg).
[2026-08-22T16:58:28.923581+00:00] ALERT for batch_id=81: Tomato batch #81: Medium risk (38.5/100). Recommended: Pune Market Yard (Gultekdi) (175.8 km, Rs 19.45/kg).
[2026-08-22T16:58:28.946988+00:00] ALERT for batch_id=83: Tomato batch #83: Medium risk (38.5/100). Recommended: Pune Market Yard (Gultekdi) (175.8 km, Rs 19.45/kg).
[2026-08-22T16:58:28.967030+00:00] ALERT for batch_id=85: Onion batch #85: Medium risk (64.7/100). Recommended: Nashik Cold Storage Hub (36.9 km, Rs 19.81/kg).
[2026-08-22T16:58:28.971127+00:00] ALERT for batch_id=80: Tomato batch #80: Medium risk (38.5/100). Recommended: Pune Market Yard (Gultekdi) (175.8 km, Rs 19.45/kg).
[2026-08-22T16:58:31.723032+00:00] ALERT for batch_id=43: Tomato batch #43: Medium risk (46.3/100). Recommended: Pune Market Yard (Gultekdi) (175.8 km, Rs 19.45/kg).
[2026-08-22T16:58:31.919376+00:00] ALERT for batch_id=77: Tomato batch #77: Medium risk (38.5/100). Recommended: Pune Market Yard (Gultekdi) (175.8 km, Rs 19.45/kg).
[2026-08-22T16:58:32.131686+00:00] ALERT for batch_id=73: Tomato batch #73: Medium risk (38.5/100). Recommended: Pune Market Yard (Gultekdi) (175.8 km, Rs 19.45/kg).
[2026-08-22T16:58:32.239614+00:00] ALERT for batch_id=74: Tomato batch #74: Medium risk (38.5/100). Recommended: Pune Market Yard (Gultekdi) (175.8 km, Rs 19.45/kg).
[2026-08-22T16:58:32.251192+00:00] ALERT for batch_id=69: Tomato batch #69: Medium risk (38.5/100). Recommended: Pune Market Yard (Gultekdi) (175.8 km, Rs 19.45/kg).
[2026-08-22T16:58:32.316178+00:00] ALERT for batch_id=76: Tomato batch #76: Medium risk (38.5/100). Recommended: Pune Market Yard (Gultekdi) (175.8 km, Rs 19.45/kg).
[2026-08-22T16:58:32.326249+00:00] ALERT for batch_id=75: Tomato batch #75: Medium risk (38.5/100). Recommended: Pune Market Yard (Gultekdi) (175.8 km, Rs 19.45/kg).
[2026-08-22T16:58:35.259305+00:00] ALERT for batch_id=68: Tomato batch #68: Medium risk (38.5/100). Recommended: Pune Market Yard (Gultekdi) (175.8 km, Rs 19.45/kg).
[2026-08-22T16:58:35.553573+00:00] ALERT for batch_id=67: Tomato batch #67: Medium risk (38.5/100). Recommended: Pune Market Yard (Gultekdi) (175.8 km, Rs 19.45/kg).
[2026-08-22T16:58:35.575670+00:00] ALERT for batch_id=63: Mango batch #63: High risk (68.1/100). Recommended: Nashik Cold Storage Hub (36.9 km, Rs 33.93/kg).
[2026-08-22T16:58:35.606101+00:00] ALERT for batch_id=65: Tomato batch #65: Medium risk (54.6/100). Recommended: Nashik Cold Storage Hub (36.9 km, Rs 15.32/kg).
[2026-08-22T16:58:38.475793+00:00] ALERT for batch_id=60: Onion batch #60: Medium risk (64.7/100). Recommended: Nashik Cold Storage Hub (25.9 km, Rs 19.81/kg).
[2026-08-22T16:58:41.243871+00:00] ALERT for batch_id=62: Mango batch #62: High risk (68.1/100). Recommended: Nashik Cold Storage Hub (36.9 km, Rs 33.93/kg).
[2026-08-22T16:58:41.249294+00:00] ALERT for batch_id=64: Tomato batch #64: Medium risk (46.3/100). Recommended: Pune Market Yard (Gultekdi) (175.2 km, Rs 19.45/kg).
[2026-08-22T16:58:41.318983+00:00] ALERT for batch_id=57: Mango batch #57: High risk (68.1/100). Recommended: Nashik Cold Storage Hub (36.9 km, Rs 33.93/kg).
[2026-08-22T16:58:43.783512+00:00] ALERT for batch_id=61: Mango batch #61: High risk (68.1/100). Recommended: Nashik Cold Storage Hub (36.9 km, Rs 33.93/kg).
[2026-08-22T16:58:44.231619+00:00] ALERT for batch_id=58: Mango batch #58: High risk (68.1/100). Recommended: Nashik Cold Storage Hub (36.9 km, Rs 33.93/kg).
.
[2026-08-22T16:58:44.313847+00:00] ALERT for batch_id=56: Mango batch #56: High risk (68.1/100). Recommended: Nashik Cold Storage Hub (36.9 km, Rs 33.93/kg).
[2026-08-22T16:58:47.280380+00:00] ALERT for batch_id=50: Potato batch #50: Medium risk (59.2/100). Recommended: Talegaon Cold Chain Storage (56.7 km, Rs 13.21/kg).
[2026-08-22T16:58:47.306159+00:00] ALERT for batch_id=51: Tomato batch #51: Medium risk (58.5/100). Recommended: Nashik Cold Storage Hub (36.9 km, Rs 15.32/kg).
[2026-08-22T16:58:49.703290+00:00] ALERT for batch_id=55: Mango batch #55: High risk (68.1/100). Recommended: Nashik Cold Storage Hub (36.9 km, Rs 33.93/kg).
[2026-08-22T16:58:50.312902+00:00] ALERT for batch_id=47: Mango batch #47: High risk (68.1/100). Recommended: Nashik Cold Storage Hub (223.1 km, Rs 33.93/kg).
[2026-08-22T16:58:51.524977+00:00] ALERT for batch_id=46: Tomato batch #46: Medium risk (58.5/100). Recommended: Nashik Cold Storage Hub (36.9 km, Rs 15.32/kg).
[2026-08-22T16:58:52.294020+00:00] ALERT for batch_id=53: Tomato batch #53: Medium risk (46.3/100). Recommended: Pune Market Yard (Gultekdi) (175.8 km, Rs 19.45/kg).
[2026-08-22T16:58:52.692664+00:00] ALERT for batch_id=52: Tomato batch #52: Medium risk (58.5/100). Recommended: Nashik Cold Storage Hub (25.9 km, Rs 15.32/kg).
[2026-08-22T16:58:53.248228+00:00] ALERT for batch_id=44: Tomato batch #44: Medium risk (58.5/100). Recommended: Nashik Cold Storage Hub (25.9 km, Rs 15.32/kg).
[2026-08-22T16:58:54.511614+00:00] ALERT for batch_id=43: Tomato batch #43: Medium risk (46.3/100). Recommended: Pune Market Yard (Gultekdi) (175.8 km, Rs 19.45/kg).
[2026-08-22T16:58:56.298646+00:00] ALERT for batch_id=39: Tomato batch #39: Medium risk (46.3/100). Recommended: Pune Market Yard (Gultekdi) (175.8 km, Rs 19.45/kg).
[2026-08-22T16:58:57.227662+00:00] ALERT for batch_id=48: Onion batch #48: Medium risk (64.7/100). Recommended: Nagpur MIDC Cold Storage (31.0 km, Rs 17.75/kg).
[2026-08-22T16:59:00.790578+00:00] ALERT for batch_id=42: Tomato batch #42: Medium risk (61.8/100). Recommended: Nashik Cold Storage Hub (36.9 km, Rs 15.32/kg).
[2026-08-22T16:59:01.145551+00:00] ALERT for batch_id=41: Tomato batch #41: Medium risk (54.6/100). Recommended: Nashik Cold Storage Hub (36.9 km, Rs 15.32/kg).
[2026-08-22T16:59:03.006794+00:00] ALERT for batch_id=40: Tomato batch #40: Medium risk (46.3/100). Recommended: Pune Market Yard (Gultekdi) (175.8 km, Rs 19.45/kg).
[2026-08-22T16:59:03.803118+00:00] ALERT for batch_id=45: Tomato batch #45: Medium risk (58.5/100). Recommended: Nashik Cold Storage Hub (25.9 km, Rs 15.32/kg).
[2026-08-22T16:59:05.718852+00:00] ALERT for batch_id=37: Potato batch #37: Medium risk (59.2/100). Recommended: Nashik Cold Storage Hub (36.9 km, Rs 13.79/kg).
[2026-08-22T16:59:05.983253+00:00] ALERT for batch_id=34: Onion batch #34: Medium risk (64.7/100). Recommended: Nashik Cold Storage Hub (36.9 km, Rs 19.81/kg).
[2026-08-22T16:59:06.756781+00:00] ALERT for batch_id=33: Tomato batch #33: Medium risk (61.8/100). Recommended: Nashik Cold Storage Hub (36.9 km, Rs 15.32/kg).
[2026-08-22T16:59:08.603564+00:00] ALERT for batch_id=32: Tomato batch #32: Medium risk (61.8/100). Recommended: Nashik Cold Storage Hub (36.9 km, Rs 15.32/kg).
[2026-08-22T16:59:08.796326+00:00] ALERT for batch_id=31: Tomato batch #31: Medium risk (61.8/100). Recommended: Nashik Cold Storage Hub (36.9 km, Rs 15.32/kg).
[2026-08-22T16:59:10.374136+00:00] ALERT for batch_id=38: Tomato batch #38: Medium risk (58.5/100). Recommended: Nashik Cold Storage Hub (36.9 km, Rs 15.32/kg).
[2026-08-22T16:59:11.136936+00:00] ALERT for batch_id=28: Tomato batch #28: Medium risk (61.8/100). Recommended: Nashik Cold Storage Hub (36.9 km, Rs 15.32/kg).
[2026-08-22T16:59:14.680724+00:00] ALERT for batch_id=36: Tomato batch #36: Medium risk (61.8/100). Recommended: Nashik Cold Storage Hub (36.9 km, Rs 15.32/kg).
[2026-08-22T16:59:15.036820+00:00] ALERT for batch_id=30: Mango batch #30: High risk (68.1/100). Recommended: Nagpur MIDC Cold Storage (12.7 km, Rs 29.24/kg).
[2026-08-22T16:59:16.753741+00:00] ALERT for batch_id=29: Potato batch #29: Medium risk (59.2/100). Recommended: Nashik Cold Storage Hub (36.9 km, Rs 13.79/kg).
[2026-08-22T16:59:17.061299+00:00] ALERT for batch_id=27: Tomato batch #27: Medium risk (61.8/100). Recommended: Nashik Cold Storage Hub (36.9 km, Rs 15.32/kg).
[2026-08-22T16:59:17.751608+00:00] ALERT for batch_id=24: Tomato batch #24: Medium risk (61.8/100). Recommended: Nashik Cold Storage Hub (36.9 km, Rs 15.32/kg).
[2026-08-22T16:59:18.093581+00:00] ALERT for batch_id=23: Tomato batch #23: Medium risk (61.8/100). Recommended: Nashik Cold Storage Hub (36.9 km, Rs 15.32/kg).
[2026-08-22T16:59:19.370936+00:00] ALERT for batch_id=22: Tomato batch #22: Medium risk (61.8/100). Recommended: Pune Market Yard (Gultekdi) (0.0 km, Rs 19.45/kg).
[2026-08-22T16:59:19.473919+00:00] ALERT for batch_id=21: Tomato batch #21: Medium risk (61.8/100). Recommended: Nashik Cold Storage Hub (36.9 km, Rs 15.32/kg).
[2026-08-22T16:59:19.556590+00:00] ALERT for batch_id=25: Tomato batch #25: Medium risk (61.8/100). Recommended: Nashik Cold Storage Hub (36.9 km, Rs 15.32/kg).
[2026-08-22T16:59:19.693852+00:00] ALERT for batch_id=26: Tomato batch #26: Medium risk (61.8/100). Recommended: Nashik Cold Storage Hub (36.9 km, Rs 15.32/kg).
[2026-08-22T16:59:20.514409+00:00] ALERT for batch_id=20: Tomato batch #20: Medium risk (61.8/100). Recommended: Nashik Cold Storage Hub (36.9 km, Rs 15.32/kg).
[2026-08-22T16:59:20.790018+00:00] ALERT for batch_id=19: Tomato batch #19: Medium risk (61.8/100). Recommended: Nashik Cold Storage Hub (36.9 km, Rs 15.32/kg).
[2026-08-22T16:59:22.423046+00:00] ALERT for batch_id=18: Banana batch #18: High risk (67.2/100). Recommended: Nagpur MIDC Cold Storage (31.0 km, Rs 12.07/kg).
[2026-08-22T16:59:22.637431+00:00] ALERT for batch_id=16: Tomato batch #16: Medium risk (61.8/100). Recommended: Pune Market Yard (Gultekdi) (85.4 km, Rs 19.45/kg).
[2026-08-22T16:59:22.674719+00:00] ALERT for batch_id=17: Tomato batch #17: Medium risk (61.8/100). Recommended: Pune Market Yard (Gultekdi) (85.4 km, Rs 19.45/kg).
[2026-08-22T16:59:22.707975+00:00] ALERT for batch_id=15: Tomato batch #15: Medium risk (61.8/100). Recommended: Pune Market Yard (Gultekdi) (85.4 km, Rs 19.45/kg).
[2026-08-22T16:59:23.476955+00:00] ALERT for batch_id=14: Tomato batch #14: Medium risk (61.8/100). Recommended: Nashik Cold Storage Hub (36.9 km, Rs 15.32/kg).
[2026-08-22T16:59:23.781505+00:00] ALERT for batch_id=84: Tomato batch #84: Medium risk (38.5/100). Recommended: Pune Market Yard (Gultekdi) (175.8 km, Rs 19.45/kg).
[2026-08-22T16:59:25.441473+00:00] ALERT for batch_id=13: Tomato batch #13: Medium risk (61.8/100). Recommended: Nagpur MIDC Cold Storage (31.0 km, Rs 14.64/kg).
[2026-08-22T16:59:25.815937+00:00] ALERT for batch_id=11: Tomato batch #11: Medium risk (61.8/100). Recommended: Nagpur MIDC Cold Storage (31.0 km, Rs 14.64/kg).
[2026-08-22T16:59:25.856473+00:00] ALERT for batch_id=10: Tomato batch #10: Medium risk (61.8/100). Recommended: Nagpur MIDC Cold Storage (31.0 km, Rs 14.64/kg).
[2026-08-22T16:59:25.858596+00:00] ALERT for batch_id=12: Tomato batch #12: Medium risk (61.8/100). Recommended: Pune Market Yard (Gultekdi) (24.5 km, Rs 19.45/kg).
[2026-08-22T16:59:26.792367+00:00] ALERT for batch_id=82: Tomato batch #82: Medium risk (38.5/100). Recommended: Pune Market Yard (Gultekdi) (175.8 km, Rs 19.45/kg).
[2026-08-22T16:59:28.434176+00:00] ALERT for batch_id=81: Tomato batch #81: Medium risk (38.5/100). Recommended: Pune Market Yard (Gultekdi) (175.8 km, Rs 19.45/kg).
[2026-08-22T16:59:29.697184+00:00] ALERT for batch_id=8: Tomato batch #8: Medium risk (61.8/100). Recommended: Pune Market Yard (Gultekdi) (24.5 km, Rs 19.45/kg).
[2026-08-22T16:59:31.458195+00:00] ALERT for batch_id=7: Tomato batch #7: Medium risk (61.8/100). Recommended: Nagpur MIDC Cold Storage (31.0 km, Rs 14.64/kg).
[2026-08-22T16:59:31.995601+00:00] ALERT for batch_id=9: Tomato batch #9: Medium risk (61.8/100). Recommended: Nashik Cold Storage Hub (36.9 km, Rs 15.32/kg).
[2026-08-22T16:59:34.392633+00:00] ALERT for batch_id=85: Onion batch #85: Medium risk (64.7/100). Recommended: Nashik Cold Storage Hub (36.9 km, Rs 19.81/kg).
[2026-08-22T16:59:34.411085+00:00] ALERT for batch_id=83: Tomato batch #83: Medium risk (38.5/100). Recommended: Pune Market Yard (Gultekdi) (175.8 km, Rs 19.45/kg).
[2026-08-22T16:59:34.490480+00:00] ALERT for batch_id=4: Onion batch #4: Medium risk (64.7/100). Recommended: Nashik Cold Storage Hub (36.9 km, Rs 19.81/kg).
[2026-08-22T16:59:37.203227+00:00] ALERT for batch_id=2: Onion batch #2: Medium risk (64.7/100). Recommended: Nashik Cold Storage Hub (36.9 km, Rs 19.81/kg).
[2026-08-22T16:59:38.191386+00:00] ALERT for batch_id=6: Onion batch #6: Medium risk (64.7/100). Recommended: Nashik Cold Storage Hub (36.9 km, Rs 19.81/kg).
[2026-08-22T16:59:39.831750+00:00] ALERT for batch_id=5: Tomato batch #5: Medium risk (61.8/100). Recommended: Nashik Cold Storage Hub (36.9 km, Rs 15.32/kg).
[2026-08-22T16:59:39.922652+00:00] ALERT for batch_id=80: Tomato batch #80: Medium risk (38.5/100). Recommended: Pune Market Yard (Gultekdi) (175.8 km, Rs 19.45/kg).
[2026-08-22T16:59:42.740948+00:00] ALERT for batch_id=74: Tomato batch #74: Medium risk (38.5/100). Recommended: Pune Market Yard (Gultekdi) (175.8 km, Rs 19.45/kg).
[2026-08-22T16:59:42.795745+00:00] ALERT for batch_id=3: Onion batch #3: Medium risk (64.7/100). Recommended: Nashik Cold Storage Hub (36.9 km, Rs 19.81/kg).
[2026-08-22T16:59:42.849246+00:00] ALERT for batch_id=1: Tomato batch #1: Medium risk (61.8/100). Recommended: Nashik Cold Storage Hub (36.9 km, Rs 15.32/kg).
[2026-08-22T16:59:42.902498+00:00] ALERT for batch_id=69: Tomato batch #69: Medium risk (38.5/100). Recommended: Pune Market Yard (Gultekdi) (175.8 km, Rs 19.45/kg).
[2026-08-22T16:59:45.450475+00:00] ALERT for batch_id=77: Tomato batch #77: Medium risk (38.5/100). Recommended: Pune Market Yard (Gultekdi) (175.8 km, Rs 19.45/kg).
[2026-08-22T16:59:45.817660+00:00] ALERT for batch_id=76: Tomato batch #76: Medium risk (38.5/100). Recommended: Pune Market Yard (Gultekdi) (175.8 km, Rs 19.45/kg).
[2026-08-22T16:59:46.022586+00:00] ALERT for batch_id=67: Tomato batch #67: Medium risk (38.5/100). Recommended: Pune Market Yard (Gultekdi) (175.8 km, Rs 19.45/kg).
[2026-08-22T16:59:46.572742+00:00] ALERT for batch_id=73: Tomato batch #73: Medium risk (38.5/100). Recommended: Pune Market Yard (Gultekdi) (175.8 km, Rs 19.45/kg).
[2026-08-22T16:59:48.542314+00:00] ALERT for batch_id=63: Mango batch #63: High risk (68.1/100). Recommended: Nashik Cold Storage Hub (36.9 km, Rs 33.93/kg).
[2026-08-22T16:59:48.834658+00:00] ALERT for batch_id=65: Tomato batch #65: Medium risk (54.6/100). Recommended: Nashik Cold Storage Hub (36.9 km, Rs 15.32/kg).
[2026-08-22T16:59:51.149113+00:00] ALERT for batch_id=68: Tomato batch #68: Medium risk (38.5/100). Recommended: Pune Market Yard (Gultekdi) (175.8 km, Rs 19.45/kg).
[2026-08-22T16:59:51.423978+00:00] ALERT for batch_id=75: Tomato batch #75: Medium risk (38.5/100). Recommended: Pune Market Yard (Gultekdi) (175.8 km, Rs 19.45/kg).
[2026-08-22T16:59:54.997978+00:00] ALERT for batch_id=60: Onion batch #60: Medium risk (64.7/100). Recommended: Nashik Cold Storage Hub (25.9 km, Rs 19.81/kg).
[2026-08-22T16:59:55.040698+00:00] ALERT for batch_id=62: Mango batch #62: High risk (68.1/100). Recommended: Nashik Cold Storage Hub (36.9 km, Rs 33.93/kg).
[2026-08-22T16:59:56.855197+00:00] ALERT for batch_id=57: Mango batch #57: High risk (68.1/100). Recommended: Nashik Cold Storage Hub (36.9 km, Rs 33.93/kg).
[2026-08-22T16:59:58.172929+00:00] ALERT for batch_id=56: Mango batch #56: High risk (68.1/100). Recommended: Nashik Cold Storage Hub (36.9 km, Rs 33.93/kg).
[2026-08-22T17:00:00.129610+00:00] ALERT for batch_id=61: Mango batch #61: High risk (68.1/100). Recommended: Nashik Cold Storage Hub (36.9 km, Rs 33.93/kg).
[2026-08-22T17:00:00.405910+00:00] ALERT for batch_id=59: Tomato batch #59: Medium risk (58.5/100). Recommended: Nashik Cold Storage Hub (25.9 km, Rs 15.32/kg).
[2026-08-22T17:00:02.485456+00:00] ALERT for batch_id=64: Tomato batch #64: Medium risk (46.3/100). Recommended: Pune Market Yard (Gultekdi) (175.2 km, Rs 19.45/kg).
[2026-08-22T17:00:05.722897+00:00] ALERT for batch_id=50: Potato batch #50: Medium risk (59.2/100). Recommended: Talegaon Cold Chain Storage (56.7 km, Rs 13.21/kg).
[2026-08-22T17:00:06.117524+00:00] ALERT for batch_id=85: Onion batch #85: Medium risk (64.7/100). Recommended: Nashik Cold Storage Hub (36.9 km, Rs 19.81/kg).
[2026-08-22T17:00:06.463564+00:00] ALERT for batch_id=84: Tomato batch #84: Medium risk (38.5/100). Recommended: Pune Market Yard (Gultekdi) (175.8 km, Rs 19.45/kg).
[2026-08-22T17:00:06.975628+00:00] ALERT for batch_id=51: Tomato batch #51: Medium risk (58.5/100). Recommended: Nashik Cold Storage Hub (36.9 km, Rs 15.32/kg).
[2026-08-22T17:00:08.993732+00:00] ALERT for batch_id=83: Tomato batch #83: Medium risk (38.5/100). Recommended: Pune Market Yard (Gultekdi) (175.8 km, Rs 19.45/kg).
[2026-08-22T17:00:09.157967+00:00] ALERT for batch_id=58: Mango batch #58: High risk (68.1/100). Recommended: Nashik Cold Storage Hub (36.9 km, Rs 33.93/kg).
[2026-08-22T17:00:14.880430+00:00] ALERT for batch_id=82: Tomato batch #82: Medium risk (38.5/100). Recommended: Pune Market Yard (Gultekdi) (175.8 km, Rs 19.45/kg).
[2026-08-22T17:00:15.444607+00:00] ALERT for batch_id=55: Mango batch #55: High risk (68.1/100). Recommended: Nashik Cold Storage Hub (36.9 km, Rs 33.93/kg).
[2026-08-22T17:00:15.804457+00:00] ALERT for batch_id=80: Tomato batch #80: Medium risk (38.5/100). Recommended: Pune Market Yard (Gultekdi) (175.8 km, Rs 19.45/kg).
[2026-08-22T17:00:17.504543+00:00] ALERT for batch_id=53: Tomato batch #53: Medium risk (46.3/100). Recommended: Pune Market Yard (Gultekdi) (175.8 km, Rs 19.45/kg).
[2026-08-22T17:00:17.642684+00:00] ALERT for batch_id=47: Mango batch #47: High risk (68.1/100). Recommended: Nashik Cold Storage Hub (223.1 km, Rs 33.93/kg).
[2026-08-22T17:00:17.947563+00:00] ALERT for batch_id=52: Tomato batch #52: Medium risk (58.5/100). Recommended: Nashik Cold Storage Hub (25.9 km, Rs 15.32/kg).
[2026-08-22T17:00:18.363682+00:00] ALERT for batch_id=48: Onion batch #48: Medium risk (64.7/100). Recommended: Nagpur MIDC Cold Storage (31.0 km, Rs 17.75/kg).
[2026-08-22T17:00:20.456874+00:00] ALERT for batch_id=81: Tomato batch #81: Medium risk (38.5/100). Recommended: Pune Market Yard (Gultekdi) (175.8 km, Rs 19.45/kg).
[2026-08-22T17:00:20.478236+00:00] ALERT for batch_id=45: Tomato batch #45: Medium risk (58.5/100). Recommended: Nashik Cold Storage Hub (25.9 km, Rs 15.32/kg).
[2026-08-22T17:00:20.981853+00:00] ALERT for batch_id=43: Tomato batch #43: Medium risk (46.3/100). Recommended: Pune Market Yard (Gultekdi) (175.8 km, Rs 19.45/kg).
[2026-08-22T17:00:23.374477+00:00] ALERT for batch_id=40: Tomato batch #40: Medium risk (46.3/100). Recommended: Pune Market Yard (Gultekdi) (175.8 km, Rs 19.45/kg).
[2026-08-22T17:00:23.527870+00:00] ALERT for batch_id=41: Tomato batch #41: Medium risk (54.6/100). Recommended: Nashik Cold Storage Hub (36.9 km, Rs 15.32/kg).
[2026-08-22T17:00:24.444414+00:00] ALERT for batch_id=46: Tomato batch #46: Medium risk (58.5/100). Recommended: Nashik Cold Storage Hub (36.9 km, Rs 15.32/kg).
[2026-08-22T17:00:26.374667+00:00] ALERT for batch_id=38: Tomato batch #38: Medium risk (58.5/100). Recommended: Nashik Cold Storage Hub (36.9 km, Rs 15.32/kg).
[2026-08-22T17:00:26.800274+00:00] ALERT for batch_id=42: Tomato batch #42: Medium risk (61.8/100). Recommended: Nashik Cold Storage Hub (36.9 km, Rs 15.32/kg).
[2026-08-22T17:00:29.422082+00:00] ALERT for batch_id=36: Tomato batch #36: Medium risk (61.8/100). Recommended: Nashik Cold Storage Hub (36.9 km, Rs 15.32/kg).
[2026-08-22T17:00:29.448036+00:00] ALERT for batch_id=39: Tomato batch #39: Medium risk (46.3/100). Recommended: Pune Market Yard (Gultekdi) (175.8 km, Rs 19.45/kg).
[2026-08-22T17:00:31.395209+00:00] ALERT for batch_id=34: Onion batch #34: Medium risk (64.7/100). Recommended: Nashik Cold Storage Hub (36.9 km, Rs 19.81/kg).
[2026-08-22T17:00:31.883672+00:00] ALERT for batch_id=44: Tomato batch #44: Medium risk (58.5/100). Recommended: Nashik Cold Storage Hub (25.9 km, Rs 15.32/kg).
[2026-08-22T17:00:31.894765+00:00] ALERT for batch_id=46: Tomato batch #46: Medium risk (58.5/100). Recommended: Nashik Cold Storage Hub (36.9 km, Rs 15.32/kg).
[2026-08-22T17:00:32.767182+00:00] ALERT for batch_id=37: Potato batch #37: Medium risk (59.2/100). Recommended: Nashik Cold Storage Hub (36.9 km, Rs 13.79/kg).
[2026-08-22T17:00:34.879628+00:00] ALERT for batch_id=31: Tomato batch #31: Medium risk (61.8/100). Recommended: Nashik Cold Storage Hub (36.9 km, Rs 15.32/kg).
[2026-08-22T17:00:34.879902+00:00] ALERT for batch_id=29: Potato batch #29: Medium risk (59.2/100). Recommended: Nashik Cold Storage Hub (36.9 km, Rs 13.79/kg).
[2026-08-22T17:00:35.657609+00:00] ALERT for batch_id=28: Tomato batch #28: Medium risk (61.8/100). Recommended: Nashik Cold Storage Hub (36.9 km, Rs 15.32/kg).
[2026-08-22T17:00:37.903926+00:00] ALERT for batch_id=26: Tomato batch #26: Medium risk (61.8/100). Recommended: Nashik Cold Storage Hub (36.9 km, Rs 15.32/kg).
[2026-08-22T17:00:38.026267+00:00] ALERT for batch_id=33: Tomato batch #33: Medium risk (61.8/100). Recommended: Nashik Cold Storage Hub (36.9 km, Rs 15.32/kg).
[2026-08-22T17:00:38.029255+00:00] ALERT for batch_id=32: Tomato batch #32: Medium risk (61.8/100). Recommended: Nashik Cold Storage Hub (36.9 km, Rs 15.32/kg).
[2026-08-22T17:00:39.840205+00:00] ALERT for batch_id=30: Mango batch #30: High risk (68.1/100). Recommended: Nagpur MIDC Cold Storage (12.7 km, Rs 29.24/kg).
[2026-08-22T17:00:40.973605+00:00] ALERT for batch_id=24: Tomato batch #24: Medium risk (61.8/100). Recommended: Nashik Cold Storage Hub (36.9 km, Rs 15.32/kg).
[2026-08-22T17:00:40.997326+00:00] ALERT for batch_id=25: Tomato batch #25: Medium risk (61.8/100). Recommended: Nashik Cold Storage Hub (36.9 km, Rs 15.32/kg).
[2026-08-22T17:00:41.062082+00:00] ALERT for batch_id=23: Tomato batch #23: Medium risk (61.8/100). Recommended: Nashik Cold Storage Hub (36.9 km, Rs 15.32/kg).
[2026-08-22T17:00:42.828787+00:00] ALERT for batch_id=22: Tomato batch #22: Medium risk (61.8/100). Recommended: Pune Market Yard (Gultekdi) (0.0 km, Rs 19.45/kg).
[2026-08-22T17:00:43.368379+00:00] ALERT for batch_id=27: Tomato batch #27: Medium risk (61.8/100). Recommended: Nashik Cold Storage Hub (36.9 km, Rs 15.32/kg).
[2026-08-22T17:00:44.091711+00:00] ALERT for batch_id=53: Tomato batch #53: Medium risk (46.3/100). Recommended: Pune Market Yard (Gultekdi) (175.8 km, Rs 19.45/kg).
[2026-08-22T17:00:44.103618+00:00] ALERT for batch_id=21: Tomato batch #21: Medium risk (61.8/100). Recommended: Nashik Cold Storage Hub (36.9 km, Rs 15.32/kg).
[2026-08-22T17:00:47.199003+00:00] ALERT for batch_id=16: Tomato batch #16: Medium risk (61.8/100). Recommended: Pune Market Yard (Gultekdi) (85.4 km, Rs 19.45/kg).
[2026-08-22T17:00:49.410081+00:00] ALERT for batch_id=20: Tomato batch #20: Medium risk (61.8/100). Recommended: Nashik Cold Storage Hub (36.9 km, Rs 15.32/kg).
[2026-08-22T17:00:49.800063+00:00] ALERT for batch_id=19: Tomato batch #19: Medium risk (61.8/100). Recommended: Nashik Cold Storage Hub (36.9 km, Rs 15.32/kg).
[2026-08-22T17:00:51.409287+00:00] ALERT for batch_id=18: Banana batch #18: High risk (67.2/100). Recommended: Nagpur MIDC Cold Storage (31.0 km, Rs 12.07/kg).
[2026-08-22T17:00:52.756495+00:00] ALERT for batch_id=52: Tomato batch #52: Medium risk (58.5/100). Recommended: Nashik Cold Storage Hub (25.9 km, Rs 15.32/kg).
[2026-08-22T17:00:57.347896+00:00] ALERT for batch_id=17: Tomato batch #17: Medium risk (61.8/100). Recommended: Pune Market Yard (Gultekdi) (85.4 km, Rs 19.45/kg).
[2026-08-22T17:14:44.796654+00:00] ALERT for batch_id=85: Onion batch #85: Medium risk (64.7/100). Recommended: Nashik Cold Storage Hub (36.9 km, Rs 19.81/kg).
[2026-08-22T17:22:51.641961+00:00] ALERT for batch_id=85: Onion batch #85: Medium risk (64.7/100). Recommended: Nashik Cold Storage Hub (36.9 km, Rs 19.81/kg).
[2026-08-22T17:27:03.290906+00:00] ALERT for batch_id=85: Onion batch #85: Medium risk (64.7/100). Recommended: Nashik Cold Storage Hub (36.9 km, Rs 19.81/kg).
[2026-08-22T17:27:06.270806+00:00] ALERT for batch_id=83: Tomato batch #83: Medium risk (38.5/100). Recommended: Pune Market Yard (Gultekdi) (175.8 km, Rs 19.45/kg).
[2026-08-22T17:27:06.282966+00:00] ALERT for batch_id=82: Tomato batch #82: Medium risk (38.5/100). Recommended: Pune Market Yard (Gultekdi) (175.8 km, Rs 19.45/kg).
[2026-08-22T17:27:06.314477+00:00] ALERT for batch_id=84: Tomato batch #84: Medium risk (38.5/100). Recommended: Pune Market Yard (Gultekdi) (175.8 km, Rs 19.45/kg).
[2026-08-22T17:27:07.390943+00:00] ALERT for batch_id=81: Tomato batch #81: Medium risk (38.5/100). Recommended: Pune Market Yard (Gultekdi) (175.8 km, Rs 19.45/kg).
[2026-08-22T17:28:05.851238+00:00] ALERT for batch_id=85: Onion batch #85: Medium risk (64.7/100). Recommended: Nashik Cold Storage Hub (36.9 km, Rs 19.81/kg).
[2026-08-22T17:28:08.895546+00:00] ALERT for batch_id=83: Tomato batch #83: Medium risk (38.5/100). Recommended: Pune Market Yard (Gultekdi) (175.8 km, Rs 19.45/kg).
[2026-08-22T17:28:08.963995+00:00] ALERT for batch_id=84: Tomato batch #84: Medium risk (38.5/100). Recommended: Pune Market Yard (Gultekdi) (175.8 km, Rs 19.45/kg).
[2026-08-22T17:28:08.967194+00:00] ALERT for batch_id=82: Tomato batch #82: Medium risk (38.5/100). Recommended: Pune Market Yard (Gultekdi) (175.8 km, Rs 19.45/kg).
[2026-08-22T17:28:10.056917+00:00] ALERT for batch_id=81: Tomato batch #81: Medium risk (38.5/100). Recommended: Pune Market Yard (Gultekdi) (175.8 km, Rs 19.45/kg).
[2026-08-22T17:28:55.019145+00:00] ALERT for batch_id=86: Tomato batch #86: Medium risk (38.5/100). Recommended: Pune Market Yard (Gultekdi) (175.8 km, Rs 19.45/kg).
[2026-08-22T17:29:02.744743+00:00] ALERT for batch_id=86: Tomato batch #86: Medium risk (38.5/100). Recommended: Pune Market Yard (Gultekdi) (175.8 km, Rs 19.45/kg).
[2026-08-22T17:29:05.599004+00:00] ALERT for batch_id=85: Onion batch #85: Medium risk (64.7/100). Recommended: Nashik Cold Storage Hub (36.9 km, Rs 19.81/kg).
[2026-08-22T17:29:05.907816+00:00] ALERT for batch_id=84: Tomato batch #84: Medium risk (38.5/100). Recommended: Pune Market Yard (Gultekdi) (175.8 km, Rs 19.45/kg).
[2026-08-22T17:29:06.019890+00:00] ALERT for batch_id=83: Tomato batch #83: Medium risk (38.5/100). Recommended: Pune Market Yard (Gultekdi) (175.8 km, Rs 19.45/kg).
[2026-08-22T17:29:07.135713+00:00] ALERT for batch_id=82: Tomato batch #82: Medium risk (38.5/100). Recommended: Pune Market Yard (Gultekdi) (175.8 km, Rs 19.45/kg).
[2026-08-22T17:29:12.914474+00:00] ALERT for batch_id=86: Tomato batch #86: Medium risk (38.5/100). Recommended: Pune Market Yard (Gultekdi) (175.8 km, Rs 19.45/kg).
[2026-08-22T17:29:15.803034+00:00] ALERT for batch_id=83: Tomato batch #83: Medium risk (38.5/100). Recommended: Pune Market Yard (Gultekdi) (175.8 km, Rs 19.45/kg).
[2026-08-22T17:29:15.808692+00:00] ALERT for batch_id=85: Onion batch #85: Medium risk (64.7/100). Recommended: Nashik Cold Storage Hub (36.9 km, Rs 19.81/kg).
[2026-08-22T17:29:15.859119+00:00] ALERT for batch_id=84: Tomato batch #84: Medium risk (38.5/100). Recommended: Pune Market Yard (Gultekdi) (175.8 km, Rs 19.45/kg).
[2026-08-22T17:31:11.734133+00:00] ALERT for batch_id=87: Tomato batch #87: Medium risk (38.5/100). Recommended: Pune Market Yard (Gultekdi) (175.8 km, Rs 19.45/kg).
[2026-08-22T17:39:20.949710+00:00] ALERT for batch_id=87: Tomato batch #87: Medium risk (38.5/100). Recommended: Pune Market Yard (Gultekdi) (175.8 km, Rs 19.45/kg).
[2026-08-22T17:39:53.061538+00:00] ALERT for batch_id=87: Tomato batch #87: Medium risk (38.5/100). Recommended: Pune Market Yard (Gultekdi) (175.8 km, Rs 19.45/kg).
[2026-08-22T17:39:56.061532+00:00] ALERT for batch_id=86: Tomato batch #86: Medium risk (38.5/100). Recommended: Pune Market Yard (Gultekdi) (175.8 km, Rs 19.45/kg).
[2026-08-22T17:39:56.158827+00:00] ALERT for batch_id=84: Tomato batch #84: Medium risk (38.5/100). Recommended: Pune Market Yard (Gultekdi) (175.8 km, Rs 19.45/kg).
[2026-08-22T17:39:56.277476+00:00] ALERT for batch_id=85: Onion batch #85: Medium risk (64.7/100). Recommended: Nashik Cold Storage Hub (36.9 km, Rs 19.81/kg).
[2026-08-22T17:39:57.451607+00:00] ALERT for batch_id=83: Tomato batch #83: Medium risk (38.5/100). Recommended: Pune Market Yard (Gultekdi) (175.8 km, Rs 19.45/kg).
[2026-08-22T17:43:04.555260+00:00] ALERT for batch_id=87: Tomato batch #87: Medium risk (38.5/100). Recommended: Pune Market Yard (Gultekdi) (175.8 km, Rs 19.45/kg).
[2026-08-22T17:43:10.712993+00:00] ALERT for batch_id=87: Tomato batch #87: Medium risk (38.5/100). Recommended: Pune Market Yard (Gultekdi) (175.8 km, Rs 19.45/kg).
[2026-08-22T17:44:33.189295+00:00] ALERT for batch_id=87: Tomato batch #87: Medium risk (38.5/100). Recommended: Pune Market Yard (Gultekdi) (175.8 km, Rs 19.45/kg).
[2026-08-22T17:44:38.732344+00:00] ALERT for batch_id=87: Tomato batch #87: Medium risk (38.5/100). Recommended: Pune Market Yard (Gultekdi) (175.8 km, Rs 19.45/kg).
[2026-08-22T17:45:11.831242+00:00] ALERT for batch_id=87: Tomato batch #87: Medium risk (38.5/100). Recommended: Pune Market Yard (Gultekdi) (175.8 km, Rs 19.45/kg).
[2026-08-22T17:45:58.692756+00:00] ALERT for batch_id=87: Tomato batch #87: Medium risk (38.5/100). Recommended: Pune Market Yard (Gultekdi) (175.8 km, Rs 19.45/kg).
[2026-08-22T17:48:53.884092+00:00] ALERT for batch_id=87: Tomato batch #87: Medium risk (38.5/100). Recommended: Pune Market Yard (Gultekdi) (175.8 km, Rs 19.45/kg).
[2026-08-22T17:56:29.219993+00:00] ALERT for batch_id=87: Tomato batch #87: Medium risk (38.5/100). Recommended: Pune Market Yard (Gultekdi) (175.8 km, Rs 19.45/kg).
[2026-08-22T17:56:31.480641+00:00] ALERT for batch_id=87: Tomato batch #87: Medium risk (38.5/100). Recommended: Pune Market Yard (Gultekdi) (175.8 km, Rs 19.45/kg).
[2026-08-22T17:57:00.910171+00:00] ALERT for batch_id=87: Tomato batch #87: Medium risk (38.5/100). Recommended: Pune Market Yard (Gultekdi) (175.8 km, Rs 19.45/kg).
[2026-08-22T17:57:36.845494+00:00] ALERT for batch_id=87: Tomato batch #87: Medium risk (38.5/100). Recommended: Pune Market Yard (Gultekdi) (175.8 km, Rs 19.45/kg).
[2026-08-22T17:57:40.135828+00:00] ALERT for batch_id=85: Onion batch #85: Medium risk (64.7/100). Recommended: Nashik Cold Storage Hub (36.9 km, Rs 19.81/kg).
[2026-08-22T17:57:40.235870+00:00] ALERT for batch_id=86: Tomato batch #86: Medium risk (38.5/100). Recommended: Pune Market Yard (Gultekdi) (175.8 km, Rs 19.45/kg).
[2026-08-22T17:57:45.686135+00:00] ALERT for batch_id=84: Tomato batch #84: Medium risk (38.5/100). Recommended: Pune Market Yard (Gultekdi) (175.8 km, Rs 19.45/kg).
[2026-08-22T17:57:46.868721+00:00] ALERT for batch_id=83: Tomato batch #83: Medium risk (38.5/100). Recommended: Pune Market Yard (Gultekdi) (175.8 km, Rs 19.45/kg).
[2026-08-22T17:58:25.483997+00:00] ALERT for batch_id=87: Tomato batch #87: Medium risk (38.5/100). Recommended: Pune Market Yard (Gultekdi) (175.8 km, Rs 19.45/kg).
[2026-08-22T17:58:28.425120+00:00] ALERT for batch_id=84: Tomato batch #84: Medium risk (38.5/100). Recommended: Pune Market Yard (Gultekdi) (175.8 km, Rs 19.45/kg).
[2026-08-22T17:58:28.486550+00:00] ALERT for batch_id=86: Tomato batch #86: Medium risk (38.5/100). Recommended: Pune Market Yard (Gultekdi) (175.8 km, Rs 19.45/kg).
[2026-08-22T17:58:28.585647+00:00] ALERT for batch_id=85: Onion batch #85: Medium risk (64.7/100). Recommended: Nashik Cold Storage Hub (36.9 km, Rs 19.81/kg).
[2026-08-22T17:58:34.355196+00:00] ALERT for batch_id=87: Tomato batch #87: Medium risk (38.5/100). Recommended: Pune Market Yard (Gultekdi) (175.8 km, Rs 19.45/kg).
[2026-08-22T18:00:47.191327+00:00] ALERT for batch_id=87: Tomato batch #87: Medium risk (38.5/100). Recommended: Pune Market Yard (Gultekdi) (175.8 km, Rs 19.45/kg).
[2026-08-22T18:00:50.515053+00:00] ALERT for batch_id=86: Tomato batch #86: Medium risk (38.5/100). Recommended: Pune Market Yard (Gultekdi) (175.8 km, Rs 19.45/kg).
[2026-08-22T18:00:50.518622+00:00] ALERT for batch_id=85: Onion batch #85: Medium risk (64.7/100). Recommended: Nashik Cold Storage Hub (36.9 km, Rs 19.81/kg).
[2026-08-22T18:00:50.519145+00:00] ALERT for batch_id=84: Tomato batch #84: Medium risk (38.5/100). Recommended: Pune Market Yard (Gultekdi) (175.8 km, Rs 19.45/kg).
[2026-08-22T18:00:52.103111+00:00] ALERT for batch_id=83: Tomato batch #83: Medium risk (38.5/100). Recommended: Pune Market Yard (Gultekdi) (175.8 km, Rs 19.45/kg).
[2026-08-22T18:01:22.424538+00:00] ALERT for batch_id=87: Tomato batch #87: Medium risk (38.5/100). Recommended: Pune Market Yard (Gultekdi) (175.8 km, Rs 19.45/kg).
[2026-08-22T18:01:25.409516+00:00] ALERT for batch_id=87: Tomato batch #87: Medium risk (38.5/100). Recommended: Pune Market Yard (Gultekdi) (175.8 km, Rs 19.45/kg).
[2026-08-22T18:01:36.437019+00:00] ALERT for batch_id=87: Tomato batch #87: Medium risk (38.5/100). Recommended: Pune Market Yard (Gultekdi) (175.8 km, Rs 19.45/kg).
[2026-08-22T18:01:39.876195+00:00] ALERT for batch_id=86: Tomato batch #86: Medium risk (38.5/100). Recommended: Pune Market Yard (Gultekdi) (175.8 km, Rs 19.45/kg).
[2026-08-22T18:01:39.883932+00:00] ALERT for batch_id=85: Onion batch #85: Medium risk (64.7/100). Recommended: Nashik Cold Storage Hub (36.9 km, Rs 19.81/kg).
[2026-08-22T18:01:39.975602+00:00] ALERT for batch_id=84: Tomato batch #84: Medium risk (38.5/100). Recommended: Pune Market Yard (Gultekdi) (175.8 km, Rs 19.45/kg).
[2026-08-22T18:01:41.352926+00:00] ALERT for batch_id=83: Tomato batch #83: Medium risk (38.5/100). Recommended: Pune Market Yard (Gultekdi) (175.8 km, Rs 19.45/kg).
[2026-08-22T18:09:32.278788+00:00] ALERT for batch_id=87: Tomato batch #87: Medium risk (38.5/100). Recommended: Pune Market Yard (Gultekdi) (175.8 km, Rs 19.45/kg).
[2026-08-22T18:10:00.390161+00:00] ALERT for batch_id=87: Tomato batch #87: Medium risk (38.5/100). Recommended: Pune Market Yard (Gultekdi) (175.8 km, Rs 19.45/kg).
[2026-08-22T18:10:03.346514+00:00] ALERT for batch_id=86: Tomato batch #86: Medium risk (38.5/100). Recommended: Pune Market Yard (Gultekdi) (175.8 km, Rs 19.45/kg).
[2026-08-22T18:10:03.414239+00:00] ALERT for batch_id=85: Onion batch #85: Medium risk (64.7/100). Recommended: Nashik Cold Storage Hub (36.9 km, Rs 19.81/kg).
[2026-08-22T18:10:03.424419+00:00] ALERT for batch_id=84: Tomato batch #84: Medium risk (38.5/100). Recommended: Pune Market Yard (Gultekdi) (175.8 km, Rs 19.45/kg).
[2026-08-22T18:10:04.518657+00:00] ALERT for batch_id=83: Tomato batch #83: Medium risk (38.5/100). Recommended: Pune Market Yard (Gultekdi) (175.8 km, Rs 19.45/kg).
[2026-08-22T18:10:14.226797+00:00] ALERT for batch_id=87: Tomato batch #87: Medium risk (38.5/100). Recommended: Pune Market Yard (Gultekdi) (175.8 km, Rs 19.45/kg).
[2026-08-22T18:10:17.057596+00:00] ALERT for batch_id=87: Tomato batch #87: Medium risk (38.5/100). Recommended: Pune Market Yard (Gultekdi) (175.8 km, Rs 19.45/kg).
[2026-08-22T18:10:19.428496+00:00] ALERT for batch_id=87: Tomato batch #87: Medium risk (38.5/100). Recommended: Pune Market Yard (Gultekdi) (175.8 km, Rs 19.45/kg).
[2026-08-22T18:10:22.608088+00:00] ALERT for batch_id=84: Tomato batch #84: Medium risk (38.5/100). Recommended: Pune Market Yard (Gultekdi) (175.8 km, Rs 19.45/kg).
[2026-08-22T18:10:22.664372+00:00] ALERT for batch_id=86: Tomato batch #86: Medium risk (38.5/100). Recommended: Pune Market Yard (Gultekdi) (175.8 km, Rs 19.45/kg).
[2026-08-22T18:10:22.664926+00:00] ALERT for batch_id=85: Onion batch #85: Medium risk (64.7/100). Recommended: Nashik Cold Storage Hub (36.9 km, Rs 19.81/kg).
[2026-08-22T18:10:23.690181+00:00] ALERT for batch_id=83: Tomato batch #83: Medium risk (38.5/100). Recommended: Pune Market Yard (Gultekdi) (175.8 km, Rs 19.45/kg).
[2026-08-22T18:10:38.107829+00:00] ALERT for batch_id=87: Tomato batch #87: Medium risk (38.5/100). Recommended: Pune Market Yard (Gultekdi) (175.8 km, Rs 19.45/kg).
[2026-08-22T18:10:40.898667+00:00] ALERT for batch_id=84: Tomato batch #84: Medium risk (38.5/100). Recommended: Pune Market Yard (Gultekdi) (175.8 km, Rs 19.45/kg).
[2026-08-22T18:10:41.001750+00:00] ALERT for batch_id=86: Tomato batch #86: Medium risk (38.5/100). Recommended: Pune Market Yard (Gultekdi) (175.8 km, Rs 19.45/kg).
[2026-08-22T18:10:41.122575+00:00] ALERT for batch_id=85: Onion batch #85: Medium risk (64.7/100). Recommended: Nashik Cold Storage Hub (36.9 km, Rs 19.81/kg).
[2026-08-22T18:11:15.535869+00:00] ALERT for batch_id=87: Tomato batch #87: Medium risk (38.5/100). Recommended: Pune Market Yard (Gultekdi) (175.8 km, Rs 19.45/kg).
[2026-08-22T18:11:34.187875+00:00] ALERT for batch_id=87: Tomato batch #87: Medium risk (38.5/100). Recommended: Pune Market Yard (Gultekdi) (175.8 km, Rs 19.45/kg).
[2026-08-22T18:11:36.882535+00:00] ALERT for batch_id=86: Tomato batch #86: Medium risk (38.5/100). Recommended: Pune Market Yard (Gultekdi) (175.8 km, Rs 19.45/kg).
[2026-08-22T18:11:37.121000+00:00] ALERT for batch_id=84: Tomato batch #84: Medium risk (38.5/100). Recommended: Pune Market Yard (Gultekdi) (175.8 km, Rs 19.45/kg).
[2026-08-22T18:11:42.561572+00:00] ALERT for batch_id=85: Onion batch #85: Medium risk (64.7/100). Recommended: Nashik Cold Storage Hub (36.9 km, Rs 19.81/kg).
[2026-08-22T18:13:07.459454+00:00] ALERT for batch_id=87: Tomato batch #87: Medium risk (38.5/100). Recommended: Pune Market Yard (Gultekdi) (175.8 km, Rs 19.45/kg).
[2026-08-22T18:13:10.613307+00:00] ALERT for batch_id=85: Onion batch #85: Medium risk (64.7/100). Recommended: Nashik Cold Storage Hub (36.9 km, Rs 19.81/kg).
[2026-08-22T18:13:10.744788+00:00] ALERT for batch_id=86: Tomato batch #86: Medium risk (38.5/100). Recommended: Pune Market Yard (Gultekdi) (175.8 km, Rs 19.45/kg).
[2026-08-22T18:13:10.839666+00:00] ALERT for batch_id=84: Tomato batch #84: Medium risk (38.5/100). Recommended: Pune Market Yard (Gultekdi) (175.8 km, Rs 19.45/kg).
[2026-08-22T18:13:12.308811+00:00] ALERT for batch_id=83: Tomato batch #83: Medium risk (38.5/100). Recommended: Pune Market Yard (Gultekdi) (175.8 km, Rs 19.45/kg).
[2026-08-22T18:15:35.616681+00:00] ALERT for batch_id=87: Tomato batch #87: Medium risk (38.5/100). Recommended: Pune Market Yard (Gultekdi) (175.8 km, Rs 19.45/kg).
[2026-08-22T18:15:38.571480+00:00] ALERT for batch_id=87: Tomato batch #87: Medium risk (38.5/100). Recommended: Pune Market Yard (Gultekdi) (175.8 km, Rs 19.45/kg).
[2026-08-22T18:15:41.645760+00:00] ALERT for batch_id=87: Tomato batch #87: Medium risk (38.5/100). Recommended: Pune Market Yard (Gultekdi) (175.8 km, Rs 19.45/kg).
[2026-08-22T18:15:44.407933+00:00] ALERT for batch_id=87: Tomato batch #87: Medium risk (38.5/100). Recommended: Pune Market Yard (Gultekdi) (175.8 km, Rs 19.45/kg).
[2026-08-22T18:15:48.015495+00:00] ALERT for batch_id=85: Onion batch #85: Medium risk (64.7/100). Recommended: Nashik Cold Storage Hub (36.9 km, Rs 19.81/kg).
[2026-08-22T18:15:48.040939+00:00] ALERT for batch_id=84: Tomato batch #84: Medium risk (38.5/100). Recommended: Pune Market Yard (Gultekdi) (175.8 km, Rs 19.45/kg).
[2026-08-22T18:15:48.050225+00:00] ALERT for batch_id=86: Tomato batch #86: Medium risk (38.5/100). Recommended: Pune Market Yard (Gultekdi) (175.8 km, Rs 19.45/kg).
[2026-08-22T18:15:49.665634+00:00] ALERT for batch_id=83: Tomato batch #83: Medium risk (38.5/100). Recommended: Pune Market Yard (Gultekdi) (175.8 km, Rs 19.45/kg).
[2026-08-22T18:17:31.386041+00:00] ALERT for batch_id=87: Tomato batch #87: Medium risk (38.5/100). Recommended: Pune Market Yard (Gultekdi) (175.8 km, Rs 19.45/kg).
[2026-08-22T18:17:34.103938+00:00] ALERT for batch_id=86: Tomato batch #86: Medium risk (38.5/100). Recommended: Pune Market Yard (Gultekdi) (175.8 km, Rs 19.45/kg).
[2026-08-22T18:17:34.222527+00:00] ALERT for batch_id=85: Onion batch #85: Medium risk (64.7/100). Recommended: Nashik Cold Storage Hub (36.9 km, Rs 19.81/kg).
[2026-08-22T18:17:34.222730+00:00] ALERT for batch_id=84: Tomato batch #84: Medium risk (38.5/100). Recommended: Pune Market Yard (Gultekdi) (175.8 km, Rs 19.45/kg).
[2026-08-22T18:18:39.203252+00:00] ALERT for batch_id=87: Tomato batch #87: Medium risk (38.5/100). Recommended: Pune Market Yard (Gultekdi) (175.8 km, Rs 19.45/kg).
[2026-08-22T18:18:42.507501+00:00] ALERT for batch_id=85: Onion batch #85: Medium risk (64.7/100). Recommended: Nashik Cold Storage Hub (36.9 km, Rs 19.81/kg).
[2026-08-22T18:18:42.577374+00:00] ALERT for batch_id=84: Tomato batch #84: Medium risk (38.5/100). Recommended: Pune Market Yard (Gultekdi) (175.8 km, Rs 19.45/kg).
[2026-08-22T18:18:42.605301+00:00] ALERT for batch_id=86: Tomato batch #86: Medium risk (38.5/100). Recommended: Pune Market Yard (Gultekdi) (175.8 km, Rs 19.45/kg).
[2026-08-22T18:18:44.158235+00:00] ALERT for batch_id=83: Tomato batch #83: Medium risk (38.5/100). Recommended: Pune Market Yard (Gultekdi) (175.8 km, Rs 19.45/kg).
[2026-08-22T18:23:22.151865+00:00] ALERT for batch_id=87: Tomato batch #87: Medium risk (38.5/100). Recommended: Pune Market Yard (Gultekdi) (175.8 km, Rs 19.45/kg).
[2026-08-22T18:23:24.766097+00:00] ALERT for batch_id=84: Tomato batch #84: Medium risk (38.5/100). Recommended: Pune Market Yard (Gultekdi) (175.8 km, Rs 19.45/kg).
[2026-08-22T18:23:24.812609+00:00] ALERT for batch_id=85: Onion batch #85: Medium risk (64.7/100). Recommended: Nashik Cold Storage Hub (36.9 km, Rs 19.81/kg).
[2026-08-22T18:23:24.824921+00:00] ALERT for batch_id=86: Tomato batch #86: Medium risk (38.5/100). Recommended: Pune Market Yard (Gultekdi) (175.8 km, Rs 19.45/kg).
[2026-08-22T18:24:02.359805+00:00] ALERT for batch_id=87: Tomato batch #87: Medium risk (38.5/100). Recommended: Pune Market Yard (Gultekdi) (175.8 km, Rs 19.45/kg).
[2026-08-22T18:24:05.714571+00:00] ALERT for batch_id=86: Tomato batch #86: Medium risk (38.5/100). Recommended: Pune Market Yard (Gultekdi) (175.8 km, Rs 19.45/kg).
[2026-08-22T18:24:05.739486+00:00] ALERT for batch_id=85: Onion batch #85: Medium risk (64.7/100). Recommended: Nashik Cold Storage Hub (36.9 km, Rs 19.81/kg).
[2026-08-22T18:24:05.823798+00:00] ALERT for batch_id=84: Tomato batch #84: Medium risk (38.5/100). Recommended: Pune Market Yard (Gultekdi) (175.8 km, Rs 19.45/kg).
[2026-08-22T18:24:07.148834+00:00] ALERT for batch_id=83: Tomato batch #83: Medium risk (38.5/100). Recommended: Pune Market Yard (Gultekdi) (175.8 km, Rs 19.45/kg).
[2026-08-22T18:25:03.671065+00:00] ALERT for batch_id=88: Onion batch #88: Medium risk (64.7/100). Recommended: Nashik Cold Storage Hub (36.9 km, Rs 19.81/kg).
[2026-08-22T18:27:06.319808+00:00] ALERT for batch_id=88: Onion batch #88: Medium risk (64.7/100). Recommended: Nashik Cold Storage Hub (36.9 km, Rs 19.81/kg).
[2026-08-22T18:27:09.792317+00:00] ALERT for batch_id=87: Tomato batch #87: Medium risk (38.5/100). Recommended: Pune Market Yard (Gultekdi) (175.8 km, Rs 19.45/kg).
[2026-08-22T18:27:09.822688+00:00] ALERT for batch_id=86: Tomato batch #86: Medium risk (38.5/100). Recommended: Pune Market Yard (Gultekdi) (175.8 km, Rs 19.45/kg).
[2026-08-22T18:27:09.937034+00:00] ALERT for batch_id=85: Onion batch #85: Medium risk (64.7/100). Recommended: Nashik Cold Storage Hub (36.9 km, Rs 19.81/kg).
[2026-08-22T18:27:11.284315+00:00] ALERT for batch_id=84: Tomato batch #84: Medium risk (38.5/100). Recommended: Pune Market Yard (Gultekdi) (175.8 km, Rs 19.45/kg).
[2026-08-22T18:27:19.671167+00:00] ALERT for batch_id=88: Onion batch #88: Medium risk (64.7/100). Recommended: Nashik Cold Storage Hub (36.9 km, Rs 19.81/kg).
[2026-08-22T18:27:22.975583+00:00] ALERT for batch_id=87: Tomato batch #87: Medium risk (38.5/100). Recommended: Pune Market Yard (Gultekdi) (175.8 km, Rs 19.45/kg).
[2026-08-22T18:27:23.119975+00:00] ALERT for batch_id=86: Tomato batch #86: Medium risk (38.5/100). Recommended: Pune Market Yard (Gultekdi) (175.8 km, Rs 19.45/kg).
[2026-08-22T18:27:23.146343+00:00] ALERT for batch_id=85: Onion batch #85: Medium risk (64.7/100). Recommended: Nashik Cold Storage Hub (36.9 km, Rs 19.81/kg).
[2026-08-22T18:27:24.620389+00:00] ALERT for batch_id=84: Tomato batch #84: Medium risk (38.5/100). Recommended: Pune Market Yard (Gultekdi) (175.8 km, Rs 19.45/kg).
[2026-08-22T18:37:28.061919+00:00] ALERT for batch_id=88: Onion batch #88: Medium risk (64.7/100). Recommended: Nashik Cold Storage Hub (36.9 km, Rs 19.81/kg).
[2026-08-22T18:37:32.637591+00:00] ALERT for batch_id=85: Onion batch #85: Medium risk (64.7/100). Recommended: Nashik Cold Storage Hub (36.9 km, Rs 19.81/kg).
[2026-08-22T18:37:32.822196+00:00] ALERT for batch_id=86: Tomato batch #86: Medium risk (46.3/100). Recommended: Pune Market Yard (Gultekdi) (175.8 km, Rs 19.45/kg).
[2026-08-22T18:37:32.895800+00:00] ALERT for batch_id=87: Tomato batch #87: Medium risk (46.3/100). Recommended: Pune Market Yard (Gultekdi) (175.8 km, Rs 19.45/kg).
[2026-08-22T18:39:15.265172+00:00] ALERT for batch_id=88: Onion batch #88: Medium risk (64.7/100). Recommended: Nashik Cold Storage Hub (36.9 km, Rs 19.81/kg).
[2026-08-22T18:39:20.107985+00:00] ALERT for batch_id=87: Tomato batch #87: Medium risk (46.3/100). Recommended: Pune Market Yard (Gultekdi) (175.8 km, Rs 19.45/kg).
[2026-08-22T18:39:20.112774+00:00] ALERT for batch_id=86: Tomato batch #86: Medium risk (46.3/100). Recommended: Pune Market Yard (Gultekdi) (175.8 km, Rs 19.45/kg).
[2026-08-22T18:39:20.212816+00:00] ALERT for batch_id=85: Onion batch #85: Medium risk (64.7/100). Recommended: Nashik Cold Storage Hub (36.9 km, Rs 19.81/kg).
[2026-08-22T18:41:16.827196+00:00] ALERT for batch_id=88: Onion batch #88: Medium risk (64.7/100). Recommended: Nashik Cold Storage Hub (36.9 km, Rs 19.81/kg).
[2026-08-22T18:41:23.122290+00:00] ALERT for batch_id=85: Onion batch #85: Medium risk (64.7/100). Recommended: Nashik Cold Storage Hub (36.9 km, Rs 19.81/kg).
[2026-08-22T18:41:23.125385+00:00] ALERT for batch_id=87: Tomato batch #87: Medium risk (46.3/100). Recommended: Pune Market Yard (Gultekdi) (175.8 km, Rs 19.45/kg).
[2026-08-22T18:41:23.214378+00:00] ALERT for batch_id=86: Tomato batch #86: Medium risk (46.3/100). Recommended: Pune Market Yard (Gultekdi) (175.8 km, Rs 19.45/kg).
[2026-08-22T18:41:26.491256+00:00] ALERT for batch_id=84: Tomato batch #84: Medium risk (46.3/100). Recommended: Pune Market Yard (Gultekdi) (175.8 km, Rs 19.45/kg).
[2026-08-22T18:41:38.122416+00:00] ALERT for batch_id=88: Onion batch #88: Medium risk (64.7/100). Recommended: Nashik Cold Storage Hub (36.9 km, Rs 19.81/kg).
[2026-08-22T18:41:55.595747+00:00] ALERT for batch_id=88: Onion batch #88: Medium risk (64.7/100). Recommended: Nashik Cold Storage Hub (36.9 km, Rs 19.81/kg).
[2026-08-22T18:42:00.125255+00:00] ALERT for batch_id=88: Onion batch #88: Medium risk (64.7/100). Recommended: Nashik Cold Storage Hub (36.9 km, Rs 19.81/kg).
[2026-08-22T18:42:09.417304+00:00] ALERT for batch_id=89: Mango batch #89: High risk (68.1/100). Recommended: Nashik Cold Storage Hub (36.9 km, Rs 33.93/kg).
[2026-08-22T18:42:12.105469+00:00] ALERT for batch_id=88: Onion batch #88: Medium risk (64.7/100). Recommended: Nashik Cold Storage Hub (36.9 km, Rs 19.81/kg).
[2026-08-22T18:43:42.636246+00:00] ALERT for batch_id=89: Mango batch #89: High risk (68.1/100). Recommended: Nashik Cold Storage Hub (36.9 km, Rs 33.93/kg).
[2026-08-22T18:43:48.633772+00:00] ALERT for batch_id=88: Onion batch #88: Medium risk (64.7/100). Recommended: Nashik Cold Storage Hub (36.9 km, Rs 19.81/kg).
[2026-08-22T18:43:48.696641+00:00] ALERT for batch_id=87: Tomato batch #87: Medium risk (46.3/100). Recommended: Pune Market Yard (Gultekdi) (175.8 km, Rs 19.45/kg).
[2026-08-22T18:43:48.772674+00:00] ALERT for batch_id=86: Tomato batch #86: Medium risk (46.3/100). Recommended: Pune Market Yard (Gultekdi) (175.8 km, Rs 19.45/kg).
[2026-08-22T18:43:56.984730+00:00] ALERT for batch_id=85: Onion batch #85: Medium risk (64.7/100). Recommended: Nashik Cold Storage Hub (36.9 km, Rs 19.81/kg).
[2026-08-22T18:44:14.019920+00:00] ALERT for batch_id=89: Mango batch #89: High risk (68.1/100). Recommended: Nashik Cold Storage Hub (36.9 km, Rs 33.93/kg).
[2026-08-22T18:44:20.238711+00:00] ALERT for batch_id=87: Tomato batch #87: Medium risk (46.3/100). Recommended: Pune Market Yard (Gultekdi) (175.8 km, Rs 19.45/kg).
[2026-08-22T18:44:20.249448+00:00] ALERT for batch_id=88: Onion batch #88: Medium risk (64.7/100). Recommended: Nashik Cold Storage Hub (36.9 km, Rs 19.81/kg).
[2026-08-22T18:44:20.294611+00:00] ALERT for batch_id=86: Tomato batch #86: Medium risk (46.3/100). Recommended: Pune Market Yard (Gultekdi) (175.8 km, Rs 19.45/kg).
[2026-08-22T18:44:22.952027+00:00] ALERT for batch_id=85: Onion batch #85: Medium risk (64.7/100). Recommended: Nashik Cold Storage Hub (36.9 km, Rs 19.81/kg).
[2026-08-22T18:51:12.980227+00:00] ALERT for batch_id=90: Tomato batch #90: Medium risk (46.3/100). Recommended: Pune Market Yard (Gultekdi) (175.8 km, Rs 19.45/kg).
[2026-08-22T18:51:20.862915+00:00] ALERT for batch_id=90: Tomato batch #90: Medium risk (46.3/100). Recommended: Pune Market Yard (Gultekdi) (175.8 km, Rs 19.45/kg).
[2026-08-22T18:51:23.516815+00:00] ALERT for batch_id=89: Mango batch #89: High risk (68.1/100). Recommended: Nashik Cold Storage Hub (36.9 km, Rs 33.93/kg).
[2026-08-22T18:51:25.374890+00:00] ALERT for batch_id=88: Onion batch #88: Medium risk (64.7/100). Recommended: Nashik Cold Storage Hub (36.9 km, Rs 19.81/kg).
[2026-08-22T18:51:25.487321+00:00] ALERT for batch_id=87: Tomato batch #87: Medium risk (46.3/100). Recommended: Pune Market Yard (Gultekdi) (175.8 km, Rs 19.45/kg).
[2026-08-22T18:51:27.123746+00:00] ALERT for batch_id=86: Tomato batch #86: Medium risk (46.3/100). Recommended: Pune Market Yard (Gultekdi) (175.8 km, Rs 19.45/kg).
[2026-08-22T18:57:20.898109+00:00] ALERT for batch_id=91: Tomato batch #91: Medium risk (46.3/100). Recommended: Pune Market Yard (Gultekdi) (175.8 km, Rs 19.45/kg).
[2026-08-22T18:57:28.461075+00:00] ALERT for batch_id=91: Tomato batch #91: Medium risk (46.3/100). Recommended: Pune Market Yard (Gultekdi) (175.8 km, Rs 19.45/kg).
[2026-08-22T18:57:31.405623+00:00] ALERT for batch_id=89: Mango batch #89: High risk (68.1/100). Recommended: Nashik Cold Storage Hub (36.9 km, Rs 33.93/kg).
[2026-08-22T18:57:32.863064+00:00] ALERT for batch_id=90: Tomato batch #90: Medium risk (46.3/100). Recommended: Pune Market Yard (Gultekdi) (175.8 km, Rs 19.45/kg).
[2026-08-22T18:57:33.008892+00:00] ALERT for batch_id=88: Onion batch #88: Medium risk (64.7/100). Recommended: Nashik Cold Storage Hub (36.9 km, Rs 19.81/kg).
[2026-08-22T18:57:34.704860+00:00] ALERT for batch_id=87: Tomato batch #87: Medium risk (46.3/100). Recommended: Pune Market Yard (Gultekdi) (175.8 km, Rs 19.45/kg).
[2026-08-22T18:57:43.686586+00:00] ALERT for batch_id=91: Tomato batch #91: Medium risk (46.3/100). Recommended: Pune Market Yard (Gultekdi) (175.8 km, Rs 19.45/kg).
[2026-08-22T18:57:46.647944+00:00] ALERT for batch_id=89: Mango batch #89: High risk (68.1/100). Recommended: Nashik Cold Storage Hub (36.9 km, Rs 33.93/kg).
[2026-08-22T18:57:47.860428+00:00] ALERT for batch_id=88: Onion batch #88: Medium risk (64.7/100). Recommended: Nashik Cold Storage Hub (36.9 km, Rs 19.81/kg).
[2026-08-22T18:57:47.966649+00:00] ALERT for batch_id=90: Tomato batch #90: Medium risk (46.3/100). Recommended: Pune Market Yard (Gultekdi) (175.8 km, Rs 19.45/kg).
[2026-08-22T18:57:49.415428+00:00] ALERT for batch_id=87: Tomato batch #87: Medium risk (46.3/100). Recommended: Pune Market Yard (Gultekdi) (175.8 km, Rs 19.45/kg).
[2026-08-22T18:59:16.262308+00:00] ALERT for batch_id=91: Tomato batch #91: Medium risk (46.3/100). Recommended: Pune Market Yard (Gultekdi) (175.8 km, Rs 19.45/kg).
[2026-08-22T18:59:32.207392+00:00] ALERT for batch_id=92: Tomato batch #92: Medium risk (61.8/100). Recommended: Nashik Cold Storage Hub (36.9 km, Rs 15.32/kg).
[2026-08-22T19:00:03.795122+00:00] ALERT for batch_id=92: Tomato batch #92: Medium risk (61.8/100). Recommended: Nashik Cold Storage Hub (36.9 km, Rs 15.32/kg).
[2026-08-22T19:00:07.711170+00:00] ALERT for batch_id=89: Mango batch #89: High risk (68.1/100). Recommended: Nashik Cold Storage Hub (36.9 km, Rs 33.93/kg).
[2026-08-22T19:00:09.482798+00:00] ALERT for batch_id=91: Tomato batch #91: Medium risk (46.3/100). Recommended: Pune Market Yard (Gultekdi) (175.8 km, Rs 19.45/kg).
[2026-08-22T19:00:09.635843+00:00] ALERT for batch_id=90: Tomato batch #90: Medium risk (46.3/100). Recommended: Pune Market Yard (Gultekdi) (175.8 km, Rs 19.45/kg).
[2026-08-22T19:00:12.008120+00:00] ALERT for batch_id=88: Onion batch #88: Medium risk (64.7/100). Recommended: Nashik Cold Storage Hub (36.9 km, Rs 19.81/kg).
[2026-08-22T19:18:47.023725+00:00] ALERT for batch_id=92: Tomato batch #92: Medium risk (61.8/100). Recommended: Nashik Cold Storage Hub (36.9 km, Rs 15.32/kg).
[2026-08-22T19:19:27.683789+00:00] ALERT for batch_id=93: Tomato batch #93: Medium risk (46.3/100). Recommended: Pune Market Yard (Gultekdi) (175.8 km, Rs 19.45/kg).
[2026-08-22T19:19:35.021847+00:00] ALERT for batch_id=93: Tomato batch #93: Medium risk (46.3/100). Recommended: Pune Market Yard (Gultekdi) (175.8 km, Rs 19.45/kg).
[2026-08-22T19:19:37.255594+00:00] ALERT for batch_id=89: Mango batch #89: High risk (68.1/100). Recommended: Nashik Cold Storage Hub (36.9 km, Rs 33.93/kg).
[2026-08-22T19:19:46.050349+00:00] ALERT for batch_id=93: Tomato batch #93: Medium risk (46.3/100). Recommended: Pune Market Yard (Gultekdi) (175.8 km, Rs 19.45/kg).
[2026-08-22T19:19:48.134883+00:00] ALERT for batch_id=89: Mango batch #89: High risk (68.1/100). Recommended: Nashik Cold Storage Hub (36.9 km, Rs 33.93/kg).
[2026-08-22T19:21:35.657673+00:00] ALERT for batch_id=93: Tomato batch #93: Medium risk (46.3/100). Recommended: Pune Market Yard (Gultekdi) (175.8 km, Rs 19.45/kg).
[2026-08-22T19:21:37.727741+00:00] ALERT for batch_id=89: Mango batch #89: High risk (68.1/100). Recommended: Nashik Cold Storage Hub (36.9 km, Rs 33.93/kg).
[2026-08-22T19:22:52.890498+00:00] ALERT for batch_id=93: Tomato batch #93: Medium risk (46.3/100). Recommended: Pune Market Yard (Gultekdi) (175.8 km, Rs 19.45/kg).
[2026-08-22T19:22:57.804658+00:00] ALERT for batch_id=93: Tomato batch #93: Medium risk (46.3/100). Recommended: Pune Market Yard (Gultekdi) (175.8 km, Rs 19.45/kg).
[2026-08-22T19:22:59.272117+00:00] ALERT for batch_id=94: Tomato batch #94: Medium risk (46.3/100). Recommended: Pune Market Yard (Gultekdi) (175.8 km, Rs 19.45/kg).
[2026-08-22T19:30:00.353258+00:00] ALERT for batch_id=95: Tomato batch #95: Medium risk (46.3/100). Recommended: Pune Market Yard (Gultekdi) (175.8 km, Rs 19.45/kg).
[2026-08-22T19:30:09.574351+00:00] ALERT for batch_id=95: Tomato batch #95: Medium risk (46.3/100). Recommended: Pune Market Yard (Gultekdi) (175.8 km, Rs 19.45/kg).
[2026-08-22T19:30:12.696900+00:00] ALERT for batch_id=94: Tomato batch #94: Medium risk (46.3/100). Recommended: Pune Market Yard (Gultekdi) (175.8 km, Rs 19.45/kg).
[2026-08-22T19:31:05.165637+00:00] ALERT for batch_id=96: Tomato batch #96: Medium risk (46.3/100). Recommended: Pune Market Yard (Gultekdi) (175.8 km, Rs 19.45/kg).
[2026-08-22T19:40:01.598513+00:00] ALERT for batch_id=97: Tomato batch #97: Medium risk (46.3/100). Recommended: Pune Market Yard (Gultekdi) (175.8 km, Rs 19.45/kg).
[2026-08-22T19:40:05.938059+00:00] ALERT for batch_id=97: Tomato batch #97: Medium risk (46.3/100). Recommended: Pune Market Yard (Gultekdi) (175.8 km, Rs 19.45/kg).
[2026-08-22T19:42:58.368385+00:00] ALERT for batch_id=98: Tomato batch #98: Medium risk (46.3/100). Recommended: Pune Market Yard (Gultekdi) (175.8 km, Rs 19.45/kg).
[2026-08-22T19:43:06.281927+00:00] ALERT for batch_id=98: Tomato batch #98: Medium risk (46.3/100). Recommended: Pune Market Yard (Gultekdi) (175.8 km, Rs 19.45/kg).
[2026-08-22T19:44:49.436915+00:00] ALERT for batch_id=99: Tomato batch #99: Medium risk (46.3/100). Recommended: Pune Market Yard (Gultekdi) (175.8 km, Rs 19.45/kg).
[2026-08-22T19:44:58.135524+00:00] ALERT for batch_id=99: Tomato batch #99: Medium risk (46.3/100). Recommended: Pune Market Yard (Gultekdi) (175.8 km, Rs 19.45/kg).
[2026-08-22T19:46:36.399870+00:00] ALERT for batch_id=100: Tomato batch #100: Medium risk (46.3/100). Recommended: Pune Market Yard (Gultekdi) (175.8 km, Rs 19.45/kg).
[2026-08-22T19:59:17.089404+00:00] ALERT for batch_id=101: Tomato batch #101: Medium risk (46.3/100). Recommended: Pune Market Yard (Gultekdi) (175.8 km, Rs 19.45/kg).
[2026-08-22T20:00:17.192101+00:00] ALERT for batch_id=102: Potato batch #102: Medium risk (43.6/100). Recommended: Nashik Cold Storage Hub (36.9 km, Rs 13.79/kg).
[2026-08-22T20:07:18.172021+00:00] ALERT for batch_id=104: Potato batch #104: Low risk (23.7/100). Recommended: Nashik APMC Mandi (34.7 km, Rs 14.51/kg).
[2026-08-22T20:08:37.082170+00:00] ALERT for batch_id=105: Potato batch #105: Low risk (23.7/100). Recommended: Nashik APMC Mandi (34.7 km, Rs 14.51/kg).
[2026-08-22T20:08:57.703277+00:00] ALERT for batch_id=106: Potato batch #106: Low risk (33.1/100). Recommended: Nashik APMC Mandi (34.7 km, Rs 14.51/kg).
[2026-08-22T20:09:21.427200+00:00] ALERT for batch_id=107: Potato batch #107: Medium risk (41.4/100). Recommended: Nashik Cold Storage Hub (36.9 km, Rs 13.79/kg).
[2026-08-22T20:09:39.373595+00:00] ALERT for batch_id=108: Potato batch #108: Medium risk (44.2/100). Recommended: Nashik Cold Storage Hub (36.9 km, Rs 13.79/kg).
[2026-08-22T20:09:54.845338+00:00] ALERT for batch_id=109: Potato batch #109: Medium risk (44.2/100). Recommended: Nashik Cold Storage Hub (36.9 km, Rs 13.79/kg).
[2026-08-22T20:10:11.278238+00:00] ALERT for batch_id=110: Potato batch #110: Medium risk (45.6/100). Recommended: Nashik Cold Storage Hub (36.9 km, Rs 13.79/kg).
[2026-08-22T20:18:02.573445+00:00] ALERT for batch_id=110: Potato batch #110: High risk (50.7/100). Recommended: Nashik Cold Storage Hub (36.9 km, Rs 13.79/kg).
[2026-08-22T20:18:15.082470+00:00] ALERT for batch_id=110: Potato batch #110: High risk (50.7/100). Recommended: Nashik Cold Storage Hub (36.9 km, Rs 13.79/kg).
[2026-08-22T20:18:18.779967+00:00] ALERT for batch_id=108: Potato batch #108: Medium risk (49.0/100). Recommended: Nashik Cold Storage Hub (36.9 km, Rs 13.79/kg).
[2026-08-22T20:18:18.862536+00:00] ALERT for batch_id=109: Potato batch #109: Medium risk (49.0/100). Recommended: Nashik Cold Storage Hub (36.9 km, Rs 13.79/kg).
[2026-08-22T20:18:18.905088+00:00] ALERT for batch_id=107: Potato batch #107: Medium risk (45.5/100). Recommended: Nashik Cold Storage Hub (36.9 km, Rs 13.79/kg).
[2026-08-22T20:19:42.051671+00:00] ALERT for batch_id=111: Tomato batch #111: High risk (69.6/100). Recommended: Nashik Cold Storage Hub (36.9 km, Rs 15.32/kg).
[2026-08-22T20:20:17.717882+00:00] ALERT for batch_id=112: Tomato batch #112: High risk (53.3/100). Recommended: Pune Market Yard (Gultekdi) (175.8 km, Rs 19.45/kg).
[2026-08-22T20:20:34.517385+00:00] ALERT for batch_id=113: Tomato batch #113: Low risk (30.1/100). Recommended: Pune Market Yard (Gultekdi) (175.8 km, Rs 19.45/kg).
[2026-08-22T20:21:10.908110+00:00] ALERT for batch_id=113: Tomato batch #113: Low risk (30.1/100). Recommended: Pune Market Yard (Gultekdi) (175.8 km, Rs 19.45/kg).
[2026-08-22T20:21:14.074784+00:00] ALERT for batch_id=112: Tomato batch #112: High risk (53.3/100). Recommended: Pune Market Yard (Gultekdi) (175.8 km, Rs 19.45/kg).
[2026-08-22T20:21:14.306556+00:00] ALERT for batch_id=110: Potato batch #110: High risk (50.7/100). Recommended: Nashik Cold Storage Hub (36.9 km, Rs 13.79/kg).
[2026-08-22T20:21:14.318552+00:00] ALERT for batch_id=111: Tomato batch #111: High risk (69.6/100). Recommended: Nashik Cold Storage Hub (36.9 km, Rs 15.32/kg).
[2026-08-22T20:21:17.218701+00:00] ALERT for batch_id=109: Potato batch #109: Medium risk (49.0/100). Recommended: Nashik Cold Storage Hub (36.9 km, Rs 13.79/kg).
[2026-08-22T20:39:34.430834+00:00] ALERT for batch_id=113: Tomato batch #113: Low risk (30.1/100). Recommended: Pune Market Yard (Gultekdi) (175.8 km, Rs 19.45/kg).
[2026-08-22T20:39:37.667279+00:00] ALERT for batch_id=111: Tomato batch #111: High risk (69.6/100). Recommended: Nashik Cold Storage Hub (36.9 km, Rs 15.32/kg).
[2026-08-22T20:39:37.761139+00:00] ALERT for batch_id=112: Tomato batch #112: High risk (53.3/100). Recommended: Pune Market Yard (Gultekdi) (175.8 km, Rs 19.45/kg).
[2026-08-22T20:39:37.826556+00:00] ALERT for batch_id=110: Potato batch #110: High risk (50.7/100). Recommended: Nashik Cold Storage Hub (36.9 km, Rs 13.79/kg).
[2026-08-22T20:39:40.778263+00:00] ALERT for batch_id=109: Potato batch #109: Medium risk (49.0/100). Recommended: Nashik Cold Storage Hub (36.9 km, Rs 13.79/kg).
[2026-08-22T20:39:48.030909+00:00] ALERT for batch_id=113: Tomato batch #113: Low risk (30.1/100). Recommended: Pune Market Yard (Gultekdi) (175.8 km, Rs 19.45/kg).
[2026-08-22T20:39:51.207485+00:00] ALERT for batch_id=111: Tomato batch #111: High risk (69.6/100). Recommended: Nashik Cold Storage Hub (36.9 km, Rs 15.32/kg).
[2026-08-22T20:39:51.419534+00:00] ALERT for batch_id=112: Tomato batch #112: High risk (53.3/100). Recommended: Pune Market Yard (Gultekdi) (175.8 km, Rs 19.45/kg).
[2026-08-22T20:39:51.423778+00:00] ALERT for batch_id=110: Potato batch #110: High risk (50.7/100). Recommended: Nashik Cold Storage Hub (36.9 km, Rs 13.79/kg).
[2026-08-22T20:39:54.134895+00:00] ALERT for batch_id=109: Potato batch #109: Medium risk (49.0/100). Recommended: Nashik Cold Storage Hub (36.9 km, Rs 13.79/kg).
